:020000040800F2
:100000000040022055910108E5910108397301086B
:1000100000000000000000000000000000000000E0
:1000200000000000000000000000000077D9010877
:10003000000000000000000081DA010825730108BB
:10004000E5910108E5910108E5910108E5910108B4
:10005000E5910108E5910108E5910108E5910108A4
:10006000E591010899770108B97701080D78010831
:10007000E5910108E5910108E5910108E591010884
:10008000E5910108E5910108E5910108E591010874
:10009000E5910108E5910108E5910108E591010864
:1000A000E5910108E5910108E5910108ED7301086A
:0C00B0009974010845750108E5910108EC
:1000C00010B5064C2378002B07D1054B002B02D02E
:1000D000044800E000BF0123237010BDC8090020C0
:1000E0000000000008D80208044B10B5002B03D014
:1000F0000349044800E000BF10BDC04600000000F6
:10010000CC09002008D8020802780B78002A03D016
:10011000013001319A42F7D0D01A70470023C25CF7
:100120000133002AFBD1581E7047000002B471460B
:1001300049084900095C49008E4402BC7047C0462A
:1001400003B47146490840004900095A49008E44E9
:1001500003BC7047002243088B4274D303098B42CF
:100160005FD3030A8B4244D3030B8B4228D3030C87
:100170008B420DD3FF22090212BA030C8B4202D329
:100180001212090265D0030B8B4219D300E0090A51
:10019000C30B8B4201D3CB03C01A5241830B8B425A
:1001A00001D38B03C01A5241430B8B4201D34B0343
:1001B000C01A5241030B8B4201D30B03C01A5241A8
:1001C000C30A8B4201D3CB02C01A5241830A8B422D
:1001D00001D38B02C01A5241430A8B4201D34B0216
:1001E000C01A5241030A8B4201D30B02C01A52417A
:1001F000CDD2C3098B4201D3CB01C01A524183092E
:100200008B4201D38B01C01A524143098B4201D367
:100210004B01C01A524103098B4201D30B01C01A92
:100220005241C3088B4201D3CB00C01A524183080C
:100230008B4201D38B00C01A524143088B4201D339
:100240004B00C01A5241411A00D201465241104699
:100250007047FFE701B5002000F0F0F802BDC0468E
:100260000029F7D076E7704703460B437FD400227E
:1002700043088B4274D303098B425FD3030A8B423A
:1002800044D3030B8B4228D3030C8B420DD3FF22A4
:10029000090212BA030C8B4202D31212090265D072
:1002A000030B8B4219D300E0090AC30B8B4201D325
:1002B000CB03C01A5241830B8B4201D38B03C01A6C
:1002C0005241430B8B4201D34B03C01A5241030BE3
:1002D0008B4201D30B03C01A5241C30A8B4201D394
:1002E000CB02C01A5241830A8B4201D38B02C01A3F
:1002F0005241430A8B4201D34B02C01A5241030AB6
:100300008B4201D30B02C01A5241CDD2C3098B429A
:1003100001D3CB01C01A524183098B4201D38B0117
:10032000C01A524143098B4201D34B01C01A5241BA
:1003300003098B4201D30B01C01A5241C3088B42FF
:1003400001D3CB00C01A524183088B4201D38B00EA
:10035000C01A524143088B4201D34B00C01A52418C
:10036000411A00D201465241104670475DE0CA0F63
:1003700000D04942031000D34042534000229C4623
:1003800003098B422DD3030A8B4212D3FC2289012D
:1003900012BA030A8B420CD3890192118B4208D303
:1003A000890192118B4204D389013AD0921100E065
:1003B0008909C3098B4201D3CB01C01A5241830979
:1003C0008B4201D38B01C01A524143098B4201D3A6
:1003D0004B01C01A524103098B4201D30B01C01AD1
:1003E0005241C3088B4201D3CB00C01A524183084B
:1003F0008B4201D38B00C01A5241D9D243088B42A1
:1004000001D34B00C01A5241411A00D20146634643
:1004100052415B10104601D34042002B00D54942A7
:10042000704763465B1000D3404201B5002000F0E6
:1004300005F802BD0029F8D016E770477047C0469E
:100440008446100062468C461900634600E0C046B0
:100450001FB501F0B9FE002801D40021C8421FBD1C
:1004600010B501F0F9FD4042013010BD10B501F0AA
:10047000ABFE002801DB002010BD012010BDC046EE
:1004800010B501F0A1FE002801DD002010BD012003
:1004900010BDC04610B501F023FE002801DC00208D
:1004A00010BD012010BDC04610B501F019FE002896
:1004B00001DA002010BD012010BDC04684460800AE
:1004C0006146FFE71FB500F06BFB002801D4002157
:1004D000C8421FBD10B500F0EBFA4042013010BD1C
:1004E00010B500F05DFB002801DB002010BD0120ED
:1004F00010BDC04610B500F053FB002801DD002000
:1005000010BD012010BDC04610B500F0F9FA00285A
:1005100001DC002010BD012010BDC04610B500F068
:10052000EFFA002801DA002010BD012010BDC046FE
:10053000002B11D1002A0FD1002900D1002802D0B0
:100540000021C943080007B4024802A140180290E4
:1005500003BDC046E9FEFFFF03B4684601B502983B
:1005600000F0BAF8019B9E4602B00CBC7047C04632
:10057000F0B5CE469946030C9C46130447461B0C27
:100580001D000E0061460404240C80B50700100C09
:100590004B436543414360432C0CC01824188C46E0
:1005A000A34203D980235B029846C4444946794359
:1005B0005643230C2D042D0C89196344240460191F
:1005C000C918C0BCB946B046F0BDC0469E2110B5A2
:1005D000C905041CFFF7A2FF002803D1201C00F06E
:1005E0000FFE10BD9E21201CC90500F065FC00F027
:1005F00007FE80231B069C466044F2E770B500228C
:100600000C4B04000D00FFF74FFF002804D1200021
:10061000290002F0D1FC70BD064B00222000290009
:1006200002F00CF902F0C8FC80231B069C466044D3
:10063000F1E7C0460000E04170B50022002304004D
:100640000D00FFF713FF002808D12000290000F05B
:100650000FF802000B001000190070BD80231B066C
:10066000E918200000F004F8002342428B41F2E731
:1006700070B500220B4B0D00040001F017FEFFF7D0
:10068000BDFF060002F002FD0022074B01F00EFE46
:1006900002000B002000290002F0D0F8FFF7AEFFA7
:1006A000310070BD0000F03D0000F04170B5060063
:1006B000080002F0BDFC0022064B01F0F7FD0D0022
:1006C0000400300002F0E2FC2B00220000F046FEA5
:1006D00070BDC0460000F041F0B557464E46454655
:1006E000DE46E0B504000D009246994683B08B4289
:1006F00030D82DD04946504602F0D6FD29000600DC
:10070000200002F0D1FD331A9846203B34D49B469A
:1007100053465A46934042461F00534693401E009C
:10072000AF423BD8AF4200D179E05B46A41BBD414C
:10073000002B00DA76E000220023009201930123CF
:100740005A4693400193012342469340009329E087
:100750008242CFD900220023009201930C9B002BF0
:1007600001D01C605D600098019903B0F0BCBB46ED
:10077000B246A946A046F0BD42469B4620239B1A9E
:100780005246DA40414613004A468A401700424624
:100790001F43534693401E00AF42C3D9002200239B
:1007A000009201934346002BD8D0FB0772081A43EE
:1007B00046467B080EE0AB4201D1A2420CD8A41AF7
:1007C0009D41012024196D410021013E24184D4115
:1007D000002E06D0AB42EED9013E24196D41002E09
:1007E000F8D1009801995B4600196941002B24DB80
:1007F0002B005A464446D3402A00E2401C005B4688
:100800001500002B2ADB26009E40330026004746B9
:10081000BE403200801A9941009001919EE7A342A8
:10082000BCD882E74246202300219B1A0022009177
:1008300001920122DA40019285E7424620239B1A69
:100840002A0046469A402300F340444613432A00B8
:10085000E2401C005B461500002BD4DA42462F0014
:100860002023260097409B1ADE403B003343CDE710
:10087000F0B54F464646D6464402C0B547000E1C6A
:10088000640A3F0EC50F002F3CD0FF2F42D000233B
:10089000802299469A46E400D20414437F3F7302B3
:1008A0005B0A984673001B0EF60F002B1BD0FF2B24
:1008B00013D042468021D200C9041143884600204B
:1008C0007F3B2900FF1A4B467140C9B20F2B00D95C
:1008D000B5E0744A9B00D3589F464346002B3FD156
:1008E000FF3F023303E04346002B2DD101232900B3
:1008F0004A467140C9B21A430E2A38D86A48920053
:1009000082589746002C13D104239946033B0027B5
:100910009A46C4E7002C05D108239946063BFF27D9
:100920009A46BCE70C239946093BFF279A46B6E74F
:10093000200002F09BFC7627431F9C4000237F424F
:1009400099469A463F1AAAE7404602F08FFC424673
:10095000431F9A4076235B421B1A90460020B0E763
:1009600003234A461A4391460320FC33A9E70D00AE
:10097000FF200022C005ED0710432843E0BCBA4623
:10098000B146A846F0BD0D0000200022F2E7534614
:10099000022BEDD0032B33D0A046012B05D1002034
:1009A0000022E7E7350003287AD03B007F33002B95
:1009B0002DDD4246520707D00F2241460A40042A45
:1009C00002D004229446E0444246120105D5424634
:1009D000364B1A403B0090468033FE2BC8DC424623
:1009E0009201520AD8B2C5E780220025FF20D20327
:1009F000C0E78022D203144202D04346134249D0BA
:100A00008022D20322435202FF20520AB2E701227F
:100A1000D31A1B2BC3DC4246DA4043469E37BB4009
:100A2000591E8B411A43530704D00F231340042B44
:100A300000D00432530129D5012000229AE7424612
:100A400063015501AB4215D21B200022013F012654
:100A50001C0052005B00002C01DB9D4201D85B1B97
:100A6000324301380028F3D1581E8341134398467E
:100A70000D009AE71A2001225B1BE8E7023B5A426D
:100A800053415B4235000022D8B273E79201002047
:100A9000520A6FE71A4352023500FF20520A69E7F3
:100AA0004446ADE7201A0308601A0308FFFFFFF76A
:100AB00070B542004E024C0045026D0A120EC30F83
:100AC000760A240EC90FFF2A10D0FF2C0CD001206B
:100AD000A2420AD1B54208D18B420FD0002A04D1DC
:100AE0002800431E984100E0012070BD0120FF2C2A
:100AF000FBD13543F9D14B401800F6E70020F4E76D
:100B000030B5420044024D02C30F4800640A120E81
:100B10006D0A000EC90FFF2A19D0FF280BD0002A3A
:100B20001ED100280BD1002D27D0002C34D1002954
:100B30002FD0080030BD002D28D1002A01D1002C73
:100B4000F5D08B4207D1002B23D01800F2E7002C00
:100B50001CD1FF2814D0581E022318400138E9E7A1
:100B60000028F8D08B42F6D18242F4DCEBDBAC42B9
:100B7000F1D80020AC42DDD2E5E7002CDAD0EAE77C
:100B8000002D03D18B42E6D10020D3E70220404262
:100B9000D0E701204042CDE78B42E8D0DBE7C046FA
:100BA00030B5420044024D02C30F4800640A120EE1
:100BB0006D0A000EC90FFF2A1AD0FF280ED0002A96
:100BC0001ED100280ED1002D2AD0002C0CD08B4233
:100BD0001DD0581E02231840013810E0002D0DD101
:100BE000002A20D1002C1ED1002923D0080006E0C5
:100BF000002C03D1FF28ECD1002D17D0022030BDEE
:100C00000028E6D08B42E4D18242E2DC04DBAC4235
:100C1000DFD80020AC42F2D2002B0BD01800EEE758
:100C2000002CECD0D5E78B42D3D1F5E700208B42E6
:100C3000E5D0CEE701204042E1E7C046F0B54F469F
:100C40004646D64643025B0A4500C0B599460F1C8E
:100C50002D0EC60F002D00D188E0FF2D00D18DE0B4
:100C60008022DB00D2041A430023914698469A461C
:100C70007F3D7C027B00640A1B0EFF0F002B68D0B7
:100C8000FF2B21D08022E400D204144342467F3B54
:100C90005B1900215D1C0A2A2EDC7E404246022A96
:100CA00023DC013A012A00D9BDE002296ED00129D6
:100CB0002CD100200022C005F60710433043E0BCD1
:100CC000BA46B146A846F0BD2B00FF33002C65D0D4
:100CD0000322414611433200013588467A40FF35F0
:100CE0000A2900DDD8E01600032140460122824097
:100CF000A620C000024220D05346022B46D0032B30
:100D000000D1BBE051464C460129D2D02B007F33A5
:100D1000002B70DD620704D00F222240042A00D08D
:100D20000434220103D5634B1C402B008033FE2B7F
:100D30002CDCA201520AD8B2BDE79020800002420A
:100D400027D1B938FF3810426DD03E00A1468A46FF
:100D5000D2E7002C41D1012342461A4390462B0092
:100D6000424601215D1C0A2A97DDC5E7002B26D1EA
:100D700004239846033B00259A467AE7002B18D1B6
:100D800008239846063BFF259A4672E7FF2000227B
:100D900091E780220026FF20D2038CE74146022201
:100DA000013511438846FF350A29A5DC02217E4022
:100DB00074E70C239846093BFF259A4659E718002B
:100DC00002F054FA4A46431F76259A4000236D42AA
:100DD000914698469A462D1A4BE7200002F046FAB3
:100DE0004246431F9C402B1A763B00215D1C0A2A79
:100DF00000DC52E780E70122D31A1B2B00DD58E705
:100E00009E352200AC40DA40631E9C4122435307CA
:100E100004D00F231340042B00D00432530137D5E4
:100E20000120002247E7210C4A462404240C270015
:100E3000100C1204120C44435743484351433A0CDC
:100E400009195218944203D9802149028C46604402
:100E50003F0411043F0CC9198C01671EBC41120CE0
:100E6000890E12180C439201144312010ED501236E
:100E700062081C40144349E73E00A14680224B46CD
:100E8000D2031A435202FF20520A14E71D003DE725
:100E900092010020520A0EE70F29EDD180224B4625
:100EA000D2031342EAD01442E8D13E00FF2022438D
:100EB00001E7C046FFFFFFF7F8B54746CE464E02B2
:100EC00043024500720AC40F480080B594465F0A89
:100ED0002D0E9B09000EC90FB609FF2824D0012250
:100EE00051402A1A8C420FD0002A00DC6AE1002807
:100EF00035D1002E00D1A2E0511E012A00D124E1FB
:100F0000FF2A21D00A002FE0002A00DC67E1002838
:100F10005ED0FF2D18D08021C9040E431B2A00DCAF
:100F200076E02A00013332E02A00FF3A9146002E93
:100F300042D08C4255D04A46002A00D19CE0002D78
:100F400000D177E00C003300DB08002B00D16EE00D
:100F50008022D20313435B02FF205B0A24E0FF2DB3
:100F6000F2D08021C9040E4301211B2A08DC310084
:100F70002020D140821A96403200501E82411143F7
:100F80005B1A5A0160D407212A00194057D00F215B
:100F90001940042900D00433590150D5501CFE2AB1
:100FA00045D09B01C0B25B0AC0051843E40720434B
:100FB000C0BCB946B046F8BD012251408C42BAD1FE
:100FC0004A46002A10D0002D00D198E00023BBE74C
:100FD000002E34D0511E012A6ED0FF2AB4D00A0050
:100FE0009CE7002A00D088E0FE206A1C104200D056
:100FF00092E0002D00D0A4E0002B00D1CBE0002E29
:1010000000D0CAE00022DB085B025B0AD0B2CBE76B
:1010100031002020D140821A96403200501E824179
:101020000A439B185A01AED56A1CFE2D4AD1FF20F7
:101030000023B9E7FF22002B4BD10C003300DB0863
:10104000FF2A00D181E7DFE79F01BF09380002F0E6
:101050000DF905388740854221DC3B002021421BE9
:101060000132D3408A1A97407A1E974100223B43AF
:10107000590700D08BE78FE7FE206A1C104212D17F
:10108000002D52D1002B7CD0002EBBD09A1B5001DA
:1010900000D48BE001240022F31A0C40E8E7564B01
:1010A0002A1A3B40E4E79F1B7A0146D4002FCDD19A
:1010B00000240020002377E79B1901250132590104
:1010C00000D460E701214D4819405B0803400B4301
:1010D000CEE7571E012A5AD00C00FF2A33D0012236
:1010E0001B2F07DC2021C91B1A008B40FA40591E18
:1010F0008B411A430500B31A43E7002D23D1FF2289
:10110000002B9BD0511E012AD6D0FF2A1BD01B29B1
:101110002CDD0200731C3AE7FF2A88D09B195B087C
:10112000590700D033E7DB086EE7002B10D1002E03
:1011300043D0012433000C4006E70124F71A0C4089
:1011400084E7002B04D13300FEE601259B1B18E742
:10115000002E00D1F8E68022D203974204D39445B2
:1011600002D2012433000C40DB08F1E61A002025EE
:10117000CA40691A8B40591E8B41134305009B19C5
:1011800050E7002E94D0012433000C403AE70C00C5
:101190000125F31AF5E6330034E79B1900225901C3
:1011A000C1D5154A1340DB0801222DE7002A00D1E2
:1011B0007EE713000022DB0826E780230024FF20BF
:1011C000DB03F1E6002A00D156E7471B3A00002D69
:1011D00000D130E78022D2040C0013437FE7002ABD
:1011E00000D101E7411B002D01D10A0088E78022D0
:1011F000D20413438BE7C046FFFFFFFBFFFFFF7DD9
:1012000041024200C30F490A0020120E7E2A03DD6C
:101210009D2A02DD094A9818704780200004014386
:10122000952A07DC9620821AD1404842002BF3D140
:101230000800F1E7963A9140F7E7C046FFFFFF7FCD
:1012400070B5002813D0C317C5185D40C40F28001F
:1012500002F00CF89E2301001B1A962B0FDC0828C5
:1012600034D008398D406D026D0AD8B202E00024F6
:1012700000200025C0052843E407204370BD992BBA
:1012800016DC421F052800D095402A001148024074
:101290006E0709D00F263540042D05D004325501C4
:1012A00002D59F2302405B1A9201550AD8B2E1E7AA
:1012B0000522121A2800D040020008001B30854089
:1012C0002800451EA84102431500DEE76D02962066
:1012D0006D0ACFE7FFFFFFFB70B5041E0ED001F0D3
:1012E000C5FF9E2301001B1A962B0CDC08282FD06B
:1012F00008398C406402640AD8B201E0002000245E
:10130000C005204370BD992B16DC421F052800D074
:101310009440220010480240650709D00F252C4058
:10132000042C05D00432540102D59F2302405B1ADD
:101330009201540AD8B2E3E7020020001B32904029
:101340000200501E82410520401AC4401443E0E7C9
:1013500064029620640AD3E7FFFFFFFBF0B557460F
:101360004E464546DE46E0B583B0009001910C0341
:101370004F00CE0F610A009C1D03640F0C430099BF
:1013800000920193C80059004B0D9946009A019BA9
:101390006D0AD90F530F2B439A46009B7F0DDA003D
:1013A00094464A46B046BA1A8E4200D1B0E0002AAE
:1013B00000DC78E04946002900D1E9E0C9498F42C4
:1013C00000D195E10125382A16DC80215346090415
:1013D0000B439A461F2A00DDE7E1202155468B1A70
:1013E00061469D40D1400D43614699404B1E994155
:1013F0005346D3400D43E41A451BA8428041404266
:10140000241A230200D40FE16402640A002C00D1E4
:1014100039E1200001F02AFF0300083B20212800C9
:10142000CA1AD0409C4002009D4022439F4200DDEA
:1014300073E1D81B0130091A2C008D40C4406B1E8B
:101440009D411300C2408B402543002714001D43DB
:101450006B0709D00F232B40042B05D02B1DAB426B
:10146000AD416D4264191D00230200D42DE19D4A57
:101470000137974200D1D3E046469B49ED08214011
:101480004A072A437C054D022D0B640D24052C438D
:10149000F60734431000210003B0F0BCBB46B2464F
:1014A000A946A046F0BD002A00D184E04A46D21BDE
:1014B000002F00D06DE12500054300D127E1561E25
:1014C000012A00D13BE2874DAA4200D16AE2012500
:1014D000382E12DC32001F2A00DDF8E1202625001C
:1014E000B61A07005346B040D440B540D740461E18
:1014F000B0411B1B9A463D4305436246551BAC4514
:101500009241534652420E004F4688469C1A78E755
:10151000002A00DC8EE04946002975D16146534619
:10152000194300D1F6E0511E012A00D191E16D4D21
:10153000AA4200D1DCE00125382914DC0A001F2A68
:1015400000DDA2E120215346891A8B401D0063462D
:10155000D3401D4363468B4019004B1E99415346AF
:10156000D3400D43E4182D18854280414042241891
:10157000230259D55B4B01379F4251D001215A4B71
:101580006A081C4029400A43E507154364085FE7E1
:1015900061465346194300D1BCE0511E012A00D1D7
:1015A00064E1504DAA4200D16AE10125382900DDED
:1015B00022E70A000EE74D4A7D1C154200D0D0E01C
:1015C00025006246534605431A43002F00D037E1F9
:1015D000002D00D1A8E1002A00D16AE16346C51AB6
:1015E0005346E21AA8429B415B42D31A1A0200D426
:1015F00003E263461D1AAC459241534652421C1BFE
:101600000E008846A41A23E736498F4270D0012580
:10161000382AA8DC8021534609040B439A468EE7FA
:101620003C000025002231E707232B40002B00D08F
:1016300010E793E0002A74D04A46D21B002F00D155
:10164000C7E02849894500D185E10125382A12DC07
:10165000802109040C431F2A00DDABE12021250075
:10166000891A070088408D40D740411E8841D440E8
:101670003D430543A244654465459241524252446C
:1016800014004F4674E7280001F0F0FD0300183302
:101690001F2B00DCC2E62A00083882409F4200DD92
:1016A000A9E0DB1B581C1F2800DCACE115001F3B28
:1016B000DD40202805D040231B1A9A40531E9A4132
:1016C0001543072300272B40B0E7ED08054B6207C1
:1016D0002A43E4089F420FD02403250B7C05640DA8
:1016E000D4E6C046FF070000FFFF7FFFFE070000B3
:1016F000C00862070243E4081300234300D186E1D7
:1017000080252D0325432D03C34C2D0BBEE66046DB
:1017100054460E001700C508D8E7C04CFF1A144005
:1017200096E6BF4A791C11426BD122000243002F7A
:1017300000D0DBE0002A00D12DE1624653461A4377
:1017400000D1B6E06346C51885428041544440420A
:101750002418230202D50F00B04B1C403A00280089
:10176000D8E76246851AA8429241534652429146B2
:10177000E31A1A004B46D21A130091461A0254D4A7
:101780004A464C462A4300D040E600260024002565
:101790007CE6A14DA94500D190E00125382A00DD65
:1017A000ABE680252D042C4395E6110055462039E3
:1017B000CD40A946202A06D0402153468A1A93409C
:1017C00062461A43944665466B1E9D414B461D4337
:1017D00012E62100014300D1C4E0511E012A00D1CC
:1017E000FBE08D4DAA4200D1B5E00125382900DD8E
:1017F00041E70A002FE7894CFF1A14406207E4080A
:101800006AE7854A914200D1E3E06346C21882420A
:1018100080412300404253441B18DD075C08072326
:10182000520815430F002B4000E763461D1AAC45D4
:101830009241534652421C1B0E008846A41AE5E50D
:10184000002D00D091E0002A38D180240026240306
:1018500056E76346C51885428041544440422418E7
:101860000127230200D4DFE6022787E66346C51A74
:10187000A842804153464042E41A0127241AC0E599
:101880006207C0080243E40836E7110053462039D6
:10189000CB409946202A06D0402153468A1A9340CD
:1018A00062461A43944665466B1E9D414B461D4356
:1018B00059E66207C0080243E4080DE753465A0799
:1018C0006346D80853460E000243DC0814E71500AF
:1018D0002600203DEE40202A03D04025AA1A94403D
:1018E0002043421E90410500354306E6002A7CD085
:1018F00062465346C0081A4300D1FAE66207104315
:101900008022E4081203144208D0D908114205D1FC
:101910006346D80853460C005B071843420FC000CB
:10192000C00852070243E7E6002A00D12DE76346CC
:10193000D80853465A070E000243DC08CCE663463B
:101940001D1AAC459241534652421C1B0E0088465C
:10195000A41A013755E56346D90853465A070A4386
:10196000DC08C9E660465446D4E6C008002A00D127
:10197000BFE6620710438022E40812031442CDD070
:10198000DD081542CAD16346D80853465B070E00EE
:101990002C001843C2E76346D90853465A070A4346
:1019A000DC0899E66346D80853465A070E000243FE
:1019B000DC08A1E6110027002039CF40202A03D0FF
:1019C00040218A1A94402043421E904105003D4325
:1019D00051E60C000025002258E560446045924124
:1019E000544452420500A4183AE753465A07634646
:1019F000D90853460A43DC087EE61A001C002A4335
:101A000000D0ABE6C1E620210025091A19E5002225
:101A10000025014C3AE5C046FF070000FFFF7FFFAD
:101A2000FE070000F0B5DE46454657464E46E0B597
:101A300087B0009201930B031B0B9B46CA0F4B0010
:101A4000040080465B0D029200D16AE1D44A9342C1
:101A500000D18CE15946420FC9000A438021090494
:101A60001143C2009046CF4A894692469A440023C9
:101A700000240393009E019F3B031B0B9B467B00AE
:101A800030005B0DFD0F002B00D128E1C44A9342CA
:101A900000D177E15946720FC9000A438021090439
:101AA00011438B46BF49F2008C4651466344CB1A22
:101AB0009A460023029E6E400F2C27D8BA49A400F4
:101AC00009598F46CB464246029E039B022B16D0F5
:101AD000032B00D1A6E2012B00D0DFE0002200237F
:101AE000002490461B052343F60733434046190064
:101AF00007B0F0BCBB46B246A946A046F0BD0022E6
:101B000000249046A64BEDE72E00DFE7CB4500D240
:101B1000D4E100D1CFE101235B429C4644464846D4
:101B20000027E2445B46150E1B021D43190C2B04D3
:101B3000120200951D0C914602910395FEF790FB51
:101B400002006A430B04210C804619438A4209D9DA
:101B5000009D0123AC465B4261449C46E0448D42BB
:101B600000D8FBE1881A0299FEF77AFB039A240455
:101B700042430904240C03000C43A24206D90099F5
:101B8000013B8C466444A14200D8E1E1A01A4246E0
:101B900012041A4393464B4659461B0C1D000493EE
:101BA0000B0449460904090C0C001B0C5C43120C85
:101BB0006B43884651436A43250CAC465B1863442B
:101BC000994203D9802149028C466244190C2404AD
:101BD0001B04240C8A181C19904202D316D1A74268
:101BE00014D25B46009D013B4F4405934F459B41FA
:101BF000AC465B426344C018854200D3A1E18242F7
:101C000000D9F6E100D1F1E1059B9B463C1BA742C0
:101C1000BF41009D801A7F42C01B854200D1D0E1A8
:101C20000299FEF71DFB039A0B044243210C0700A7
:101C300019438A4200D978E1881A0299FEF710FB0D
:101C4000039A240442430904240C03000C43A242D7
:101C500000D95DE14146A41A3A041A43049D1304D5
:101C60001B0C594347466B439C46100C47430B0CD7
:101C7000BC44634468439F4203D980256D02AC464F
:101C800060441F0C09041B04090C3F185B18BC427C
:101C900000D202E100D1FDE001231A43434B53443B
:101CA000002B00DCAEE0510700D098E15946C90195
:101CB00006D559463E4B194080238B46DB005344E2
:101CC0003C498B4200DD1AE75946D20849071143C7
:101CD0005A465B0554028846240B5B0D02E75A46C0
:101CE000009B1A4300D17EE05B46002B00D100E14F
:101CF000584601F0BBFA020003000B3A1D27009E74
:101D0000BA1A19005846D6400839884032000243B2
:101D10009346009A8A40284953448A469A440023AD
:101D2000C8E65B460343994656D05B46002B00D17C
:101D3000CDE0584601F09AFA0B235B429C46020024
:101D4000844466461D239B1B260011005846DE4036
:101D50000839884033000343994623008B40984656
:101D6000164B00249B1A9A460023039382E65A4698
:101D7000024391462AD100229A4602239046082423
:101D8000039377E65A46009B1A430D4B9C46E24468
:101D9000002A17D102231C4300239B46023389E605
:101DA000FF07000001FCFFFF9C1A0308FF0300006F
:101DB000FFFFFFFEFE070000F30300000DFCFFFF26
:101DC00001F8FFFF032332001C4373E69A46032306
:101DD000D9460C2403934DE6002398469A460133D6
:101DE0000424039346E601231C4300239B4601334E
:101DF00060E60023802498460026924B240371E677
:101E0000012252420121C91A382900DD66E61F2944
:101E100000DCABE01F204042C31A5846D840030004
:101E2000202904D058468849514488400243511E15
:101E30008A411A43072319000024114013420CD091
:101E40000F231340042B00D1F9E0111D91429B4157
:101E50000A005B4259075B021C0BD2080A439046FA
:101E600000233FE680244B462403234209D05B46EF
:101E7000234206D11C4324032E009046714B240BB1
:101E800030E680244B4624031C432403029E6D4B02
:101E9000240B27E6002B00D100E70098511E844652
:101EA0006444844200D284E0BC4200D2AEE000D15F
:101EB000C1E00A00F0E6424500D92CE64B46DC07BB
:101EC000580843465B081C434346DF072AE601F0F7
:101ED000CDF915239C4684440200634620321C2B16
:101EE00000DC2EE7230008388340994600239846FB
:101EF00036E701F0BBF902000300153220331C2A3B
:101F000000DCFBE600990838814000228B4602E79E
:101F10000099013B8C466444A14200D99AE6A24252
:101F200000D897E6831E644494E6AC466144013FC2
:101F30008D4200D980E68A4200D87DE6871E614442
:101F40007AE6854200D05FE6B94500D95CE656E600
:101F5000A24200D81AE6831E644417E68A4200D8DB
:101F600000E6AC46831E98466144FBE53748140002
:101F7000504482405B4617008340CC407A1E974114
:101F800023433B431A005B46CB40510709D00F2146
:101F90001140042905D0111D9142924152429B18D3
:101FA0000A00190200D455E70022012300249046BC
:101FB00098E50A00BC4200D06EE64B4500D06BE6C7
:101FC0006CE6234B234A5344924500DA18E701217B
:101FD00049420A1D8A42894149428B4466E60F21E3
:101FE0001140042900D161E61100F2E7BC4200D89B
:101FF0000AE602235B429C4600994F444F459B41B1
:10200000E3448C465B426344C018FFE54946009DAB
:10201000480048458941AC46494261448146023AFC
:102020006418C7E780245B4624031C4324039046BE
:10203000044B240B56E59945E8D30A00BDE700237D
:1020400008E7C046FF0700003E0400001E04000031
:10205000FF03000002FCFFFFF0B55746DE464E4688
:102060004546E0B50D000400E80F83460903D80F8C
:10207000090B824619488C461F0369005E00490D12
:102080003F0B760D814218D086420FD00120B1421D
:102090000DD1BC450BD1944209D1D3451CD00029A8
:1020A00005D160462043431E984100E00120F0BC6A
:1020B000BB46B246A946A046F0BD01208E42F6D1ED
:1020C000614639430F0017432743F0D15B46524620
:1020D000981A431E9841EAE70020E8E7FF0700004E
:1020E000F0B557464E464546DE46E0B50D000F03B7
:1020F000390B83B00400804601915800E90F314F3D
:10210000400D8C466E00190382469146760D090BF0
:10211000D80FBE421FD0BA450FD0002E2FD1554642
:10212000019E3443002D27D10A433AD0002C45D1DB
:1021300000281AD10120404217E011433BD1002E64
:1021400002D1019F2743F3D0844509D16346002B78
:10215000F0D0604609E0019F27432CD1B24524D03E
:1021600063460220013B1840013803B0F0BCBB4677
:10217000B246A946A046F0BD002CD9D0E4E75446AB
:10218000002CEDD08445EBD15645E9DCDEDB019B2C
:102190008B42E5D8DAD1C845E2D80020C845E4D260
:1021A000D4E70020002CE0D0DAE7114303D18445C6
:1021B000D6D10020D9E702204042D6E78445E6D0B8
:1021C000CEE7C046FF070000F0B557464E464546ED
:1021D000DE46E0B50D000F0304008046E80F390B22
:1021E000844683B05800304F400D01911E036900B2
:1021F00082469146490D360BD80FB94220D0BA45D8
:102200000FD000292BD101990C435146002937D119
:10221000324338D0002C44D1002819D1012040424B
:1022200016E0164313D1002902D1019F2743F3D0B2
:10223000844520D063460220013B1840013807E066
:10224000019F274303D18A45F4D116431FD00220B2
:1022500003B0F0BCBB46B246A946A046F0BD54460A
:10226000002CE7D08445E5D15145E3DC03DB019B3D
:10227000B342DFD80FD06346002BCFD06046E7E7EC
:10228000002CC9D0D4E70020002CE1D0D2E784454F
:10229000D0D10020DCE7C845CCD80020C845D7D233
:1022A000E9E78445E3D0C5E7FF070000F0B55746EE
:1022B000DE464E464546E0B51F000B031B0B1600DD
:1022C0009A46CA0F4B000400934687B05B0D00D1BD
:1022D000D5E0BB4A934200D1F8E05146420FC90015
:1022E0000A43802109041143C2009146B54A8A4637
:1022F0009D180023984602933C037B00FA0F3000A0
:10230000240B5B0D009200D196E0AD4A934231D090
:10231000720FE4002243802424041443A94AF000ED
:10232000944663445B195A1C0192424600260A2ACD
:1023300042DC5A4600994A4093464246022A32DC21
:10234000013A012A00D949E1022E00D1CAE0012E4A
:102350003DD100230024002210005A461B052343D0
:10236000D2071343190007B0F0BCBB46B246A946DA
:10237000A046F0BD924B2643EB18002E00D1BBE0E7
:102380000322414611435A46884600994A4080211B
:1023900009018C4629006144019141460A2900DD6A
:1023A00033E293460326424601279740A6213A008E
:1023B000C9000A400F4231D0029E022E00D135E200
:1023C000032E00D1D2E154464846012EC1D0019AD5
:1023D0007D4B94466344002B00DCC0E0420709D0EB
:1023E0000F220240042A05D0021D82428041404251
:1023F00024181000E20106D5744B019A1C4080237A
:102400009446DB006344724A93426BDC6207C00867
:1024100064025B050243240B5B0D9DE7902189005C
:102420000F4263D188223A4200D1D7E0009BA246F6
:102430009B4681460296BFE72300334300D17FE0ED
:10244000002C00D1ADE1200000F010FF02000300DD
:102450000B3A1D201900821A30000839D0408C40F8
:102460000443300088405B4AEB1A944663445A1C8C
:102470000192424600260A2A00DC5AE79CE75346AE
:102480000343994654D05346002B00D177E1504680
:1024900000F0ECFE0B235B429C46020084441100DA
:1024A0005046083988401D23804660461B1A20008C
:1024B000D8400300404603439A4623008B40994688
:1024C0000023444D9846AD1A029315E75246024345
:1024D000914626D100221D000223924608329046E2
:1024E000029309E700240022354B35E700238024BE
:1024F0009B462403324B2FE70222414611438022A0
:10250000120194462A006244884601920A2900DD9D
:1025100052E75A460020009904004A40934602269A
:102520000BE70C221D000323814690460293E3E64D
:1025300000239A4604339846033B00250293DBE6CA
:10254000424601331A432B0090465A1C01924246E0
:102550000024002001260A2A00DCEAE62CE70122FA
:10256000D21A382A00DDF4E61F2A00DC2AE11F21F6
:102570004942CB1A2100D9400B00202A05D0164A27
:10258000019D94466544AC402043421E904118434F
:10259000072319000024014003420CD00F230340FD
:1025A000042B00D140E1031D8342A4411800644282
:1025B00061076402240BC20800230A43CCE6C0462C
:1025C000FF07000001FCFFFFFF030000FFFFFFFE0D
:1025D000FE0700000DFCFFFF3E04000049464A468E
:1025E0000904090C0D00160C020C0004000C4543F4
:1025F000AC4605007543A84615000F0075430092D0
:1026000002952A00009D6F4365462D0CA94647445C
:102610004F44B84505D915008022520290464544E2
:1026200002953D0C039565462D043F042D0CAC46E8
:102630003D0065440495250C2404240CAC4625007B
:102640007543A84665460F00694341448946674380
:10265000390C49446E43884503D980225202904682
:1026600046440D0CA846350045440595039D3F049E
:10267000A8463F0C0904C9198844454603955546A8
:102680002E04360C2F0C3500454378438146380024
:10269000A8462D0CAA46009A504372434A4452441D
:1026A000914503D980256D02A9464844150CA946D9
:1026B00045462D042D0CA84665467D43120448442A
:1026C0009044A9463200654662436E437C43170C32
:1026D0003619BF19BC4203D980246402A446E144E0
:1026E000029C039EA446059D66448E428941AC46E9
:1026F00012043C04120CA218624449425418464485
:10270000A4464645A44182466442A046AA4292415C
:102710008C458941E244D044494252420A43A04593
:10272000A44182458941644249420C4341463F0CE1
:10273000D2191219CC0D049970020843411E884128
:1027400041464A44F60D52023043490214430843BD
:10275000D20135D50122430802401343E007184354
:10276000640834E6009BA2469B468146802453467B
:1027700024031C4324034A462E4B240BECE500F0B3
:1027800075FD15239C4684440200634620321C2BB1
:1027900000DC84E6002399462300083883409A46EB
:1027A0008EE600F063FD02000300153220331C2A80
:1027B00000DC4EE602003400083A0020944052E665
:1027C000019304E61C4B21009C460300019DD3406D
:1027D0006544A94019430300AB40581E8341194387
:1027E0000800D4404B0709D00F230B40042B05D021
:1027F0000B1D8B428041404224181800230200D454
:10280000D6E6012300240022A6E50F29AAD18023C1
:1028100052461B031A42A9D01C42A7D11C43009B5D
:1028200002009B46034B97E50024C1E60024014BC0
:10283000220091E5FF0700001E040000F0B54E469F
:102840004546DE465746E0B585B0009001910C0341
:102850004F00CE0F610A009CB046640F0C430099F4
:102860007F0DC80011001A001B039C4600910192C5
:1028700051004B0D9946019B009DD90F63466A0F8D
:102880005B0A1343EA0094469346C14A03900293BD
:10289000914500D1CDE0012569404D467D1BAA46FA
:1028A0008E4200D180E0002D00DC35E3494600294E
:1028B00000D1DFE0974200D194E152460125382A49
:1028C00019DC8022029B12041343029352461F2AF2
:1028D00000DDE3E1534620226146029DD21A954075
:1028E000D9400D43614691400A00511E8A4115436B
:1028F000029ADA40A41A451BA84280414042241A99
:10290000230200D43DE16402640A002C00D147E1B7
:10291000200000F0ABFC0300083B20212800CA1A6D
:10292000D0409C4002009D4022439F4200DD77E161
:10293000D81B0130091A2C008D40C4406B1E9D41EC
:102940001300C2408B402543002714001D436B0732
:1029500009D00F232B40042B05D02B1DAB42AD41DA
:102960006D4264191D00230200D440E1884A0137FA
:10297000974200D101E1012643468649ED082140F6
:102980004A072A437C054D022D0B640D1E40240589
:102990002C43F60734431000210005B0F0BCBB46C1
:1029A000B246A946A046F0BD002D00DCD0E2494663
:1029B000002900D0D4E06146029B194300D12BE1ED
:1029C000691E012D00D1D9E1954200D10AE101250E
:1029D000382917DC8A4653461F2B00DDE7E1202209
:1029E000D21A029B614693401D005346D94063466C
:1029F00093401A000D43511E8A4153461543029AD3
:102A0000DA40A4182D188542804140422418230240
:102A100000D4B6E05E4B01379F4200D1ADE001210A
:102A20005C4B6A081C4029400A43E50715436408CB
:102A30008DE7594A029B92466246BA441A432CD00B
:102A40008E422ED05246002A60D0002F00D1DBE00B
:102A500063460E00029CD80862070243E408130094
:102A6000234300D154E280252D0325432D03484CF8
:102A70002D0B8CE76146029B194300D1CCE0290065
:102A80000139012D00D188E1954200D1AAE001254C
:102A9000382900DD2FE78A4618E7012251408E428F
:102AA000D0D15346002B00D1BEE0002F00D038E13A
:102AB000CA462200024300D1E2E15346591E012BCF
:102AC00000D10DE2324A924500D1D2E101273829E6
:102AD00013DC1F2900DDEEE12022029B521A2500A3
:102AE00007009A46CC4090409540CF40A244421EF9
:102AF000904153462F43074302933D00654465458B
:102B00009241029B52424F46D41880E7234A7D1CD3
:102B1000154200D0AAE062462500029B05431A43F5
:102B2000002F00D0F5E0002D00D16BE1002A00D18C
:102B300052E16346C51A029BE21AA8429B415B42DE
:102B4000D31A1A0200D4D5E163461D1AAC4592414E
:102B50000126029B52421C1B8846A41A0E40F6E630
:102B600097423FD052460125382A00DD4AE78022AD
:102B7000029B1204134302932DE73C000025002220
:102B800005E707232B40002B00D0E2E66BE0C046B0
:102B9000FF070000FFFF7FFF01F8FFFFFE070000B7
:102BA000280000F063FB030018331F2B00DCB4E6A1
:102BB0002A00083882409F4200DDB9E0DB1B581C28
:102BC0001F2800DCA0E115001F3BDD40202805D0B8
:102BD00040231B1A9A40531E9A411543072300278E
:102BE0002B40D0E7C00862070243E40837E7EA0851
:102BF00063071A43D34BE4089F4200D12FE7240315
:102C0000250B7C05640DC2E6CA462200024358D15A
:102C100063460E00029C0393039B5746DA08E7E7DE
:102C2000C94CFF1A144092E6C84D7A1C2A4200D0C3
:102C300084E022000243002F00D0EFE0002A00D100
:102C4000E5E0624602990A4300D1C5E06346C51833
:102C50008C4685428041644440422418230202D5B8
:102C6000B94B01371C40BA460395D5E76246851A31
:102C7000A842924152429146029BE31A1A004B46E7
:102C8000D21A130091461A026CD44A464C462A4383
:102C900000D03AE600260024002578E60299534643
:102CA0000D00203AD540202B06D04022D21A0B002E
:102CB000934062461A4393465B465A1E93411D4316
:102CC00019E653465A1E012B00D1C6E09D4EB2456F
:102CD00000D1BDE688460E000125382A10DC1F2AE7
:102CE0007FDC20212500891A070088408D40D740CD
:102CF000D440411E8841029B3D431B1B0543029368
:102D00006246551BAC459241029B52424F469C1A6B
:102D1000F6E5002D00D0B7E0002A00D1F0E0012652
:102D20000E4063460298D90842070A43C40896E653
:102D3000854CFF1A14406207E40860E781498A4223
:102D400000D1C9E06346C11881428041029B4042E4
:102D5000E3181B18DD075C08072349080D4317001B
:102D60002B4010E763461D1AAC4592410126029B99
:102D700052421C1B8846A41A0E40C6E56346C5187D
:102D8000029B854280419C464042644424180127AE
:102D9000230200D4F5E6022741E66346C51AA8429D
:102DA0008041029B4042E41A0127241AA8E5029DB3
:102DB00052462B00203AD34019005346202B06D010
:102DC0004022D21A2B00934062461A4393465D4636
:102DD0006B1E9D410D4315E66207C0080243E408DF
:102DE0000DE7110027002039CF40202A05D04021CF
:102DF0008A1A9440250005430395039D6A1E954158
:102E00003D437DE7002A00D144E701260E4063469A
:102E1000D908029B5A070A43DC08F0E6002A28D0AA
:102E20006246029FC0083A4300D1DCE662071043C5
:102E30008022E4081203144209D0FD08154206D18D
:102E4000634601262C00D8087B0718430E40420F2A
:102E5000C000C0085207024301E663461D1AAC4594
:102E60009241029B52421C1B0E0088460127A41A65
:102E700046E56346D908029B5A070A43DC08EEE59B
:102E80006346029C0393C7E6C008002A00D1AAE665
:102E9000620710438022E40812031442D7D0029F35
:102EA000FD081542D3D163460126D8087B072C00C4
:102EB00018430E40CBE70A002700203AD7402029CC
:102EC00005D04022521A9440250005430395039DE6
:102ED0006A1E95412F4310E614000025002256E596
:102EE000029B60449946604592414C445242050021
:102EF000A4184CE71A001C002A4300D0B3E6C9E628
:102F0000802400262403AEE520210025091A17E5B8
:102F1000002200250B4C3AE5002D00D1F6E54B468A
:102F2000DA1B9246002F00D16FE6382A05DC802696
:102F30003604344388460E00D1E688460E0001254B
:102F4000DEE6C046FF070000FFFF7FFFFE07000030
:102F5000002D00D168E64B46D91B002F01D18A46CF
:102F6000A7E50127382900DDC7E5802212041443B4
:102F7000AFE5C046F0B5C6461E03360BB0460D4E53
:102F80000C034D005F0000B5240B6D0D7F0DB542A5
:102F90000BD0084900208F4204D14646164330002A
:102FA000431E984180BCB846F0BD04430120002C6C
:102FB000F8D1EEE7FF0700000B00020070B5164DD8
:102FC0000C0382B04900002000920193240B490DAC
:102FD000DE0FA94204DD1148814203DD104BF018D9
:102FE00002B070BD8020400320430E4C641A1F2C99
:102FF00008DD0D4B5B1AD84003005842002EEFD17C
:103000001800EDE7094B009A9C46030061448B4091
:10301000E2401343F1E7C046FE0300001D04000038
:10302000FFFFFF7F3304000013040000EDFBFFFFF0
:1030300070B5002816D0C317C5185D40C40F28000E
:1030400000F014F9104B1B1A5B055B0D0A2814DC09
:1030500002002E00153296400B22121AD5402D0385
:103060002D0B03E000240023002500261B052B4325
:10307000E40723433000190070BD0B3885402D0351
:1030800000262D0BF2E7C0461E04000010B5041EFA
:1030900010D000F0EBF80E4B1B1A5B055B0D0A28F5
:1030A0000FDC0B222100121AD14015300A03844094
:1030B000120B01E0002300221B051343200019001E
:1030C00010BD22000B38824012030024120BF3E7DC
:1030D0001E04000070B542024300C40FFE201B0E08
:1030E000591C550A08420CD0E02189008C466D0716
:1030F000120B63441B051343E40723432800190004
:1031000070BD002B14D1002D1BD0280000F0AEF8AC
:103110000A281CDC0B232A001B1ADA400300153393
:103120009D400E4B12031B1A5B05120B5B0DE1E772
:10313000002D09D0130B802212031A436D07084B90
:10314000D8E700230022D5E70022054BD2E7030091
:103150002A000B3B9A400025E3E7C04689030000A4
:10316000FF070000F0B54B000F035B0D3B4C450F14
:1031700083B07F0A5E1C2F4300900191CA0FC500E7
:1031800026420BD036495C18FE2C13DDFF200023AD
:10319000C0051843D207104303B0F0BD002B02D185
:1031A00000200023F4E73D43F0D08023DB03FF2021
:1031B0003B43EDE7002C14DD009BFF009B01581EF4
:1031C0008341690F3B430B43590741D00F211940FD
:1031D000042928D00433590125D501340023E0B255
:1031E000D6E721001731DBDB80211E20090439439B
:1031F000001B1F281BDD02267642341B0E00E64012
:103200003400202804D017488446634499400D4375
:103210002B00591E8B412343590715D00F21002441
:103220001940042917D19B015B0AE0B2B0E70E4CAC
:103230001C192B00A540C340A140681E85412943AD
:103240000B4300245907C1D19B0100205B0A9FE773
:10325000DB08E0B29CE70433E5E7C046FE07000068
:1032600080FCFFFFA2FCFFFF82FCFFFF1C2101236B
:103270001B04984201D3000C10391B0A984201D359
:10328000000A08391B09984201D30009043902A237
:10329000105C40187047C04604030202010101019E
:1032A000000000000000000010B5002903D1FFF766
:1032B000DDFF203002E00800FFF7D8FF10BDC04658
:1032C00080B500AFBFF34F8FC046044B044ADA60AD
:1032D000BFF34F8FC046C046FDE7C04600ED00E09B
:1032E0000400FA0580B500AF00F012F800F08EF887
:1032F00000F0C0F800F02AF900F0B8F900F0CAFABE
:1033000000F03AFC00F0CAFCC046BD4680BD00009B
:1033100090B583B000AF3B1D00221A70BB1D082280
:103320001A80BB1C00221A80334ABB1C12881A80E8
:10333000BB1C1B88314A934207D1314B01221A70C2
:10334000304B00221A70FA2351E0BB1C1B881B0A69
:103350009BB2DAB22A4B1A70294B1B78002B02D190
:10336000274B01221A70BB1C1B88DAB2254B1A703E
:103370007B1D01221A7032E07B1C00221A7024E0AF
:10338000BB1D1B881C4A9446634419007B1D1B7897
:103390005A1E7B1C1B78DBB21C000B8898B21A49A2
:1033A00013009B009B185B009B181B195B00021C01
:1033B0005A52BB1DBA1D128808321A807B1C1B781A
:1033C000DBB20133DAB27B1C1A707B1C1B78DBB2D8
:1033D0000A2BD5D97B1D1A787B1D01321A70084B38
:1033E0001B787A1D12789A42C6D93B1D1B781800AB
:1033F000BD4603B090BDC04600A80708FFFF00000F
:103400007C0000207C130020740F002080B582B067
:1034100000AFFB1D00221A70BB1D01221A7019E0BB
:10342000BB1D1B789BB2013398B2BB1D1B78013BBF
:103430005A000E4BD318190012F023FCBB1D1B7849
:10344000192B02D9FB1D0A221A70BB1D1A78BB1D4D
:1034500001321A70064B1B78BA1D12789A42DFD9D6
:10346000FB1D1B781800BD4602B080BD481300202C
:103470007C00002090B583B000AFFB1C00221A70C6
:10348000BB1D00221A803B0000221A807B1D0022F7
:103490001A704BE03B1D01221A7033E0BB1D1B88E4
:1034A0001C339BB23A001100180012F0EAFB3B00FB
:1034B00018887B1D1A783B1D1978C4B22148130067
:1034C0009B009B185B00C318221C5A543B001B88AE
:1034D0001B0A98B27B1D1A783B1D1B78591EC4B27B
:1034E000184813009B009B185B00C318221C5A54F9
:1034F000BB1D1A88BB1D01321A803B1D3A1D127874
:1035000002321A703B1D1B78092BC7D97B1D1A7814
:103510000C4913009B009B185B00CB180933002259
:103520001A707B1D1A787B1D01321A70064B1B78AE
:103530007A1D12789A42ADD9FB1C1B781800BD4643
:1035400003B090BDE81100207C00002090B583B04E
:1035500000AFFB1C00221A70BB1D00221A803B002A
:1035600000221A807B1D00221A707B1D00221A7017
:1035700015E0BB1D1B88CB3398B27B1D1B785A000E
:10358000374BD318190012F07CFBBB1D1A88BB1DEA
:1035900001321A807B1D1A787B1D01321A70314B63
:1035A0001B787A1D12789A42E3D37B1D00221A7091
:1035B0004BE03B1D01221A7033E0BB1D1B88993381
:1035C0009BB23A001100180012F05BFB3B00188818
:1035D0007B1D1A783B1D1978C4B2234813009B0049
:1035E0009B185B00C318221C5A543B001B881B0A03
:1035F00098B27B1D1A783B1D1B78591EC4B21A481D
:1036000013009B009B185B00C318221C5A54BB1D5F
:103610001A88BB1D01321A803B1D3A1D12780232F6
:103620001A703B1D1B78092BC7D97B1D1A780E49D0
:1036300013009B009B185B00CB18093300221A7003
:103640007B1D1A787B1D01321A707B1D1B78092B9C
:10365000AFD9FB1C1B781800BD4603B090BDC04617
:10366000141300207C0000203C0A0020B0B588B074
:1036700002AF0B23FB1800221A703B1D00221A8098
:10368000BB1C00221A8008243B1900221A80BB1D93
:1036900000221A8017257B1900221A7000233B6133
:1036A0000023FB603B1D1900E42012F0EAFA03003E
:1036B0001A003B191A803B191B88002B03D13B1DB4
:1036C0001A887B191A703B1D1900E52012F0D9FAEF
:1036D00003001A0008243B191A80BB1C1900E620BD
:1036E00012F0CFFA03001A00BB1D1A803B191B8889
:1036F000002B0AD1BB1D1B88002B06D13B1D1B884C
:103700001B04BA1C12889B183B613B1D1900E72063
:1037100012F0B7FA03001A0008243B191A80BB1CE8
:103720001900E82012F0ADFA03001A00BB1D1A8040
:103730003B191B88002B0AD1BB1D1B88002B06D10F
:103740003B1D1B881B04BA1C12889B18FB603B1D89
:103750001900E92012F095FA03001A0008217B18DD
:103760001A807B181B88002B0BD13B1D1B881B0A62
:103770009BB2DAB2414B1A703B1D1B88DAB2404B48
:103780001A703B1D1900EA2012F07BFA03001A00A0
:1037900008217B181A807B181B88002B0BD13B1D3E
:1037A0001B881B0A9BB2DAB2364B1A703B1D1B8872
:1037B000DAB2354B1A703B1D1900EB2012F061FA9A
:1037C00003001A0008217B181A807B181B88002B25
:1037D0000BD13B1D1B881B0A9BB2DAB22B4B1A7014
:1037E0003B1D1B88DAB22A4B1A70244B1B78002B26
:1037F00011D0234B1B78002B0DD0204B1D78204B74
:103800001B78FC6839691722BA18107800932B00CE
:10381000220007F0D1F91B4B1B78002B11D01A4B5B
:103820001B78002B0DD0174B1D78174B1B78FC68AD
:1038300039691722BA18107800932B00220007F07C
:10384000BBF9124B1B78002B11D0114B1B78002BAE
:103850000DD00E4B1D780E4B1B78FC683969172272
:10386000BA18107800932B00220007F0A5F90B235B
:10387000FB181B781800BD4606B0B0BDA31300208E
:10388000A4130020A5130020A6130020A7130020D6
:10389000A8130020B0B584B000AF0F23FB1800229E
:1038A0001A7008243A198A235B001100180012F0DC
:1038B000E8F903001A000C217B181A807B181B887A
:1038C000002B24D13B191B881A1C03231340DAB2A6
:1038D000A44B03210A4050011A7860218A43111C2D
:1038E000021C0A431A703B191B881B0A9BB21A1C44
:1038F00001231340DAB29B4B01210A4090001A7851
:1039000004218A43111C021C0A431A701FE0964BC3
:103910001B785B069B0FDAB2924B03210A405001E1
:103920001A7860218A43111C021C0A431A708E4BBC
:103930001B785B07DB0FDAB28A4B01210A4090004B
:103940001A7804218A43111C021C0A431A700824A5
:103950003A198E235B001100180012F092F903004F
:103960001A000C217B181A807B181B88002B11D1A0
:103970003B191B881BB29BB2DB0BDAB2794B0121DE
:103980000A40D0001A7808218A43111C021C0A43FD
:103990001A700FE0744B1B781B07DB0FDAB2714B08
:1039A00001210A40D0001A7808218A43111C021C08
:1039B0000A431A7008243A191623FF33110018001D
:1039C00012F05FF903001A000C217B181A807B1893
:1039D0001B88002B04D13B191A88644B1A8003E022
:1039E000634B1A88614B1A8008243A198B235B00B9
:1039F0001100180012F045F903001A000C217B1881
:103A00001A807B181B88002B04D13B191A88574B4E
:103A10005A8003E0564B5A88544B5A8008243A196E
:103A20001823FF331100180012F02BF903001A00BD
:103A30000C217B181A807B181B88002B0CD13B199A
:103A40001B88DAB2494B1A713B191B881B0A9BB2BF
:103A5000DAB2464B5A7107E0454B1A79434B1A715B
:103A6000434B5A79414B5A7108243A198C235B0015
:103A70001100180012F005F903001A000C257B193B
:103A80001A80BA1D1A23FF331100180012F0F9F83A
:103A900003001A000A217B181A807B191B88002B4F
:103AA0000DD17B181B88002B09D13B191B881A00EC
:103AB000BB1D1B881B041A432C4B9A600CE02D4B3A
:103AC0001B78002B04D0294BE12252029A6003E0BC
:103AD000274B9A68254B9A6008243A198D235B007E
:103AE0001100180012F0CDF803001A000C217B1809
:103AF0001A807B181B88002B0CD13B191B88DAB26B
:103B00001A4B1A733B191B881B0A9BB2DAB2174B6C
:103B10005A7305E0154B18225A73144B00221A737E
:103B200008243A191C23FF331100180012F0A9F8D9
:103B300003001A000C217B181A807B181B88002BAD
:103B400005D13B191B88DAB2084B9A7603E0084B83
:103B50009A7E064B9A760F23FB181B781800BD46F9
:103B600004B0B0BD9C130020A013002080130020DF
:103B700080000020A213002080B582B000AFBB1DE2
:103B800000221A703B0000221A803B1D00221A807E
:103B9000FB1C00221A70FB1D00221A7071E0FB1D35
:103BA0001B783B339BB29B009BB23A00110018007C
:103BB00012F067F803001A003B1D1A803B1D1B889A
:103BC000002B59D13B001B881B0A9AB2FB1C1A70B0
:103BD000FB1C1B781B09DBB21A00FB1D1B78013391
:103BE0009A4249D1FB1C1B780F22134044D0FB1D85
:103BF0001B785A1CFB1C1B780F210B40D8B226499E
:103C000013005B009B18CB180133021C1A703B0099
:103C10001988FB1D1B785A1CC8B21F4913005B0092
:103C20009B18CB180233021C1A70FB1D1B785A1C00
:103C3000194913005B009B18CB1801331A78FB1D40
:103C40001B780133DBB21900100012F05DFEFB1D82
:103C50001B780133D8B2FB1D1B785A1C0E49130088
:103C60005B009B18CB1802331B7801221340DBB298
:103C70000022190013F04AF8FB1D1A78FB1D0132CF
:103C80001A70FB1D1B78062B89D9BB1D1B781800E9
:103C9000BD4602B080BDC046982D002090B585B0CD
:103CA00000AF0F23FB1800221A706F4BBB6032204D
:103CB00023F040FB03003B603B68002B01D1FB235A
:103CC000CEE0BB681B78FE2B01D0FF23C8E0FB1DB4
:103CD00000221A70B8E00F23FB1800221A7010E0BF
:103CE000BB685A1CBA6019000F203B181B783A6851
:103CF000D3180A78D2B21A703B181A783B180132DE
:103D00001A700F243B191B78132BE9D9FB1D1A7865
:103D100013009B009B189B00544A98183B68013382
:103D20001422190025F021F83B6814220021180004
:103D300024F0F3FE3B1900221A70BB681433BB60F9
:103D40000FE0BA680F203B181B783968CB1812783F
:103D50001A70BB680133BB603B183A181278013205
:103D60001A70BB681B78FE2B08D0BB681B78FF2B32
:103D700004D00F23FB181B78312BE2D90F217B18BD
:103D80001B78013B3A68D3181B78002B04D07B18B2
:103D90007A18127801321A700F23FB181A78FB1D5B
:103DA0001C78100023F0C6FA030019002F4A2300E4
:103DB0009B001B199B00D3180C331960FB1D1A784C
:103DC0002A4913009B009B189B00CB180C331B68DF
:103DD000002B12D1FB1D1A7813009B009B189B002F
:103DE000224A9B1814220021180024F096FE3B68FA
:103DF000180023F0A9FA0E2332E0FB1D1A781B49A4
:103E000013009B009B189B00CB180C3318680F24E1
:103E10003B191A783B68190024F0A7FF144B1B7854
:103E20000133DAB2124B1A703B191A783B68002141
:103E3000180024F072FEBB681B78FE2B0AD1FB1D14
:103E40001A78FB1D01321A70FB1D1B78042B00D859
:103E500041E700E0C0463B68180023F075FA0023F4
:103E60001800BD4605B090BD00B007083014002012
:103E7000DD0A002080B582B000AFFB1D00221A7061
:103E8000BB1D01221A7021E0BB1D1B785A1E154B69
:103E90005200D35A002B0DD0BB1D1B789BB20133AF
:103EA00098B2BB1D1B785A1E0E4B5200D35A1900F4
:103EB00011F008FFBB1D1B78192B02D9FB1D0A222C
:103EC0001A70BB1D1A78BB1D01321A70064B1B7885
:103ED000BA1D12789A42D7D9FB1D1B781800BD462F
:103EE00002B080BD481300207C00002090B583B054
:103EF00000AFFB1C00221A70BB1D00221A803B0081
:103F000000221A807B1D00221A7047E07B1D1A7860
:103F1000284913009B009B185B005B5C002B38D08A
:103F20003B1D01221A7030E07B1D1A783B1D1B7867
:103F3000591E204813009B009B185B00C3185B5C54
:103F40001B0299B27B1D1A783B1D1878194C13007F
:103F50009B009B185B00E3181B5C1A003B008A184F
:103F60001A80BB1D1B881C339AB23B001B881900AA
:103F7000100011F0A7FEBB1D1A88BB1D01321A806C
:103F80003B1D3A1D127802321A703B1D1B78092B1B
:103F9000CAD97B1D1A787B1D01321A70064B1B781B
:103FA0007A1D12789A42B1D9FB1C1B781800BD46C5
:103FB00003B090BDE81100207C000020F0B587B070
:103FC00000AFB9607A6019000F243B19021C1A7007
:103FD0000E257B190A1C1A701726BB1900221A70AD
:103FE0003B191B789BB21900E42011F06BFEBB68F3
:103FF0001B0A9BB21900E52011F064FEBB689BB25E
:104000001900E62011F05EFE7B681B0A9BB21900C6
:10401000E72011F057FE7B689BB21900E82011F0F1
:1040200051FE7B191B789BB21B029AB220231024ED
:104030001B19DB191B789BB2D3189BB21900E9201E
:1040400011F040FE24231B19DB191B789BB21B02C5
:104050009AB228231B19DB191B789BB2D3189BB289
:104060001900EA2011F02EFE2C231B19DB191B78F6
:104070009BB21B029AB230231B19DB191B789BB22F
:10408000D3189BB21900EB2011F01CFEBB191B7852
:104090001800BD4607B0F0BD80B582B000AFFB1D73
:1040A00000221A70284B1A881623FF3311001800BB
:1040B00011F008FE244B5A888B235B001100180076
:1040C00011F000FE204B5B791B021AB21E4B1B7BCA
:1040D0001BB213431BB29AB21823FF33110018000E
:1040E00011F0F0FD184B9B689AB28C235B00110015
:1040F000180011F0E7FD144B9B681B0C9AB21A23B1
:10410000FF331100180011F0DDFD0F4B5B7B1B022C
:104110001AB20D4B1B791BB213431BB29AB28D23FB
:104120005B001100180011F0CDFD074B9B7E1A00BB
:104130001C23FF331100180011F0C4FDFB1D1B7878
:104140001800BD4602B080BD8013002080B582B04B
:1041500000AFFB1D00221A701B4B342200211800F7
:1041600024F0DBFCBB1D01221A7021E0BB1D1B7873
:104170005A1E154B5200D35A002B0DD0BB1D1B7875
:104180009BB2013398B2BB1D1B785A1E0E4B5200D6
:10419000D35A190011F096FDBB1D1B78192B02D9BB
:1041A000FB1D0A221A70BB1D1A78BB1D01321A7042
:1041B000064B1B78BA1D12789A42D7D9FB1D1B7883
:1041C0001800BD4602B080BD481300207C000020CE
:1041D000B0B58EB002AF1423F8180A257A19182347
:1041E000F9180823FB1800930300012011F0E8FEE2
:1041F0000C23F818BA1D1023F9183B1D0093030077
:10420000022011F0DDFE1C217B1801225A607B1870
:1042100000229A607B191B881A007B181A60BB6900
:104220001A000C007B18190010001EF0EDFA210096
:104230007B1800225A607B1802229A603B1D1B8863
:104240001A007B181A60FB681A007B18190010000E
:104250001EF0DAFABB6918007B191B8800221900CE
:104260001EF05BFC052014F031F8FB681A003B1DC2
:104270001B88190010001EF033FC031E17D1BB6908
:1042800018007B191B88012219001EF046FC05202E
:1042900014F01CF8FB681A003B1D1B881900100065
:1042A0001EF01EFC0300012B01D1012300E00023BE
:1042B0001800BD460CB0B0BD90B585B000AF7860B9
:1042C0000F23FB1800221A701CE00F243B191A78E8
:1042D000114913005B009B189B00CB1808331A6828
:1042E0007B6811001800FBF70FFF031E04D13B1978
:1042F0001B780133DBB20BE00F217B181A787B1897
:1043000001321A700F23FB181B78002BDDD000231D
:104310001800BD4605B090BD982B002080B584B034
:1043200000AF78600F23FB1800221A7041E0264A84
:104330007B6811001800FBF7E7FE031E01D1012383
:104340003DE0224A7B6811001800FBF7DDFE031EEA
:1043500001D1022333E01E4A7B6811001800FBF7ED
:10436000D3FE031E01D1032329E01A4A7B68110002
:104370001800FBF7C9FE031E01D104231FE0164AF3
:104380007B6811001800FBF7BFFE031E01D1052357
:1043900015E0124A7B6811001800FBF7B5FE031EFA
:1043A00001D106230BE00F217B181A787B1801320C
:1043B0001A700F23FB181B78052BB8D9002318009F
:1043C000BD4604B080BDC04608DE02080CDE02080F
:1043D00010DE020814DE020818DE02081CDE0208E5
:1043E00080B582B000AF13F05DFB13F057FD11F004
:1043F0001DFC11F0D3FC11F0D5F813F0CDFE11F037
:104400001FFB13F003FF11F02DFD031E03D011F06D
:10441000AFFCFEF755FFFFF7DBFE031E21D03A4B42
:1044200001221A70322013F051FF0DF003FA374BBE
:10443000E12252029A60FB1D01221A700CE0334BFC
:104440009A68FB1D1B781100180014F0D3FCFB1DAB
:104450001A78FB1D01321A70FB1D1B78062BEED952
:1044600004E0322013F032FF0DF0E4F9FEF73AFFDA
:1044700014F02EFE11F0D0F8254B1B78002B13D131
:1044800080239B012348012219001EF046FBFA23DA
:104490005B00180013F01AFF80239B011D480022C7
:1044A00019001EF03AFB26E080239B0119480122E7
:1044B00019001EF032FBFA235B00180013F006FF10
:1044C00080239B011348002219001EF026FB642064
:1044D00013F0FCFE80239B010E48012219001EF000
:1044E0001CFB642013F0F2FE80239B01094800228C
:1044F00019001EF012FB06F01DF9074B01221A707D
:10450000C046BD4602B080BDA2130020801300202B
:104510007C13002000080050DB0A002080B500AFAB
:104520001CF03AF90CF073FDFFF75AFF06F02CF976
:1045300018F072FEC046BD4680BD0000F0B587B0E1
:1045400002AF0F23FB1800221A700E23FB18002263
:104550001A700D23FB1800221A70BB1D00221A705E
:104560007B1D00221A700C23FB1800221A700B23EB
:10457000FB1800221A700A23FB1800221A70092364
:10458000FB1800221A70BB1C00221A80D24B012299
:104590001A70D24B1A78D24B1A700823FB180122DA
:1045A0001A7016E0CE4B1B7808217A1812789A42BE
:1045B00009D07B181B78180014F03CFC0300012183
:1045C000180014F065FC08217B181A787B1801325A
:1045D0001A700823FB181B78062BE3D9C04B1B78F5
:1045E000180000F083FCBF4B02221A70322018F032
:1045F0001BFE0E23FB1801221A700923FB1801224F
:104600001A7041E009217B181B785A1EB64B9200A4
:10461000D35A002B32D00E243B193A1912780132AA
:104620001A70B24B3A1912785A70B14B3A19127883
:104630001A70AE4B00221A700D007B1818780323F5
:10464000009310230022002106F0DEFE3B191B78A8
:104650009BB21B029BB27A191278511EA24A8900A2
:104660008A5AD2B211007A191278013A5B1899B2BB
:104670009D4B9200D152322018F0D6FD09217B18B3
:104680001A787B1801321A7009217B181B78062BC7
:10469000B8D9984B1A88984B1A807B1801221A7047
:1046A0005CE009243B191B785A1E8F4B9200D35AA9
:1046B000002B4DD03B191B78591EBB1C8A4A890020
:1046C0008A5A1A80BB1C1B881B0A9AB2BB1D1A701F
:1046D0003B191B785A1E844B9200D25A7B1D1A70CC
:1046E000BB1D1B78DB001AB27B1D1B781BB213436A
:1046F00019B23B191A7889B27F4B5200D1523B193B
:104700001B78013BBA1D1278013A77499B00CB1800
:1047100002331888784B16214A43011CD1526E4B44
:104720001B78DB001AB23B191B781BB2134319B27A
:10473000BB1D1B785A1E7B1D18788CB26E49130066
:104740009B009B185B009B181B185B00221C5A5295
:1047500009217B181A787B1801321A700923FB187B
:104760001B78062B9DD90C23FB1802221A7017E028
:104770000E23FB181B789BB21622534399B25E4A54
:104780000C243B1918780B00112106F0B7FD0A2004
:1047900018F04AFD21007B181A787B1801321A7034
:1047A0000C23FA180E23FB1812781B789A42DFD9D3
:1047B00079E10C23FB1802221A7066E1FB1D01222D
:1047C0001A700AE0FB1D1B78013B484A0121D154B5
:1047D000FB1D1A78FB1D01321A70FB1D1B780A2B7A
:1047E000F0D9424B00229A720C243B191B780B2201
:1047F0000E21180006F030FD322018F015FD3B198F
:104800001B7800220C21180006F026FD96235B0081
:10481000180018F009FD0B23FB1801221A7051E053
:104820000B203B181B78591EBB1C344A89008A5A3E
:104830001A80BB1C1B881B0A9AB2BB1D1A70BB1CBA
:104840001B88002B38D0BB1D1B78002B34D10E21C8
:104850007B187A18127801321A70244B7A18127861
:104860005A70234B7A1812781A707B181B789BB2F7
:104870001B029BB23A181278511E204A89008A5AAC
:10488000D2B211003A181278013A5B1899B21B4B58
:104890009200D152154B01221A70144B3A1812781B
:1048A0009A700C23FB181B7803221021180006F0C5
:1048B000D3FC322018F0B8FC0B217B181A787B1837
:1048C00001321A700B22BB181B780A2BA8D9BB180F
:1048D00001221A70A3E0C0467C130020A11300201F
:1048E000D80A0020DA0A0020700E0020400C0020B8
:1048F0007C0000207A000020740F0020880E002029
:104900000B243B191B785A1EE04B9200D35A002B04
:1049100000D17EE03B191B78591EBB1CDB4A890085
:104920008A5A1A80BB1C1B881B0A9AB2BB1D1A70BC
:104930003B191B785A1ED54B9200D25A7B1D1A7018
:10494000BB1D1B78012B64D00C257B191B785A1ECC
:104950003B191878CE4913009B009B185B009B18ED
:104960001B185B005B5A002B18D1BB1D1B78DB00AA
:104970001AB27B1D1B781BB2134319B27B191B782B
:104980005A1E3B1918788CB2C14913009B009B1822
:104990005B009B181B185B00221C5A52BB1D1B7826
:1049A0005A1E7B1D1878BA4913009B009B185B00A8
:1049B0009B181B185B005B5A002B2AD10B243B1958
:1049C0001B78013BBA1D1278013AB0499B00CB1805
:1049D00002331888AE4B16214A43011CD1520C23D6
:1049E000FB181B78DB001AB23B191B781BB2134370
:1049F00019B2BB1D1B785A1E7B1D18788CB2A449B6
:104A000013009B009B185B009B181B185B00221C6B
:104A10005A520B217B181A787B1801321A700B241A
:104A20003B191B780A2B00D86AE7984B1822002103
:104A3000180024F072F83B1902221A7017E00E23B6
:104A4000FB181B789BB21622534399B2904A0B2451
:104A50003B1918780B00112106F050FC642018F067
:104A6000E3FB21007B181A787B1801321A700B23A4
:104A7000FA180E23FB1812781B789A42DFD90C2102
:104A80007B181A787B1801321A700C23FA180E2141
:104A90007B1812781B789A4200D88FE60D23FB18FA
:104AA0007A1812781A700D23FA180E23FB18127850
:104AB0001B789A4200D07CE6764B1A78764B1A70B7
:104AC000754B1B78180000F011FA322018F0ACFB7F
:104AD0000C23FB1801221A7020E00C23FB181B7812
:104AE000591EBB1C6D4A89008A5A1A80BB1C1B8840
:104AF0001B0A9AB2BB1D1A70BB1C1B88002B07D067
:104B0000BB1D1B78002B03D10F23FB1805221A7045
:104B10000C217B181A787B1801321A700C22BB18F2
:104B20001B78062BD9D9BB1802221A703DE00C2342
:104B3000FB181B7800220C21180006F08DFB962331
:104B40005B00180018F070FB0B23FB1801221A7091
:104B500020E00B23FB181B78591EBB1C4B4A890015
:104B60008A5A1A80BB1C1B881B0A9AB2BB1D1A707A
:104B7000BB1C1B88002B07D0BB1D1B78002B03D14F
:104B80000F23FB1805221A700B217B181A787B184B
:104B900001321A700B23FB181B780A2BD9D90C2170
:104BA0007B181A787B1801321A700C23FA180E231E
:104BB000FB1812781B789A42B9D90F23FB181B787F
:104BC000002B00D052E10923FB1801221A7017E0D4
:104BD000334B1B881BB209203A181278013A802106
:104BE000090211410A0012B2D24312B213401BB2A1
:104BF0009AB22B4B1A803B181A783B1801321A7064
:104C00000923FB181B78062BE2D90C23FB180E2274
:104C1000BA1812781A7002E10A23FB1801221A70DE
:104C2000B8E00C243B191B785A1E0A257B1918780A
:104C3000174913009B009B185B009B181B185B0017
:104C40005B5A002B30D17B191B78013B154A0021A0
:104C5000D15420003B181B785A1E114B5200D35AD6
:104C60001BB27A191278013A8021090211410A0017
:104C700012B2D24312B2134019B23B181B785A1E1B
:104C800089B2074B5200D1527EE0C046880E002008
:104C9000740F0020A1130020D80A0020700E0020FD
:104CA00048130020400C00200C257B191B785A1E4D
:104CB0000A26BB191C78B91C854813009B009B1859
:104CC0005B009B181B195B001B5A0B80BB1C1B88CD
:104CD000DB089AB2BB1D1A70BB1C1B88DAB27B1DA5
:104CE00007210A401A70BB1D1B785A1E794B5200CF
:104CF000D35A19007B1D1B78013B802212021A41F6
:104D000013000B401ED1BB191B78013B724A0121D5
:104D1000D1547B191B785A1E6E4B5200D35A1AB2CB
:104D2000BB191B78013B8021090219410B001BB202
:104D3000134319B27B191B785A1E89B2654B520076
:104D4000D15221E00A203B181B78013B624A002126
:104D5000D1540C243B191B785A1E5E4B5200D35A77
:104D60001BB23A181278013A8021090211410A0057
:104D700012B2D24312B2134019B23B191B785A1E19
:104D800089B2544B5200D1520A217B181A787B18F1
:104D900001321A700A23FB181B780A2B00D840E74F
:104DA0000C243B191B781900012000F0BFFA2000E9
:104DB0003B181B78013B494AD35C5A1EBB1D48492E
:104DC0008A5C1A707C1DBB1D1A7805003B181B7885
:104DD0001100180000F0AAFA03002370BA1D7B1915
:104DE00012781B789A4206D07B1D1B78013B3A4A09
:104DF000D35C012B02D1384B01229A720C243B194F
:104E00001B780B220E21180006F026FA0A2018F053
:104E10000BFA21007B181A787B18013A1A700C23C0
:104E2000FB181B78012B00D9F6E60923FB18012299
:104E30001A7016E02B4B1B7809217A1812789A42C7
:104E400009D07B181B78180013F0F4FF0300002131
:104E5000180014F01DF809217B181A787B1801320C
:104E60001A700923FB181B78062BE3D90F23FB18B4
:104E70001B78002B25D10C23FB1802221A7019E095
:104E80000C243B191B7800220121180006F0E4F9DC
:104E90003B191B78013B114AD35C1A0013009B009D
:104EA0009B185B00180018F0BFF93B191A783B19E2
:104EB00001321A700C4B1B780C22BA1812789A42E5
:104EC000DED90F23FB181B781800BD4605B0F0BDD6
:104ED000740F002048130020400C0020B011002067
:104EE000D41C0020D80A00207C00002080B586B0A9
:104EF00002AF0200FB1D1A700E23FB1800221A706D
:104F00000F23FB1801221A7028E00F217A18FB1DCD
:104F100012781B789A421BD0164B1B881B0A9BB237
:104F2000DAB2154B1A70134B1B88DAB2124B5A7057
:104F3000114B7A1812789A707B1818780323009313
:104F40000A230022002106F05FFA052018F06CF910
:104F50000F217B181A787B1801321A700F23FB1867
:104F60001B78062BD1D90E23FB181B781800BD46E1
:104F700004B080BD7A000020400C0020F0B58DB058
:104F800000AF1F23F918087069460E00132118237B
:104F9000CB18D9190020087017211823CB18D9195C
:104FA0000020087016211823CB18D919002008708A
:104FB00015201823C318D9190020087014201823AD
:104FC000C318D91900200870D5490978080001389C
:104FD00078623961002078613A697B691000400F7E
:104FE0003A617B61DD0005433B69DC0039600020EC
:104FF00078603C687D682300580F2B00DB00FB6065
:10500000FB680343FB602300DB00BB600B0007333E
:10501000DB08DB006A46D31A9D466B4600333B62D1
:1050200016211823CB18DB1900221A7018E016205D
:105030001823C318DB191B783A6A0021D1541823AE
:10504000C318DB191A78B74B52000021D15218232C
:10505000C318DB191A781823C318DB1901321A7028
:10506000AF4B1B78162218215218D21912789A4287
:10507000DDD315211823CB18DB1918228A18D21971
:10508000127801321A701F23FB181B78013B3A6A11
:10509000080018240919C9190978D1541823C3180C
:1050A000DB1918228218D219127801321A701723CC
:1050B00018229B18DB1901221A7054E01F23FB18D9
:1050C0001B785A1E17241823E318DB191878964901
:1050D00013009B009B185B009B181B185B005B5A1E
:1050E000002B36D01F23FB181B785A1E8D4B520005
:1050F000D35A1AB220001823C318DB191B78013BBE
:10510000012199400B001BB2134319B21F23FB1856
:105110001B785A1E89B2834B5200D1521F23FB18B1
:105120001B785A1E1823C318DB1918787E49130000
:105130009B009B185B009B181B185B005B5ADB08ED
:105140009BB2013B3A6A152118200918C919097840
:10515000D15417211823CB18DB191A781823CB1830
:10516000DB1901321A70172318229B18DB191B78E0
:10517000062BA3D9142318229B18DB1900221A70BE
:1051800015221823D318DB1918215218D2191278B6
:1051900001321A70162318229B18DB1900221A708C
:1051A000A2E0162318229B18DB191B783A6AD35CFD
:1051B0001A00152318215B18DB191B78013B9A4252
:1051C00000D087E0172318229B18DB1901221A70E0
:1051D00078E016241823E318DB191A78172518230A
:1051E000EB18DB191878504913009B009B185B00E3
:1051F0009B181B185B005B5A002B59D01823E3182F
:10520000DB191A781823EB18DB19187846491300B4
:105210009B009B185B009B181B185B005B5ADB080C
:105220009BB2013B3A6AD35C002B41D1200018238A
:10523000C318DB191A783B4B5200D35A1AB22C0010
:105240001823E318DB191B78013B012199400B005F
:105250001BB2134319B21823C318DB191A7889B289
:10526000304B5200D1521823C318DB191A78182377
:10527000E318DB1918782C4913009B009B185B007E
:105280009B181B185B005B5ADB089BB2013B3A6A18
:10529000152118200918C9190978D1541422182386
:1052A000D318DB1918215218D219127801321A704A
:1052B00017211823CB18DB191A781823CB18DB1900
:1052C00001321A70172318229B18DB191B78062B42
:1052D00000D87EE716211823CB18DB191A7818237B
:1052E000CB18DB1901321A700D4B1B7816221821CE
:1052F0005218D21912789A4200D252E71423182277
:105300009B18DB191B78002B00D033E713231822DE
:105310009B18DB191B78B5461800BD460DB0F0BDD3
:105320007C000020A00E0020740F0020B0B594B0C7
:1053300000AF0200FB1D1A70BB1D0A1C1A70082367
:10534000FB1800221A6004332E220021180023F0DB
:10535000E4FB3B23FB1800221A704F23FB180022AA
:105360001A703A23FB1800221A704E23FB180022F1
:105370001A709F4B1A220021180023F0CEFBFB1D50
:105380001B78013B9B4A0021D154FB1D1B78013B3C
:10539000994A0021D1540123BB6432E0FB1D1B78E4
:1053A0005A1E964913009B009B185B009B18BA6C11
:1053B0009B185B005B5A002B20D0FB1D1B785A1EEC
:1053C0008E4913009B009B185B009B18BA6C9B18BE
:1053D0005B005B5ADB089AB2BB1D1B789BB29A42FA
:1053E0000CD1BB1D1B78013B824A0121D154804B5B
:1053F000BA1D12781A70BB6CDBB2F5E0BB6C0133DE
:10540000BB64BB6C062BC9DD01237B6411E0FB1D73
:105410001B787A6C9A4209D07B6C013B754AFF215C
:10542000D1547B6C013B744A0021D1547B6C013315
:105430007B64734B1B781A007B6C9342E7DD77E04B
:1054400008243A196B4B1100180000F0DBF8030038
:105450001A004F217B1801321A707A18BB1D12787E
:105460001B789A426DD07B181B78013B3A190121B9
:10547000D1544323FB1801221A7054E04F243B19E6
:105480001B785A1E43257B1918785C4913009B0032
:105490009B185B009B181B185B005B5A002B3CD0D1
:1054A0003B191B785A1E7B191878544913009B002E
:1054B0009B185B009B181B185B005B5ADB089AB2B9
:1054C0003A217B181A707B181B78013B0822BA1806
:1054D000D35C002B21D13B191B78013B454AD25CA0
:1054E0003B203B1801321A707B181B78013B414A64
:1054F000D35C05003A1812789A420ED208007B1845
:105500001B78013B3B4A79190978D1543B181B7829
:10551000013B394A39190978D15443217B181A784B
:105520007B1801321A704323FB181B78062BA5D970
:105530000823FB18180000F0A9F8031E00D17FE72C
:1055400000E0C04613E04E22BB181B78BA18591C65
:1055500011701900264B4F203A1812785A54010046
:105560007B181B785A1E7B1823498A5C1A704F23BC
:10557000FB181B78013B204AD35C002BE3D10123AD
:10558000FB632DE0FB1D1B785A1E1C4913009B007A
:105590009B185B009B18FA6B9B185B005B5A002BF7
:1055A0001BD0FB1D1B785A1E144913009B009B182F
:1055B0005B009B18FA6B9B185B005B5ADB089BB285
:1055C000BA1D1278013A0B498A5C013A08498A5C93
:1055D000934202D1FB6BDBB206E0FB6B0133FB6352
:1055E000FB6B062BCEDD00231800BD4614B0B0BD0A
:1055F000D41C0020B0110020CC110020740F00201A
:105600007C00002080B584B000AF786039600F2145
:105610007B18FF221A700E23FB1800221A703B68B9
:105620001B78002B03D17B187A6812781A7000233C
:10563000BB601BE0BB687A68D3181B780F217A180F
:1056400012789A420FD9BB683A68D3181B78002B9E
:1056500009D1BB687A68D2187B1812781A700E23A9
:10566000FB18BA681A70BB680133BB60064B1B7825
:105670001A00BB689342DDDB0E23FB181B78180071
:10568000BD4604B080BDC0467C00002080B584B01B
:1056900000AF78600F23FB1801221A700023BB6053
:1056A0000CE0BB687A68D3181A780F217B18791838
:1056B00009780A401A70BB680133BB60064B1B783F
:1056C0001A00BB689342ECDB0F23FB181B78180011
:1056D000BD4604B080BDC0467C000020F0B587B058
:1056E00002AF0200FB1D1A70854A864B110018009C
:1056F00023F094F9834B1800FAF710FD03009AB2D7
:105700008049FB1D187801235B420093322313F07C
:10571000DBFA0F23FB1801221A701BE00F243B1940
:105720001A787949774B180023F078F9754B1800EF
:10573000FAF7F4FC03009AB27249FB1D18780123B2
:105740005B420093322313F0BFFA3B191A783B19DE
:1057500001321A700F23FB181B78062BDED96B4918
:10576000FB1D187801235B4200933223032213F0C0
:10577000ABFA0E23FB1800221A70ABE00E243B1983
:105780001B785A1C62495F4B180023F047F95D4BA8
:105790001800FAF7C3FC03009AB25A49FB1D1878A7
:1057A00001235B420093322313F08EFA3B191A78DF
:1057B000584B16214A43D35A1A0013005B009B181A
:1057C0005B00554A99184F4B0522180023F0D9F970
:1057D0004C49FB1D187801235B42009332230522BC
:1057E00013F072FA4D49FB1D187801235B420093B8
:1057F0003223012213F068FA0D23FB1801221A70DC
:1058000053E00E23FB181A780D23FB181878414932
:1058100013009B009B185B009B181B185B005B5AD6
:10582000002B06D13E49374B0022180023F0F6F832
:1058300026E00E257B191A780D26BB1918783549F4
:1058400013009B009B185B009B181B185B005B5AA6
:10585000DB089BB21C007B191A78BB1918782D49FC
:1058600013009B009B185B009B181B185B005B5A86
:105870001A00072313402B492248220023F0CEF8B8
:10588000204B1800FAF74AFC03009AB21D49FB1D91
:10589000187801235B420093322313F015FA0D218F
:1058A0007B181A787B1801321A700D23FB181B78AD
:1058B000062BA6D91C49FB1D187801235B420093D7
:1058C0003223022213F000FA0E217B181A787B187B
:1058D00001321A70154B1B780E22BA1812789A42B0
:1058E00000D24BE71249FB1D187801235B4200935D
:1058F0003223012213F0E8F9C046BD4605B0F0BDE1
:1059000020DE0208E809002034DE02083CDE02083E
:1059100040DE0208740F002038D802084CDE02086E
:1059200050DE020854DE02085CDE02087C00002023
:1059300060DE020890B587B002AF0200FB1D1A704E
:105940003C4A3D4B1100180023F068F83A4B180010
:10595000FAF7E4FB03009AB23749FB1D18780123DC
:105960005B420093322313F0AFF90F23FB1801229F
:105970001A703EE00E23FB1801221A702EE00F2051
:105980003B181B785A1E2D4B5200D35A19000E2477
:105990003B191B78013B802212021A4113000B4075
:1059A00016D03B181A783B191B782549224823F05A
:1059B00035F8214B1800FAF7B1FB03009AB21E49E3
:1059C000FB1D187801235B420093322313F07CF90E
:1059D0000E217B181A787B1801321A700E23FB18DF
:1059E0001B780A2BCBD90F217B181A787B18013230
:1059F0001A70144B1B780F22BA1812789A42B9D930
:105A0000114A0D4B1100180023F008F80A4B18003A
:105A1000FAF784FB03009AB20749FB1D18780123AB
:105A20005B420093322313F04FF9C046BD4605B0E8
:105A300090BDC04664DE0208E8090020481300203B
:105A400080DE02087C00002094DE0208F0B589B0F8
:105A500002AF0200FB1D1A701223FB1800221A80ED
:105A600017F05AFD0300FB60FB6800221A70C74B59
:105A70001B781A00C649C74B180022F0CFFFC54A51
:105A8000FB681100180023F050F8C34B1B781A0074
:105A9000C249C04B180022F0C1FFBE4AFB6811008A
:105AA000180023F042F8BE49BA48002300930423AB
:105AB000002222F0B3FFB74AFB681100180023F060
:105AC00034F8B84AB849B34B180022F0A7FFB14ADE
:105AD000FB681100180023F028F8B44AB449AD4B14
:105AE000180022F09BFFAB4AFB681100180023F05E
:105AF0001CF8B04AA74B1100180022F08FFFA54AEE
:105B0000FB681100180023F010F81723FB1801227E
:105B10001A7048E017243B191A78A7499D4B1800C2
:105B200022F07CFF9B4AFB681100180022F0FDFF69
:105B30003B191B78A14AD35C042B27D89A00A04BB1
:105B4000D3181B689F469F4A924B1100180022F001
:105B500065FF1CE09C4A8F4B1100180022F05EFF8D
:105B600015E09A4A8B4B1100180022F057FF0EE007
:105B7000974A884B1100180022F050FF07E0954A21
:105B8000844B1100180022F049FF00E0C046814A12
:105B9000FB681100180022F0C8FF17217B181A7843
:105BA0007B1801321A701723FB181B78062BB1D90A
:105BB000894A784B1100180022F030FF754AFB68C3
:105BC0001100180022F0B1FF1623FB1801221A70F1
:105BD00043E016217B181B785A1E804B9200D35845
:105BE0001B68002B0DD17B181A787D49694B180072
:105BF00022F014FF674AFB681100180022F095FF9D
:105C000025E01626BB191C78BB191B785A1E734B4E
:105C10009200D3589B6A18000CF0FEFA03001D0096
:105C2000BB191B785A1E6F4B9200D35818000CF00A
:105C3000F3FA03006C49574800932B00220022F02E
:105C4000EDFE544AFB681100180022F06EFF162189
:105C50007B181A787B1801321A701623FB181B78F0
:105C6000062BB6D9FB681800FAF758FA03001A0099
:105C7000FB689A185D4B1000190003231A0023F0EB
:105C800074F8FB681800FAF749FA03001A00FB6879
:105C90009A18574B100019001D231A0023F065F8BD
:105CA000FB681800FAF73AFA02001223FB181A8070
:105CB0001523FB1801221A7023E0344B1B785A1E5F
:105CC0004C4B5200D35A190015203B181B78013B4E
:105CD000802212021A4113000B400CD03B181A7894
:105CE00045492C4B180022F099FE2A4AFB68110006
:105CF000180022F01AFF15217B181A787B18013240
:105D00001A701523FB181B78062BD6D91223FB1803
:105D10001C88FB681800FAF701FA03009C420ED1B8
:105D2000FB681800FAF7FAF903001A00FB689A18E2
:105D3000324B1000190005231A0023F016F8FB68F7
:105D40001800FAF7EBF903001A00FB689A18274BC2
:105D50001000190003231A0023F007F8FB1D1B781D
:105D6000002B0ED0FB681800FAF7D8F903009AB29E
:105D7000F968FB1D187801235B420093322312F06F
:105D8000A3FFC046BD4607B0F0BDC0467C1300204F
:105D9000B4DE0208E8090020D80A0020D0DE02089C
:105DA000ECDE02080CDF020818DF020830DF020810
:105DB0003CDF020858DF02086CDF0208E80A002016
:105DC00070E0020874DF02087CDF020894DF02083A
:105DD000A0DF0208BCDF0208DCDF0208C82C0020BC
:105DE000F4DF0208201B002010E002085CDE02083D
:105DF00040E002084813002060E0020868E0020862
:105E000090B585B000AF78600E23FB1800221A70A1
:105E10000F23FB1800221A704A4A7B6811001800F1
:105E2000FAF772F9031E03D1474B1B781BB285E0CA
:105E3000464A7B6811001800FAF766F9031E01D183
:105E4000FF237BE07B681B78232B25D17B68013304
:105E5000180021F068FA02000E217B181A700A005F
:105E6000BB181B78002B0AD0394B1B781100BA18CD
:105E700012789A4203D87B181B781BB25EE0324B33
:105E80001B780E22BA1812789A4203D12E4B1B7837
:105E90001BB253E0662351E00F23FB1800221A7057
:105EA0001DE00F243B191A7813009B009B185B0020
:105EB000284A9A187B6811001800FAF725F9031E82
:105EC00007D17B681B78002B03D03B191B781BB2D2
:105ED00034E00F217B181A787B1801321A701C4BA2
:105EE0001B780F217A1812789A42DAD37B18002295
:105EF0001A701DE00F243B191A7813009B009B18A1
:105F00005B00154A9A187B6811001800FAF7FCF834
:105F1000031E07D13B191B781B021BB2FE22134341
:105F20001BB20BE00F217B181A787B1801321A7014
:105F30000F23FB181B78092BDCD964231800BD46FE
:105F400005B090BD84E002087C13002088E00208C0
:105F50007C000020E81100203C0A0020B0B586B08B
:105F600000AF02003960FB1D1A701323FB180022DA
:105F70001A7000237B6100237B610FE07B699A002C
:105F8000404BD2183B6811001800FAF7BDF8031E09
:105F900001D1062371E07B6901337B617B69032BAF
:105FA000ECDD01237B6112E07A6913009B009B18F2
:105FB0005B00354A9A183B6811001800FAF7A4F8FC
:105FC000031E01D1072358E07B6901337B612F4B0E
:105FD0001B781A007B699342E6DB00237B6112E0A9
:105FE0007A6913009B009B185B00294A9A183B684A
:105FF00011001800FAF788F8031E01D107233CE0CE
:106000007B6901337B617B69092BE9DD214B224AE6
:106010001A6019E01F4B1B681B681B68FB60FB685C
:106020001800FAF77BF80300BB60BA68F9683B68B0
:10603000180022F095FD031E01D108231DE0154B29
:106040001B685A68134B1A60124B1B68002BE1D176
:10605000FB1D1A7813009B009B185B000A4A9B18D3
:106060003A681100180022F078FE13257C19FDF71C
:106070003DFF030023707B191B781800BD4606B056
:10608000B0BDC04654D90208E81100207C000020B1
:106090003C0A0020AC1300207402002080B588B0B8
:1060A00000AF02003960FB1D1A701723FB18002295
:1060B0001A700023FB610023BB610023FB6129E010
:1060C000FA6913009B009B185B005B4A9A183B68B7
:1060D00011001800FAF718F8031E18D1FB1D1B78E1
:1060E0005A1E564B5200D35A1AB20121FB699940ED
:1060F0000B001BB2134319B2FB1D1B785A1E89B249
:106100004E4B5200D1521723FB181B7890E0FB69CD
:106110000133FB61FB69092BD2DD0023BB610FE07A
:10612000BB699A00464BD2183B6811001800F9F77A
:10613000EBFF031E01D106237AE0BB690133BB618B
:10614000BB69032BECDD0123BB6112E0BA691300CC
:106150009B009B185B003B4A9A183B681100180093
:10616000F9F7D2FF031E01D1072361E0BB690133B8
:10617000BB61354B1B781A00BB699342E6DB334B9E
:10618000334A1A6019E0314B1B681B681B683B617E
:106190003B691800F9F7C2FF0300FB60FA68396930
:1061A0003B68180022F0DCFC031E01D108233FE00D
:1061B000264B1B685A68254B1A60244B1B68002B22
:1061C000E1D10023FB6118E01B49FA6913009B0031
:1061D0009B185B005B5C002B0CD1FA6913009B00E1
:1061E0009B185B00144A9B183A681100180022F0B3
:1061F000B4FD05E0FB690133FB61FB69092BE3DDBD
:10620000FB1D1B785A1E0D4B5200D35A1AB20121A6
:10621000FB6999400B001BB2134319B2FB1D1B789D
:106220005A1E89B2054B5200D1521723FB181B7816
:106230001800BD4608B080BD3C0A002014130020A1
:1062400054D90208E81100207C000020B01300207F
:106250007402002080B586B000AFB9607A60190082
:106260000F23FB18021C1A700E203B180A1C1A7010
:106270001623FB1820221A807A6880231B059A4275
:1062800000D3D4E07B68DAB2E54B1A70E44B3A18DD
:1062900012785A703B181B78082B00D9BDE19A0080
:1062A000E04BD3181B689F46BB681B78DAB2DC4B07
:1062B0009A700F23FB181B7803222021180004F08A
:1062C000CBFFB4E1BB681B785BB2DAB2D44B9A70F7
:1062D0000F23FB181B7803222021180004F0BCFFB9
:1062E000A5E1BB681B889BB2DAB2CD4B9A70BB6844
:1062F0001B889BB21B0A9BB2DAB2C94BDA700F2320
:10630000FB181B7804222021180004F0A5FF8EE161
:10631000BB681B881BB2DAB2C14B9A70BB681B8882
:106320001BB21B121BB2DAB2BD4BDA700F23FB1883
:106330001B7804222021180004F08EFF77E1BB684F
:106340001B68DAB2B64B9A70BB681B681B0ADAB2DC
:10635000B34BDA70BB681B681B0CDAB2B04B1A7116
:10636000BB681B681B0EDAB2AD4B5A710F23FB18CA
:106370001B7806222021180004F06EFF57E1BB684D
:106380001B68DAB2A64B9A70BB681B681B12DAB2A4
:10639000A34BDA70BB681B681B14DAB2A04B1A71EE
:1063A000BB681B681B16DAB29D4B5A710F23FB1892
:1063B0001B7806222021180004F04EFF37E1BB684D
:1063C0001B78DAB2964B9A70BB6801331B78DAB24D
:1063D000934BDA70BB6802331B78DAB2904B1A71B8
:1063E000BB6803331B78DAB28D4B5A71BB68043338
:1063F0001B78DAB28A4B9A71BB6805331B78DAB224
:10640000874BDA71BB6806331B78DAB2844B1A7299
:10641000BB6807331B78DAB2814B5A720F23FB1823
:106420001B780A222021180004F016FFFFE07C4BA5
:1064300000221A707A4B0E217A1812785A707B68F3
:106440001B0EDAB2764B9A707B681B0CDAB2744B77
:10645000DA707B681B0ADAB2714B1A717B68DAB2A8
:106460006F4B5A717B181B78082B00D9DEE09A001D
:106470006D4BD3181B689F46BB681B78DAB2684B1C
:106480009A711623FB1819880F23FB181B78072213
:10649000180004F0E1FECAE0BB681B785BB2DAB218
:1064A0005F4B9A711623FB1819880F23FB181B7872
:1064B0000722180004F0D0FEB9E0BB681B889BB22D
:1064C000DAB2574B9A71BB681B889BB21B0A9BB20E
:1064D000DAB2534BDA711623FB1819880F23FB1815
:1064E0001B780822180004F0B7FEA0E0BB681B88E8
:1064F0001BB2DAB24A4B9A71BB681B881BB21B12E3
:106500001BB2DAB2464BDA711623FB1819880F2337
:10651000FB181B780822180004F09EFE87E0BB6879
:106520001B68DAB23E4B9A71BB681B681B0ADAB271
:106530003B4BDA71BB681B681B0CDAB2384B1A7222
:10654000BB681B681B0EDAB2354B5A721623FB1858
:1065500019880F23FB181B780A22180004F07CFE10
:1065600065E0BB681B68DAB22D4B9A71BB681B688B
:106570001B12DAB22A4BDA71BB681B681B14DAB241
:10658000274B1A72BB681B681B16DAB2244B5A726F
:106590001623FB1819880F23FB181B780A221800F2
:1065A00004F05AFE43E0BB681B78DAB21C4B9A71C8
:1065B000BB6801331B78DAB2194BDA71BB6802335E
:1065C0001B78DAB2164B1A72BB6803331B78DAB247
:1065D000134B5A72BB6804331B78DAB2104B9A72B1
:1065E000BB6805331B78DAB20D4BDA72BB68063331
:1065F0001B78DAB20A4B1A73BB6807331B78DAB21E
:10660000074B5A731623FB1819880F23FB181B78A6
:106610000E22180004F020FE09E0C04607E0C04644
:10662000400C00208CE00208B0E00208C0463B6A43
:10663000002B13D01AF02CF903003B61C0460A4B23
:106640001B78002B07D01AF023F902003B69D31AFC
:106650003A6A9A42F3D8044B1B7800E000231800F2
:10666000BD4606B080BDC0469D130020B0B584B0C5
:1066700002AF1E2020F05EFE03007B607B681E22BE
:106680000021180022F049FA0C4B1B7D5A1E0C4BBE
:106690009200D258094B9B7D1D00084B5B7D1C006E
:1066A000064B1B8B07497868019300942B0022F05E
:1066B000B5F97B681800BD4602B0B0BD801300205C
:1066C00000000020D4E0020890B587B004AF0200BB
:1066D000FB1D1A70BB1D0A1C1A700D4B19780C4B50
:1066E0001C78BB1D1A78FB1D187801230393012326
:1066F0005B42029301235B42019302230093230038
:1067000005F0F2F803001800BD4603B090BDC04686
:106710007C13002080B588B006AF0200FB1D1A7004
:10672000BB1D0A1C1A70002304930023039300234B
:1067300002930023019300230093002300220021F1
:106740000020FDF73BFCFB1D1B785A1E1F4B9200DF
:10675000D3581B68002B14D0BB1D1B785A1E1B4B33
:106760009200D3581B68002B0BD0FB1D1B78180020
:106770000FF002F9BB1D1B7818000FF0FDF8002385
:1067800020E0FB1D1B785A1E104B9200D3581B684B
:10679000002B06D0FB1D1B7818000FF0EDF800232E
:1067A00010E0BB1D1B785A1E084B9200D3581B6883
:1067B000002B06D0BB1D1B7818000FF0DDF800235E
:1067C00000E068231800BD4602B080BDC82C002040
:1067D000B0B588B002AF78600D23FB1800221A70A4
:1067E0001723FB1800221A7000233B610E23FB18AD
:1067F00000221A8001235B421900012019F084FA5B
:1068000016F08AFE03003B61784B9A68E1231B0374
:106810009A421ED01623FB1801221A7014E0744B02
:106820001B7816217A1812789A4207D0E1231A03AE
:106830007B181B781100180012F0DCFA16217B1867
:106840001A787B1801321A701623FB181B78062B56
:10685000E5D9684B1B781C00674B1B881A00130096
:106860005B009B185B00654A9A18614B1B78644972
:10687000644800931300220022F0D0F85C4B1C788F
:10688000614B1D68604B1B681800F9F747FC03005B
:106890009AB20A232900200012F06CFA544B1C789B
:1068A000584B1800F9F73AFC03009AB255490A23ED
:1068B000200012F05FFA554B1B78012B00D091E0BD
:1068C000534B1A780D217B181A70514B00221A7005
:1068D0004E4B00221A70464B18780C0079180A2388
:1068E000012212F047FA3B191B787F2B3CD050DC79
:1068F0000D2B05D04DDC082B36D00A2B6DD048E08F
:106900003B4B1C78434B1D68424B1B681800F9F742
:1069100005FC03009AB20A232900200012F02AFA8B
:106920001723FB181B785BB2002B05D13A4A3B4B6F
:106930001100180022F011FA2D4B18783B69374AE4
:10694000012100F06FF8354A334B1100180022F096
:1069500004FA1723FB1800221A70304B3222002150
:10696000180022F0DAF83DE017217B181B785BB2A3
:10697000002B34DD7B181B785BB2DBB2013BDAB253
:106980007B181A707B181B785BB2244A0021D15403
:1069900025E00D203B181B785A1C214BD3181B787F
:1069A0001A00972313401CD017217B181B785BB269
:1069B000312B16DC3B181A7808007B181B785BB269
:1069C00051B2164AD15401007B181B785BB2DBB27E
:1069D0000133DAB27B181A7003E0C04602E0C04609
:1069E00000E0C04617F00CF865E7C04680130020B1
:1069F000D80A00207C1300207A00002038D8020832
:106A0000D4E30208041400209C000020DE0A0020C9
:106A10003A240020A0000020C81400209414002074
:106A2000301B0308F0B58DB002AFBA607B600F2356
:106A3000FB18021C1A700E23FB180A1C1A70142370
:106A4000FB1800221A60043305220021180022F0EE
:106A500064F800233B621E23FB1800221A80BB68E7
:106A6000180000F09DFAC94B1B78002B22D1C849B1
:106A7000BB680322180022F073F8031E1AD1BB680A
:106A800003331900012000F0C1FA031E09D0C14AE6
:106A90007B681100180021F0C1FFBC4B00221A7066
:106AA00005E0BA4B02221A707B680D221A7000238F
:106AB0007B6217E2B54B1B78002B18D0B649BB6838
:106AC0000622180022F04CF8031E10D1AF4B002212
:106AD0001A70B24B1900032000F098FAB04A7B6894
:106AE0001100180021F09AFF00237B62FAE1A74B06
:106AF0001B78022B13D1BB681900022000F086FA24
:106B0000031E06D0A34A7B681100180021F086FFFF
:106B100002E07B680D221A7000237B62E2E1BB6811
:106B20002E21180022F00EF803003B623B6A002B76
:106B300000D1CEE13B6A033B9A490322180022F0C0
:106B40000FF8031E00D1C4E13B6A01331B785A1CC5
:106B5000954BD3181B781A000423134000D0B8E1DA
:106B60003A6ABB68D31A1A00B96814257B19180051
:106B700022F007F81E26BC197B191800FFF740F910
:106B800003002380BB1900229B5E884A127893423F
:106B90000AD13B6A0133992292007968180016F0F5
:106BA0002DFC03007B629DE11E23FB1800229B5EEF
:106BB000642B08D17E4A7B681100180021F02EFF5B
:106BC00000237B628EE11E23FB1800229B5E662B56
:106BD00008D1784A7B681100180021F01FFF0023BC
:106BE0007B627FE11E23FB1800229B5EFF2B48D1B6
:106BF000714B1A220021180021F08FFF3B6A5C1CA8
:106C0000BB681800F9F78AFA05001426BB191800AA
:106C1000F9F784FA0300EB1A5A1E684B210018009A
:106C200021F0AFFF614B1D78BB681800F9F776FAC9
:106C300003009CB2BB191800F9F770FA03009BB26D
:106C4000E31A9BB21722FF21280004F0BBFA3B6A2B
:106C50000133992292007968180016F0CFFB0300E7
:106C60007B627B681800F9F759FA03001A007B6809
:106C70009A18534B100019001D231A0022F075F8C2
:106C800030E11E22BB181B88DBB2FE2B59D1BB188A
:106C900000229B5E1B121BB2DAB24A4B1A70464BA3
:106CA0001A220021180021F038FF3B6A5C1CBB68E7
:106CB0001800F9F733FA05001423FB181800F9F748
:106CC0002DFA0300EB1A5A1E3C4B2100180021F04C
:106CD00058FF364B1D783B4B1E78BB681800F9F700
:106CE0001DFA03009CB21423FB181800F9F716FADA
:106CF00003009BB2E31A9BB217223100280004F074
:106D000061FA2A4B1B785A1E2F4B5200D35A1A0095
:106D10002C4B1B781A4113000122134009D03B6A07
:106D20000133992292007968180016F067FB03007E
:106D30007B621423FB187A682449786821F06EFE80
:106D4000D0E03B6A013322490622180021F008FFF7
:106D5000031E43D11F4B1A7860218A431A701E24E8
:106D60003B191B88DBB200221921180004F074FAC9
:106D7000642016F059FA0D4B18783B191B88D9B2CC
:106D8000154B1A7800230AF06FFC7FE0FA140020FC
:106D900000E4020804E4020858E4020860E402087F
:106DA00064E40208A8E40208301B03087C130020F6
:106DB000ACE40208D4E40208F8120020400C0020E1
:106DC000FCE40208FB140020141300201CE5020858
:106DD00048E502089C130020D80A00203B6A5C1C8E
:106DE000BB681800F9F79AF905001426BB191800BA
:106DF000F9F794F90300EB1A5A1E614B21001800B1
:106E000021F0BFFE1E23FB181B88DDB2BB681800F3
:106E1000F9F784F903009CB2BB191800F9F77EF961
:106E200003009BB2E31A9BB2013B9BB21A001721ED
:106E3000280004F011FA1E23FB1800229A5E514923
:106E40007B68180021F0EAFD7B681B78002B13D0CB
:106E50000E23FB181B78002B0ED07B681800F9F767
:106E60005DF903009AB279680F23FB1818780123A3
:106E70000093322311F028FF7B681800F9F74EF9D0
:106E800002007B680021180021F047FE3E4B1B7872
:106E900060221340DBB2602B18D1FA239B0019004B
:106EA000012018F031FF394B1B78002B0ED0384BE6
:106EB0001B8801339AB2364B1A801E23FB1800221E
:106EC0009B5E7A683349786821F0A8FD00237B62D5
:106ED00008E099239A007968BB68180016F08EFACA
:106EE00003007B627B681B78002B14D00E23FB18F9
:106EF0001B78002B0FD07B681800F9F70FF90300FF
:106F00009AB279680F23FB18187801235B4200932B
:106F1000322311F0D9FE7B681800F9F7FFF8020060
:106F20007B680021180021F0F8FD7B6A002B00D05F
:106F300095E51423FB1809220021180021F0EDFD2E
:106F4000154B1B78002B17D10E23FB181B78002B39
:106F500012D0124B1C68114B1B681800F9F7DEF8B1
:106F600003009AB20F23FB18187801235B420093A9
:106F70003223210011F0A8FEC046BD460BB0F0BD83
:106F8000400C002050E502089C1300209D130020B7
:106F90002C14002074E50208FA140020A40000203C
:106FA00080B584B000AF78600023FB6020E0FB6810
:106FB0007A68D2180B217B1812781A707B181B780C
:106FC0005A1C114BD3181B781A0003231340012BB2
:106FD00003D17B181B78203302E00B23FB181B78AE
:106FE000FA6879688A18DBB21370FB680133FB60BA
:106FF000FB687A68D3181B78002BD8D1C046C046EE
:10700000BD4604B080BDC046301B030890B587B0B4
:1070100000AF02003960FB1D1A7000237B61002362
:107020003B613E4B1B785A1E13009B009B189B0034
:107030003B4A9B18FB60FB1D1B78032B05D065DCCE
:10704000012B08D0022B0CD060E0FB6801221A74DF
:107050000AF0F2F95CE03B68180000F063F8030006
:1070600057E0FB68DB68002B2FD0FB68DB6818005B
:10707000F9F754F803003B61FB68DC683B681800D3
:10708000F9F74CF802003B69D318023319002000CD
:1070900020F09EFB0300BB60BB68002B01D10E23D8
:1070A00037E0FB68BA68DA60FB68DA683B69D318D6
:1070B00013221A70FB68DA683B690133D3183A6807
:1070C0001100180021F049FE22E03B681800F9F792
:1070D00025F803000133180020F02CF903001A00F2
:1070E000FB68DA60FB68DB68002B07D1FB681422C1
:1070F0000021180021F011FD0E230AE0FB68DB6877
:107100003A681100180021F028FE01E0FF2300E09A
:1071100000231800BD4607B090BDC046DD0A002020
:1071200030140020B0B58AB000AF78602723FB1878
:1071300000221A7000233B620023FB610023BB6125
:107140001723FB1800221A701623FB1800221A704E
:107150001523FB1800221A70914B1B78042B01D9C0
:107160000E2319E18E4B1B781A0013009B009B180D
:107170009B008C4A9B183B613B690A220021180046
:1071800021F0CBFC7B681B78622B00D06AE07B6827
:1071900002331B782E2B65D17B6801331B782F2B94
:1071A00060D97B6801331B78362B5BD87B68013351
:1071B0001A7817243B19303A1A703B6901221A7069
:1071C0003B693A1912789A707B6803337649072233
:1071D000180021F0C5FC031E18D13B690522DA70A6
:1071E00020003B181A78714913005B009B18CB18DC
:1071F00002331B781A00012313402BD13B181B7854
:107200000122052118000FF081FD23E07B68033384
:1072100067490E22180021F0A3FC031E18D13B6918
:107220000622DA7017203B181A78604913005B00B9
:107230009B18CB1802331B781A000223134009D184
:107240003B181B780122062118000FF05FFD01E0BA
:107250006723A1E0524B1B780133DAB2504B1A700E
:10726000002399E07968534B3122180021F089FC02
:10727000504B3122002199544F4A4E4B11001800B7
:1072800021F094FC03003B624B4B1900002021F0DD
:107290008DFC0300FB61484B1900002021F086FCA7
:1072A0000300BB613B6A002B01D1672374E0162504
:1072B0007C193B6A1800FCF7FFFF030023702900CC
:1072C0007B181B78002B14D0FB69002B11D1BB69F4
:1072D000002B0ED13B6902221A703B697A18127892
:1072E000DA702F4B1B780133DAB22D4B1A70002362
:1072F00052E0FB69002B4ED0BB69002B4BD015250B
:107300007C19BB691800FCF7D7FF03002370290024
:107310007B181B78002B0CD03B6904221A703B6948
:107320001622BA181278DA703B697A181278DA7174
:107330001BE03B6903221A703B691622BA181278C7
:10734000DA70BB6918001FF0E3FF02000B001000A9
:107350001900FBF707FF031CFB603B6906330C2297
:10736000B9180422180021F000FDFB691800FCF791
:10737000D5FF03001A003B695A703B695B78002B0C
:1073800001D1672308E0064B1B780133DAB2044BC6
:107390001A70002300E067231800BD460AB0B0BD94
:1073A000DD0A00203014002094E50208982D00200A
:1073B0009CE50208FC140020ACE5020890B587B0FB
:1073C00000AF0200FB1D1A701723FB1800221A7071
:1073D00000233B610023FB60FB1D1A786749130003
:1073E0009B009B189B005B5C042B00D1BCE000DD84
:1073F000BCE0032B2BD000DDB8E0012B03D0022B27
:1074000000D1B5E0B2E0FB1D1A78172439195B48AA
:1074100013009B009B189B00C31802331B780B7052
:10742000FB1D1A78554913009B009B189B00CB1835
:10743000033319783B191A78514813005B009B18E5
:107440001B5C994201D1012394E0002392E0FB1DD3
:107450001A784A4913009B009B189B00CB180333F2
:107460001B781022BA18110018000AF07BFFFB1DD0
:107470001A7813009B009B189B00404A9B18991D8B
:107480000C23FB180422180021F06FFCFB1D1A7856
:107490003A4913009B009B189B00CB1801331B78C3
:1074A000062B00D95EE09A00364BD3181B689F4626
:1074B0003B69FA68111C181CF9F70CF8031E00D17F
:1074C00051E0012356E03B69FA68111C181CF9F7DA
:1074D0001BF8031E00D146E001234BE03B69FA682C
:1074E000111C181CF8F7FCFF031E00D13BE03B69A0
:1074F0000021181CF8F7EEFF031E00D033E0012333
:1075000038E03B69FA68111C181CF9F707F8031EEC
:1075100000D128E001232DE03B69FA68111C181CFA
:10752000F8F7E8FF031E00D11DE03B690021181C9D
:10753000F8F7D0FF031E00D015E001231AE03B69E5
:10754000FA68111C181CF8F7C5FF031E00D00AE0EA
:107550003B690021181CF8F7BDFF031E00D002E0B4
:10756000012307E0C04604E0C04602E0C04600E058
:10757000C04600231800BD4607B090BD301400205F
:10758000982D0020B0E5020880B582B000AF7B1DC9
:1075900000221A70BB1D00221A8000233B6015F0E8
:1075A000BBFF03003B60BB1D00221A8043E0BB1DF4
:1075B0001A88274913009B009B189B00CB18103397
:1075C0001B78002B32D0BB1D1B88DBB21800FFF7E5
:1075D000F5FE031E2AD01F4B1A7860218A43111C26
:1075E00020220A431A7010E01B4B18783B681B4A94
:1075F0000021FFF717FA3B681800F8F78FFD02002B
:107600003B680021180021F088FABB1D1A88104938
:1076100013009B009B189B00CB180C331B680F4A70
:107620001100180000F01EF8031EDDD1BB1D1A88E2
:10763000BB1D01321A800A4B1B781A00BB1D1B8828
:107640009342B4D37B1D1B781800BD4602B080BDA9
:10765000301400209C130020D80A00203015002090
:10766000DD0A002090B583B000AF78603960314BFF
:107670001B785A1E304913009B009B189B00CB18A7
:107680000C331B68002B01D100234FE02B4B1B68F0
:10769000002B02D1294B7A681A60284B1B681B7893
:1076A000002B04D1254B00221A6000233EE0234B1F
:1076B0001B681321180021F045FA0200204B1A60C4
:1076C0001F4B1B68002B1BD01C4B19681C4B1A68E6
:1076D0001A4B1B68D31A1A003B68180021F051FAA4
:1076E000174B1A68154B1B68D31A1A003B689B1876
:1076F00000221A70124B1B685A1C104B1A6014E0BF
:107700000E4B19683B683122180021F03AFA3B68A9
:10771000313300221A70094B1C683B681800F8F7D7
:10772000FDFC0300E218054B1A6001231800BD465A
:1077300003B090BDDD0A0020301400206415002045
:107740006815002080B500AFBFF34F8FC046044BD3
:10775000044ADA60BFF34F8FC046C046FDE7C0461B
:1077600000ED00E00400FA0580B500AFC046BD465C
:1077700080BD000080B500AF464B180015F016FE26
:10778000454B180015F012FE444B180015F00EFE84
:10779000434B180015F00AFE424B180015F006FE88
:1077A000414B180015F002FE404B180015F0FEFD8D
:1077B0003F4B180015F0FAFD3E4B180015F0F6FD92
:1077C0003D4B180015F0F2FD3C4B180015F0EEFD96
:1077D0003B4B180015F0EAFD3A4B180015F0E6FD9A
:1077E000394B180015F0E2FD384B180015F0DEFD9E
:1077F000374B180015F0DAFD364B180015F0D6FDA2
:10780000354B180015F0D2FD344B180015F0CEFDA5
:10781000334B180015F0CAFD324B180015F0C6FDA9
:10782000314B180015F0C2FD304B180015F0BEFDAD
:107830002F4B180015F0BAFD2E4B180015F0B6FDB1
:107840002D4B180015F0B2FD2C4B180015F0AEFDB5
:107850002B4B180015F0AAFD2A4B180015F0A6FDB9
:10786000294B180015F0A2FD284B180015F09EFDBD
:10787000274B180015F09AFD264B22221A70254B33
:1078800023221A700AF008FDFFF76EFFC046BD46BE
:1078900080BDC046C4E602085CE60208F8E60208BD
:1078A000D8E8020828E9020860E90208B0E90208FD
:1078B00020EA02085CEA02089CEA02085CEB020883
:1078C000D8EB020830EC020880EC020818ED020840
:1078D0006CED0208C4ED020844EE020880EE0208D6
:1078E000D0EE020820EF020880EF0208C8EF02087D
:1078F00010F0020858F0020898F00208E0F00208C0
:10790000C0F102083CF2020884F20208D4F2020834
:1079100040F30208DC0A002080B586B000AFF860B2
:10792000B9607A600B4B7B617A69FB6811001800C3
:1079300021F013FA7B691800F8F7F0FB0200FB68EE
:107940009B18180018F09CF800231800BD4606B0DC
:1079500080BDC04650F3020880B586B000AFF86025
:10796000B9607A600B4B7B617A69FB681100180083
:1079700021F0F3F97B691800F8F7D0FB0200FB68EF
:107980009B18180018F022F900231800BD4606B015
:1079900080BDC046A0F3020890B585B000AFF86086
:1079A000B9607A601E4B1B7819001E4A0B009B00C1
:1079B0005B185B009B5C002B09D11B4B1968184BB3
:1079C0001B781A00FB68180021F028F811E0174B0B
:1079D0001968134B1B781C00114B1B781A001300FD
:1079E0009B009B185B000F4A9B18F868220021F04F
:1079F00015F880239B010E48012219001BF08DF819
:107A0000C82015F011FC80239B01094800221900B1
:107A10001BF083F800231800BD4605B090BDC0469A
:107A20007C130020E8110020A8000020AC000020FA
:107A300000080050B0B588B002AFF860B9607A6055
:107A40001523FB1800221A70694A7B68012118006F
:107A500015F06AFD0200674B1A60664B1B68002B2D
:107A60002AD1654B1968654B1B781A00FB68180012
:107A700020F0D4FF624B1A68FB681100180021F057
:107A800054F8604B1C78FB681800F8F747FB0300BC
:107A90009AB2F96801235B4200933223200011F06F
:107AA00013F9594B594A1A60594B01221A700A208E
:107AB00015F0BAFBFFF746FE4E4B18684C4B1B689F
:107AC0001A00544B190021F04BF8031E00D07AE045
:107AD000514A7B680221180015F026FD02004F4B29
:107AE0001A604F4A7B680321180015F01DFD020043
:107AF0004C4B1A60494B1B681B785BB2232B0AD195
:107B0000464B1B68013318001FF00DFC02001723C1
:107B1000FB181A7003E01523FB1868221A70414BFA
:107B20001B681B785BB2702B0AD13E4B1B6801337C
:107B300018001FF0F8FB02001623FB181A7003E070
:107B40001523FB1868221A702C4B1B7817257A19FD
:107B500012789A421FD0344B1A7860218A431A70E7
:107B6000324B16243A1912781A707B191B780122AD
:107B70001A21180003F070FB642015F055FB1F4B11
:107B80001878204B1A783B191C787B191978230038
:107B900009F06AFD1BE016243B19187800230093B6
:107BA00019230022002103F02FFC642015F03CFB78
:107BB000124B1878114B1978124B1A783B191B7815
:107BC00009F052FD03E01523FB1868221A701523F3
:107BD000FB181B78682B06D1154B1A68FB6811003F
:107BE000180021F0BAF800231800BD4606B0B0BD59
:107BF000BC150020C0150020B00000207C13002020
:107C000068000020D80A0020F03F0220EFBEADDE61
:107C1000DA0A0020E4F30208C4150020C815002089
:107C2000CC150020D01500209C130020400C002013
:107C3000B4000020B0B588B002AFF860B9607A60D7
:107C400017257B1900221A70324B1A68FB68110045
:107C5000180021F082F8304B1C78FB681800F8F708
:107C60005DFA03009AB2F96801235B420093322364
:107C7000200011F029F87C19FCF760FC0300237048
:107C80007B191B78002B23D1244B1968244B1B78BC
:107C90001A00FB68180020F0C1FE1F4B1C78FB681F
:107CA0001800F8F73BFA03009AB2F96801235B4227
:107CB00000933223200011F007F8174B1B781800AF
:107CC000FDF70CFD144B1B781800FDF733FE16E092
:107CD000144B1A68FB681100180021F03EF80E4B97
:107CE0001C78FB681800F8F719FA03009AB2F968D3
:107CF00001235B4200933223200010F0E5FF0A4A83
:107D0000FB681100180020F089FE00231800BD4612
:107D100006B0B0BDB8000020D80A0020BC0000208A
:107D20007C000020C0000020E8F3020880B584B089
:107D300000AFF860B9607A60FFF704FDB0B586B0B7
:107D400000AFF860B9607A601723FB1800221A7040
:107D50002D4A7B680121180015F0E6FB02002B4B31
:107D60001A60294B1B68092B04DD284B1B6809335B
:107D700000221A70264B1A78244B1B6817257C1991
:107D800019001000FEF7EAF8030023707B191B7836
:107D9000002B0AD11F4B19681D4B1B781A001B4B77
:107DA0001B68F86820F03AFE28E01723FB181B78C0
:107DB000062B08D1184B1968144B1A68FB68180079
:107DC00020F02CFE1AE01723FB181B78072B08D194
:107DD000124B19680D4B1A68FB68180020F01EFE44
:107DE0000CE01723FB181B78082B07D10C4B1968E4
:107DF000064B1A68FB68180020F010FE00231800DC
:107E0000BD4606B0B0BDC046D4150020D815002030
:107E10007C130020C4000020C8000020CC000020FB
:107E2000D0000020B0B594B000AFF860B9607A60BF
:107E30004F23FB1800221A702023FB1800221A601F
:107E4000043323220021180020F067FE4C23FB1886
:107E500000221A804A243B1900221A8014257B191B
:107E600000221A60043306220021180020F055FE7B
:107E70009C4A7B680121180015F056FB02009A4BC2
:107E80001A60994B1968974B1B681A007B191800E8
:107E900020F077FE3B1901221A804923FB180022AB
:107EA0001A701BE04923FB181A7813009B009B18DB
:107EB0005B008E4A9A181423FB1811001800F8F77B
:107EC00023F9031E04D14A23FB1800221A800AE07A
:107ED00049217B181A787B1801321A704923FB1844
:107EE0001B78092BDED9824B02221A70FA68814B6B
:107EF000100019000A231A0020F037FF7C4B1B7872
:107F00005BB219007C4A7B68180015F00DFB02007B
:107F10007A4B1A605DE0794B1968774B1B681A0041
:107F200020243B19180020F02CFE734B1B68200006
:107F30003A180021D1544C257C193B181800FDF744
:107F40005FFF030023807B1900229B5E002B45DB33
:107F50007B191B88DBB24F257C191422BA1811003B
:107F60001800FEF79BF8030023707B191B78002B89
:107F700036D15F4B1B785BB2022B0EDDFB6818001D
:107F8000F8F7CCF803001A00FB689A185C4B100055
:107F9000190003231A0020F0E8FE2023FA18FB68DA
:107FA0001100180020F0C1FD514B1B785BB2DBB211
:107FB0000133DBB25AB24E4B1A704D4B1B785BB299
:107FC00019004D4A7B68180015F0AEFA02004B4BC1
:107FD0001A604A4B1B68002B9DD102E0C04600E0AE
:107FE000C0464C23FB1800229B5E002B08DA454B51
:107FF00019682023FA18FB68180020F00FFD6CE0C8
:108000003B4B1B785BB2022B08D13F4B1968142302
:10801000FA18FB68180020F001FD5EE04F23FB1802
:108020001B78002B15D14A23FB1800229B5E002BE6
:108030000FD0364B19681423FA1820243B19180066
:1080400020F0ECFC3A19FB681100180020F06DFDDF
:1080500043E04F23FB181B78002B15D14A23FB1854
:1080600000229B5E002B0FD1294B19681423FA18AC
:1080700020243B19180020F0D1FC3A19FB681100AC
:10808000180020F052FD28E04F23FB181B78062B28
:1080900008D1204B19681423FA18FB68180020F047
:1080A000BDFC1AE04F23FB181B78072B08D11A4B95
:1080B00019681423FA18FB68180020F0AFFC0CE0D4
:1080C0004F23FB181B78082B07D1144B1968142376
:1080D000FA18FB68180020F0A1FC00231800BD4628
:1080E00014B0B0BDDC150020E01500203C0A0020D3
:1080F000E4150020ECF30208E8150020EC15002040
:10810000F8F30208D4000020D8000020DC00002092
:10811000E0000020E4000020E8000020EC00002047
:1081200080B584B000AFF860B9607A600020FDF7D8
:108130008DFC00231800BD4604B080BD90B589B009
:1081400002AFF860B9607A6017217B1800221A70BC
:10815000334B1B78012B04D97C1810F025FF03004A
:1081600023702F4B1B781A002E49FB68180020F053
:1081700055FC2D4B1C78FB681800F7F7CFFF030068
:108180009AB2F96801235B4200933223200010F079
:108190009BFD264AFB681100180020F03FFC224B93
:1081A0001C78FB681800F7F7B9FF03009AB2F9686A
:1081B00001235B4200933223200010F085FD1A4B0F
:1081C0001B781800FDF78AFA174B1B781800FDF78B
:1081D000B1FB1723FB181B78022B15D1144AFB683F
:1081E0001100180020F01AFC0F4B1C78FB681800D7
:1081F000F7F794FF03009AB2F96801235B420093FA
:108200003223200010F060FD0A4AFB6811001800BC
:1082100020F004FC00231800BD4607B090BDC04606
:108220007C000020FCF30208D80A002018F40208A1
:108230002CF40208E8F30208F0B58BB002AFF86046
:10824000B9607A601D23FB1800221A700023BB61FD
:1082500000237B611F23FB1800221A701E243B1988
:1082600000221A701823FA187B680121180015F0F3
:108270005BF902003D4B1A603C4B1B68BA693C49F4
:10828000180020F06DFC031E03D13B1901221A7067
:1082900028E0364B1B68BA693649180020F060FCAC
:1082A000031E04D11E23FB1802221A701AE02F4B62
:1082B0001B68BA693049180020F052FC031E04D133
:1082C0001E23FB1803221A700CE0284B1B68BA69A6
:1082D0002A49180020F044FC031E03D11E23FB187A
:1082E00004221A701423FA187B680221180015F072
:1082F0001BF90200224B1A60214B1B681B785BB2F2
:10830000702B09D11E4B1B68013318001FF00BF8AE
:1083100002001F23FB181A701D26BC191F257B198C
:108320001A781E23FB181B78110018000EF0ECFAC7
:1083300003002370BB191B78002B12D10B4B1B6859
:10834000BA699B1800221A700E4B1968074B1A68FD
:108350007B191C787B191B78F8680093230020F0A8
:108360005DFB00231800BD4609B0F0BDF0150020EC
:1083700070F4020880F4020890F402089CF40208E9
:10838000F4150020F0000020F0B587B000AFF860D1
:10839000B9607A601623FB1800221A7000233B6133
:1083A00017243B1900221A701023FA187B68012148
:1083B000180015F0B9F80200164B1A60154B1B682F
:1083C0001B785BB2702B08D1124B1B68013318006D
:1083D0001EF0A9FF02003B191A701626BC191725BA
:1083E0007B191B7818000EF0C3FB03002370BB1928
:1083F0001B78002B08D1084B19687B191A787B1958
:108400001B78F86820F00AFB00231800BD4607B06F
:10841000F0BDC046F8150020F4000020F0B5C646B7
:1084200000B592B004AFF860B9607A603723FB18EA
:1084300000221A7000237B6200233B620023FB6151
:108440000023BB6100237B613023FB1800221A80CC
:108450000023FB623623FB1800221A703523FB1819
:1084600000221A703423FB1800221A702B23FB18E9
:1084700000221A703323FB1800221A702423FA18E2
:108480007B680121180015F04FF80200CB4B1A60F1
:10849000CA4B1B68CA490422180020F061FB031E66
:1084A00000D020E22023FA187B680221180015F082
:1084B0003BF80200C34B1A60C04B1B68181D7B6A57
:1084C000043B1A00C04B190020F04AFB031E00D0E9
:1084D000A3E0BC4B1B683A6ABC49180020F040FB83
:1084E000031E1CD1BA4B1A7860210A431A70B84B8C
:1084F0001B785B07DB0FDBB21B021AB2B44B1B7895
:108500005B069B0FDBB21BB213431BB29AB28A23EA
:108510005B00110018000DF0D5FB00F0FDFCA94B2D
:108520001B683A6AAB49180020F01AFB031E1FD1E2
:10853000A74B1A7860218A43111C20220A431A7023
:10854000A34B1B785B07DB0FDBB21B021AB2A04BFD
:108550001B785B069B0FDBB21BB213431BB29AB2B4
:108560008A235B00110018000DF0ACFB00F0D4FC76
:10857000944B1B683A6A9849180020F0F1FA031EE0
:108580001FD1934B1A7860218A43111C40220A4361
:108590001A708F4B1B785B07DB0FDBB21B021AB222
:1085A0008B4B1B785B069B0FDBB21BB213431BB2DA
:1085B0009AB28A235B00110018000DF083FB00F0D3
:1085C000ABFC804B1B683A6A8449180020F0C8FA5B
:1085D000031E1CD17E4B1A7860218A431A707C4B93
:1085E0001B785B07DB0FDBB21B021AB2784B1B78E0
:1085F0005B069B0FDBB21BB213431BB29AB28A23FA
:108600005B00110018000DF05DFB00F085FC3723C6
:10861000FB1868221A7000F07FFC684B1B68181D5D
:108620007B6A043B1A006E4B190020F099FA031E76
:108630002BD1644B1B683A6A6449180020F090FA09
:10864000031E1CD1624B1A7804210A431A70604B36
:108650001B785B07DB0FDBB21B021AB25C4B1B788B
:108660005B069B0FDBB21BB213431BB29AB28A2389
:108670005B00110018000DF025FB00F04DFC3723C6
:10868000FB1868221A7000F047FC4C4B1B68181D41
:108690007B6A043B1A00534B190020F061FA031E59
:1086A0002DD1484B1B6818001EF037FE0300FB62FB
:1086B000FA6AE1231B039A421BD84B4BFA6A9A6071
:1086C000494B9B689AB28C235B00110018000DF097
:1086D000F9FA454B9B681B0C9AB21A23FF33110021
:1086E00018000DF0EFFA3623FB1801221A7000F083
:1086F00013FC3723FB1868221A7000F00DFC2F4B77
:108700001B68181D7B6A043B1A00384B190020F0C7
:1087100027FA031E22D12B4B1B6818001EF0FDFD0B
:10872000020030217B181A800A00BB181B88002B1E
:108730000ED02D4B1100BA1812881A807B181A8897
:108740001623FF33110018000DF0BCFA00F0E4FB13
:108750003723FB1868221A7000F0DEFB174B1B68EA
:10876000181D7B6A043B1A00214B190020F0F8F910
:10877000031E3FD1134B1B6818001EF0CEFD0200F4
:1087800030217B181A800A00BB181B88002B0ED0E2
:10879000154B1100BA1812885A807B181A888B233F
:1087A0005B00110018000DF08DFA00F0B5FB3723C7
:1087B000FB1868221A7000F0AFFBC046FC150020C1
:1087C000A8F4020800160020B0F40208BCF4020865
:1087D0009C130020C0F40208C8F40208CCF402087C
:1087E000D4F40208DCF4020880130020E8F4020844
:1087F000F4F40208D74B1B68181D7B6A043B1A006F
:10880000D54B190020F0ACF9031E2ED1D34B1B68B9
:1088100018001EF082FD020030217B181A800A0029
:10882000BB181B88002B1AD0BB181B88FF2B16D82F
:10883000BB181B88DAB2CA4B1A71C94B5B791B0291
:108840001AB2C74B1B791BB213431BB29AB218233F
:10885000FF33110018000DF035FA00F05DFB3723EF
:10886000FB1868221A7000F057FBBA4B1B68181DE2
:108870007B6A043B1A00BB4B190020F071F9031E00
:108880002CD1B64B1B6818001EF047FD02003021AA
:108890007B181A800A00BB181B88002B19D0BB1844
:1088A0001B88FF2B15D8BB181B88DAB2AC4B5A714A
:1088B000AB4B5B791B021AB2A94B1B791BB213435A
:1088C0001BB29AB21823FF33110018000DF0FAF909
:1088D00022E33723FB1868221A701DE33723FB18A5
:1088E00067221A7018E39B4B1B689F4904221800EB
:1088F00020F036F9031E00D0A2E02023FA187B688E
:108900000221180014F010FE0200944B1A601C2380
:10891000FA187B680321180014F006FE0200934B3E
:108920001A601823FA187B680421180014F0FCFD63
:1089300002008F4B1A601423FA187B680521180077
:1089400014F0F2FD02008B4B1A60844B1B68180078
:108950001EF0E3FC02003523FB181A70834B1B68E2
:1089600018001EF0DAFC02003423FB181A70804B4A
:108970001B6818001EF0D1FC02002B23FB181A7094
:108980007C4B1B68002B1FD07A4B1B687A49022254
:10899000180020F0E5F8031E04D13323FB18012250
:1089A0001A7011E0734B1B6874490222180020F002
:1089B000D7F8031E04D13323FB1802221A7003E0F8
:1089C0003723FB1868221A703723FB181B78002BFB
:1089D00000D0A1E23523FB181B78172B09D83423CC
:1089E000FB181B783B2B04D82B23FB181B783B2B45
:1089F00004D93723FB1868221A708DE20FF04EFA63
:108A0000574B987D564B597D554B1A8B544B1D7DBA
:108A10003723FC183323FB181B7803933523FB18EB
:108A20001B7802933423FB181B7801932B23FB182C
:108A30001B7800932B000FF067F9030023706BE2A3
:108A4000444B1B684E490422180020F089F8031E8D
:108A500000D05DE22023FA187B680221180014F090
:108A600063FD02003D4B1A601C23FA187B6803214A
:108A7000180014F059FD02003C4B1A601823FA1834
:108A80007B680421180014F04FFD0200384B1A6077
:108A90001423FA187B680521180014F045FD020024
:108AA000344B1A60324B1B6818001EF036FC020073
:108AB0002B23FB181A702F4B1B6818001EF02DFC7F
:108AC00002003023FB181A80244B1B682D49062214
:108AD000180020F045F8031E04D13523FB180122AD
:108AE0001A7079E01D4B1B6827490722180020F0F7
:108AF00037F8031E04D13523FB1802221A706BE0ED
:108B0000164B1B6821490922180020F029F8031E82
:108B100004D13523FB1803221A705DE00F4B1B684C
:108B20001B490822180020F01BF8031E04D135232E
:108B3000FB1804221A704FE0084B1B6815490622E7
:108B4000180020F00DF8031E26D13523FB1805224E
:108B50001A7041E0FC15002004F502080016002000
:108B60008013002018F5020828ED020804160020E2
:108B7000081600200C1600202CF5020830F502081B
:108B80007CED020834F502083CF5020844F50208C1
:108B900050F502085CF50208BF4B1B68BF4908226C
:108BA00018001FF0DDFF031E04D13523FB18062239
:108BB0001A7011E0B84B1B68B949062218001FF063
:108BC000CFFF031E04D13523FB1807221A7003E0E0
:108BD0003723FB1868221A70B24B1B68B249072270
:108BE00018001FF0BDFF031E08D0AE4B1B68AF4935
:108BF000022218001FF0B4FF031E04D13423FB1817
:108C000001221A7000E1A74B1B68A949082218002D
:108C10001FF0A6FF031E08D0A24B1B68A549022225
:108C200018001FF09DFF031E04D13423FB180222FD
:108C30001A70E9E09B4B1B689F49052218001FF042
:108C40008FFF031E08D0974B1B689C490222180017
:108C50001FF086FF031E04D13423FB1803221A7071
:108C6000D2E0904B1B689649052218001FF078FF50
:108C7000031E08D08B4B1B689249022218001FF07C
:108C80006FFF031E04D13423FB1804221A70BBE0CB
:108C9000844B1B688C49032218001FF061FF031EE0
:108CA00008D0804B1B688949022218001FF058FF2A
:108CB000031E04D13423FB1805221A70A4E0794B5B
:108CC0001B688349042218001FF04AFF031E08D0C6
:108CD000744B1B687F49022218001FF041FF031EDE
:108CE00004D13423FB1806221A708DE06D4B1B68EB
:108CF0007949042218001FF033FF031E08D0694B86
:108D00001B687649022218001FF02AFF031E04D1B7
:108D10003423FB1807221A7076E0624B1B687049F7
:108D2000052218001FF01CFF031E08D05D4B1B68B6
:108D30006C49022218001FF013FF031E04D13423D4
:108D4000FB1808221A705FE0564B1B68664909221F
:108D500018001FF005FF031E08D0524B1B68634923
:108D6000022218001FF0FCFE031E04D13423FB185E
:108D700009221A7048E04B4B1B685D490722180016
:108D80001FF0EEFE031E08D0464B1B685949022215
:108D900018001FF0E5FE031E04D13423FB180A223D
:108DA0001A7031E03F4B1B685349082218001FF02E
:108DB000D7FE031E08D03B4B1B6850490222180007
:108DC0001FF0CEFE031E04D13423FB180B221A70B1
:108DD0001AE0344B1B684A49082218001FF0C0FEF5
:108DE000031E08D02F4B1B684649022218001FF0B3
:108DF000B7FE031E04D13423FB180C221A7003E0C3
:108E00003723FB1868221A703723FB181B78002BB6
:108E100000D081E02B22BB181B78002B0FD0BB1891
:108E20001B781F2B0BD830217B181A88FA23DB0004
:108E30009A4204D37B181B88334A934204D93723C0
:108E4000FB1868221A7067E00FF028F82F4B1B7C84
:108E50002E4A527C2D49897C2C48C07C37243C19F1
:108E600035257D192D78A84630257D192D88AC46ED
:108E70002B257D192E7834257D192D7803900291AC
:108E80000192009343466246310028000EF03CFFF9
:108E90000300237040E0C0460016002064F502087D
:108EA00070F502080416002078F5020880F5020823
:108EB00084F5020890F5020894F502089CF5020872
:108EC000A0F50208A8F50208ACF50208B0F5020802
:108ED000B4F50208BCF50208C0F50208C8F502089E
:108EE000CCF50208D4F50208D8F50208E4F502082A
:108EF000E8F50208F0F50208F4F5020800F60208A9
:108F000004F6020810F6020834080000801300205E
:108F10003723FB1867221A703723FB181B78002BA6
:108F200022D1214B1B687A6A9B1800221A701F4BB2
:108F300019681D4B1A681E4B1B68F8681FF06EFD00
:108F40003623FB181B78012B27D11A4B1A68FB68B4
:108F5000110018001FF0E9FD174B1A68FB6811009B
:108F600018001FF0E2FD18E03723FB181B78672B71
:108F700007D1124B1A68FB68110018001FF0EDFEB4
:108F80000BE03723FB181B78682B06D10C4B1A68B3
:108F9000FB68110018001FF0E0FE00231800BD461A
:108FA0000EB080BCB846F0BDFC150020F8000020D3
:108FB00000160020FC000020000100200401002019
:108FC0000801002080B588B000AFF860B9607A6011
:108FD0001F23FB1800221A700023BB6100237B6152
:108FE0001E23FB1800221A701D23FB1800221A7082
:108FF0001C23FB1800221A701823FA187B68012121
:10900000180014F091FA0200BB4B1A60BA4B1B68AF
:10901000BA49042218001FF0A3FD031E00D0CAE0C5
:10902000B54B1B68181DBB69043B1A00B44B1900F3
:109030001FF096FD031E31D1B24B1B786022134006
:10904000DBB2602B07D1B04B1968B04AFB6818003F
:109050001FF0E4FC31E1AB4B1B7860221340DBB224
:10906000202B07D1A84B1968A94AFB6818001FF0EC
:10907000D5FC22E1A34B1B7860221340DBB2002B0E
:1090800007D1A14B1968A34AFB6818001FF0C6FC62
:1090900013E11F23FB1868221A700EE1964B1B6820
:1090A000181DBB69043B1A009B4B19001FF058FDAB
:1090B000031E13D1934B1B7804221340DBB2002B09
:1090C00007D0914B1968914AFB6818001FF0A6FC65
:1090D000F3E01F23FB1868221A70EEE0864B1B6832
:1090E000181DBB69043B1A008C4B19001FF038FD9A
:1090F000031E07D18A4B9A688A49FB6818001FF043
:109100008DFCDAE07C4B1B68181DBB69043B1A0020
:10911000854B19001FF024FD031E08D1804B1B88CE
:109120001A008049FB6818001FF078FCC5E0724BFC
:109130001B68181DBB69043B1A007C4B19001FF00B
:109140000FFD031E08D1764B5B881A007549FB683A
:1091500018001FF063FCB0E0674B1B68181DBB696B
:10916000043B1A00724B19001FF0FAFC031E08D1D1
:109170006B4B1B791A006B49FB6818001FF04EFC03
:109180009BE05D4B1B68181DBB69043B1A00694BD3
:1091900019001FF0E5FC031E08D1614B5B791A0032
:1091A0006049FB6818001FF039FC86E01F23FB189C
:1091B00067221A7081E0504B1B685F490522180036
:1091C0001FF0CEFC031E00D073E01423FA187B6856
:1091D0000221180014F0A8F90200584B1A601E234F
:1091E000FB1800221A701D23FB1800221A701AE0C7
:1091F000524B18681D23FB181A7813009B009B180C
:109200005B004F4A9B181900F6F77EFF031E04D13E
:109210001E23FB1801221A700AE01D217B181A7800
:109220007B1801321A701D23FB181B78092BDFD91C
:109230001E23FB181B78002B09D1424B19683F4BAA
:109240001A68FB6818001FF0E9FB002350E03E4B52
:1092500019683A4B1A68FB6818001FF0DFFB1C23E3
:10926000FB1801221A701CE01C217B181B785A1E67
:10927000364B5200D35A1A001D23FB181B781A4193
:1092800013000122134006D07B181B78FA6830497E
:10929000F8681FF0C3FB1C217B181A787B18013279
:1092A0001A702C4B1B781C22BA1812789A42DBD900
:1092B00003E01F23FB1867221A701F23FB181B787B
:1092C000672B07D1244B1A68FB68110018001FF0A8
:1092D00044FD0CE01F23FB181B78682B07D11F4BA4
:1092E0001968054B1A68FB6818001FF097FB0023EC
:1092F0001800BD4608B080BD10160020A8F4020872
:10930000B0F402089C1300200C010020BCF40208F9
:1093100014F60208CCF40208D4F40208DCF40208C3
:109320008013002018F60208E8F40208F4F402089A
:1093300004F5020818F50208C0E902081416002016
:109340003C0A00201001002014010020141300200A
:1093500020F602087C000020180100201C010020DB
:1093600090B587B000AFF860B9607A601723FB183A
:1093700000221A7000233B611023FA187B68012138
:10938000180014F0D1F802002A4B1A60294B1B6810
:109390003A69294918001FF0E3FB031E11D1274B3E
:1093A000274A13CA13C313CA13C312681A60FAF701
:1093B00073FE244B1A68FB68110018001FF0CDFCE7
:1093C00026E01C4B1B683A691F4918001FF0C8FBB8
:1093D000031E19D100221621FF2001F03DFF1B4B77
:1093E00002221A70642013F01FFFFAF7AFFE08F094
:1093F0001FF9642013F018FF154B1A68FB68110061
:1094000018001FF0AAFC03E01723FB1868221A704B
:109410001723FB181B78682B06D10E4B1A68FB68C4
:10942000110018001FF099FC00231800BD4607B07A
:1094300090BDC0461816002028F6020880130020B0
:10944000800000202001002030F60208DA0A002007
:109450002401002028010020F0B589B004AFF86095
:10946000B9607A600EF01AFD2C4B5B7B182B14D17F
:109470002B4B1968294B9B7C1C00284B5B7C1D00E7
:10948000264B1B7C1A00254BDB89F8680193009260
:109490002B0022001FF0C2FA3AE0204B5B7B0C2B22
:1094A00036D11E4BDB7C012B17D11E4B19681B4B91
:1094B0009B7C1D00194B5B7C1E00184B1B7C1A000B
:1094C000164BDB891C00F868174B0293019400923D
:1094D00033002A001FF0A2FA1AE0104BDB7C022BAB
:1094E00016D1104B19680D4B9B7C1D000B4B5B7C00
:1094F0001E000A4B1B7C1A00084BDB891C00F86815
:109500000A4B02930194009233002A001FF086FA5E
:1095100000231800BD4605B0F0BDC04680130020F2
:109520002C0100203001002038F602083CF6020829
:1095300090B585B000AFF860B9607A600EF0AEFC0F
:10954000074B1C68FDF792F80200FB682100180029
:109550001FF064FA00231800BD4605B090BDC04658
:109560003401002090B58BB000AFF860B9607A602C
:109570002723FB1800221A7000237B6100233B6124
:109580001423FA187B680121180013F0CDFF0300A3
:109590003B623B6A1B785BB2702B09D13B6A01339B
:1095A00018001DF0C0FE02002623FB181A7003E00D
:1095B0002723FB1868221A701023FA187B680221EF
:1095C000180013F0B1FF0300FB61FB6918001DF0E8
:1095D000AAFE0300BB612723FB181B78682B07D169
:1095E0000E4B1A68FB68110018001FF0B6FB0FE065
:1095F000BA6926243B191B78110018000FF0FAFBFA
:10960000074B19683B191B78BA69F8681FF006FA0E
:1096100000231800BD460BB090BDC04638010020A5
:109620003C01002090B587B000AFF860B9607A6067
:109630001B4B1A681B49FB6818001FF0EFF9172332
:10964000FB1800221A7011E017243B191B789B00AD
:10965000154A944663441B68FA681449F8681FF079
:10966000DDF93B191A783B1901321A701723FB18E0
:109670001B78022BE8D9FB681800F6F74FFD0300B2
:109680001A00FB689A180A4B1000190003231A00ED
:109690001FF06BFB00231800BD4607B090BDC0460D
:1096A0004001002040F602089075FF1F44F60208B2
:1096B0004CF6020890B587B000AFF860B9607A60E8
:1096C00016243B1900221A8017F01CF902003B19DE
:1096D0001A803B191B88114A934207D1104B196815
:1096E000104AFB6818001FF099F907E00C4B196845
:1096F0000D4AFB6818001FF091F9C0460B4B1C681F
:1097000017F0F4F803001B0BFA68F86821001FF04B
:1097100085F900231800BD4607B090BD670400001E
:109720004401002050F602085CF6020848010020BF
:1097300080B584B000AFF860B9607A60074B1968F3
:10974000074B1B681B041A0CFB6818001FF066F916
:1097500000231800BD4604B080BDC0464C01002067
:10976000E075FF1FF0B58FB004AFF860B9607A60A4
:109770001823FB18A34A13CA13C312881A80A24BDA
:109780001C78A24B1D68A14B1B681800F6F7C6FC9D
:1097900003009AB201235B42009332232900200088
:1097A0000FF092FA2723FB1801221A702623FB18C8
:1097B00000221A7011E126203B181A7894491300F0
:1097C0009B009B189B005B5C002B1AD0914B1C6884
:1097D0002723FB181D783B181A788D4913009B002E
:1097E0009B189B00CB1810331B7819001823FA180C
:1097F0000B00DB005B1AD318F8682A0021001FF069
:109800000DF92623FB181A78814913009B009B1839
:109810009B005B5C012B02D0032B51D097E02623E9
:10982000FB181A787A4913009B009B189B00CB18F1
:1098300003331B78052B02D0062B20D03FE0764B5C
:109840001C6826203B181A78714913009B009B184E
:109850009B00CB1802331B781D003B181A786C490B
:1098600013009B009B189B00CB180C331B68FA68F5
:10987000F86800932B0021001FF0D0F81FE0674B21
:109880001C6826203B181A78614913009B009B181E
:109890009B00CB1802331B781D003B181A785C49DB
:1098A00013009B009B189B00CB180C331B68FA68B5
:1098B000F86800932B0021001FF0B0F8C04646E086
:1098C00026243B191A7813009B009B189B00504AD2
:1098D0009B18991D1423FB18042218001FF045FA49
:1098E0004F4B1D6820003B181A78494913009B0014
:1098F0009B189B00CB1803331B785A1E4949130051
:109900005B009B189B00CB1808331E683B181A7825
:109910003F4913009B009B189B00CB1801331B7819
:109920005A1E13005B009B183F4A9C187B69181C49
:10993000F9F7D0FB02000B00F968F8680292039374
:10994000009433000A0029001FF068F8C04610E0B8
:10995000364B1968364BFA68F8681FF05FF8344BDD
:109960001800F6F7DBFB0200314B002118001FF056
:10997000D4F826257B191A78254913009B009B18DB
:109980009B00CB180C331B68294A11001800FDF707
:1099900069FE031EDCD1274B1A68FB681100180012
:1099A0001FF0C3F8184B1C78FB681800F6F7B6FBDD
:1099B00003009AB2F96801235B420093322320002E
:1099C0000FF082F92722BB18BA18127801321A70E8
:1099D0007B191A787B1901321A70174B1B782622D3
:1099E000BA1812789A4200D2E5E6144B1A68FB685E
:1099F000110018001FF0B1F900231800BD460BB08C
:109A0000F0BDC04664F60208D80A002050010020CC
:109A10003014002054010020580100205C01002077
:109A200060010020982B0020D4E50208640100208A
:109A30001C16002068010020DD0A00206C010020B7
:109A400080B588B000AFF860B9607A6000233B61F0
:109A50001F23FB1800221A701023FA187B680121BB
:109A6000180013F061FD0300BB61BB6918001DF015
:109A700054FC020017217B181A700A00BB181B78CF
:109A8000002B05D0184B1B78BA1812789A4203D9CC
:109A90001F23FB18FF221A701F23FB181B78002BB3
:109AA00016D11723FB181B785A1E104913009B0070
:109AB0009B189B00CB18103301221A7007F0BCFCD6
:109AC0000B4B1A68FB68110018001FF046F906E0FE
:109AD000084B1A68FB68110018001FF03EF90023BC
:109AE0001800BD4608B080BDDD0A002030140020FB
:109AF000780100207C01002080B588B000AFF860BC
:109B0000B9607A6000233B611F23FB1800221A70A2
:109B10001023FA187B680121180013F005FD0300DB
:109B2000BB61BB6918001DF0F8FB020017217B1810
:109B30001A700A00BB181B78002B05D0184B1B7835
:109B4000BA1812789A4203D91F23FB18FF221A7001
:109B50001F23FB181B78002B16D11723FB181B782B
:109B60005A1E104913009B009B189B00CB18103302
:109B700000221A7007F060FC0B4B1A68FB6811009A
:109B800018001FF0EAF806E0084B1A68FB6811009D
:109B900018001FF0E2F800231800BD4608B080BD91
:109BA000DD0A002030140020800100208401002004
:109BB00090B589B000AFF860B9607A6000233B616E
:109BC0001F23FB1800221A701023FA187B6801214A
:109BD000180013F0A9FC0300BB61BB6918001DF05D
:109BE0009CFB020017217B181A700A00BB181B7817
:109BF000002B05D05F4B1B78BA1812789A4203D914
:109C00001F23FB18FF221A701F23FB181B78002B41
:109C100000D096E017243B191B785A1E56491300B2
:109C20009B009B189B0000225A543B191B785A1E1C
:109C3000514913009B009B189B00CB180133002255
:109C40001A703B191B785A1E13009B009B189B002F
:109C5000494A9B1802330422002118001EF05DFFC0
:109C60003B191B785A1E444913009B009B189B000C
:109C7000CB18103300221A703B191B785A1E3E492C
:109C800013009B009B189B00CB180C331B6818001B
:109C90001DF05AFB20003B181B785A1E3649130052
:109CA0009B009B189B00CB180C3300221A601E23CC
:109CB000FB183A1812781A7034E01E203B181A78F4
:109CC0002D4913009B009B189B005B5C002B23D04D
:109CD00001007B181B785A1E13009B009B189B00E9
:109CE000254A98180C007B181A7813009B009B18C3
:109CF0009B00214A9B18142219001FF036F83B19CB
:109D00001A7813009B009B189B001B4A9B18142277
:109D1000002118001EF001FF1E217B181A787B1805
:109D200001321A70134B1B781E22BA1812789A420D
:109D3000C3D3104B1B78013BDAB20E4B1A7007F0FD
:109D40007BFB1F23FB181B78002B07D10B4B1A68DA
:109D5000FB68110018001FF000F806E0084B1A68B5
:109D6000FB68110018001EF0F8FF00231800BD4624
:109D700009B090BDDD0A00203014002088010020C9
:109D80008C01002090B58BB000AFF860B9607A60AC
:109D90000023BB6100237B612723FB1800221A707C
:109DA0001823FA187B680121180013F0BDFB03008B
:109DB0003B623B6A1B785BB2702B09D13B6A013373
:109DC00018001DF0B0FA02002623FB181A7003E0F9
:109DD0002723FB1867221A701423FA187B680221C4
:109DE000180013F0A1FB0300FB61FB691B785BB259
:109DF000702B09D1FB69013318001DF094FA0200A1
:109E00002523FB181A7003E02723FB1867221A701A
:109E10002722BB181B78002B0DD1BC182523FB185B
:109E20001A782623FB181B7811001800FCF74CFC4D
:109E30000300237003E02723FB1867221A702723EF
:109E4000FB181B78002B0BD1124B19682623FB182B
:109E50001A782523FB181B78F8681EF0DFFD13E045
:109E60002723FB181B78672B07D10B4B1A68FB685D
:109E7000110018001EF071FF06E0084B1A68FB681D
:109E8000110018001EF069FF00231800BD460BB03A
:109E900090BDC04690010020940100209801002050
:109EA00090B58BB000AFF860B9607A600023BB61F9
:109EB00000237B612723FB1800221A701823FA184D
:109EC0007B680121180013F02FFB03003B623B6A03
:109ED0001B785BB2702B09D13B6A013318001DF06F
:109EE00022FA02002623FB181A7003E02723FB182E
:109EF00067221A701423FA187B680221180013F0E5
:109F000013FB0300FB61FB691B785BB2702B09D16B
:109F1000FB69013318001DF006FA02002523FB1827
:109F20001A7003E02723FB1867221A702722BB1838
:109F30001B78002B0DD1BC182523FB181A7826237B
:109F4000FB181B7811001800FCF7E4FB03002370DA
:109F500003E02723FB1867221A702723FB181B78BE
:109F6000002B0BD1124B19682623FB181A782523D6
:109F7000FB181B78F8681EF051FD13E02723FB182F
:109F80001B78672B07D10B4B1A68FB681100180070
:109F90001EF0E3FE06E0084B1A68FB68110018008B
:109FA0001EF0DBFE00231800BD460BB090BDC0467E
:109FB0009C010020A0010020A4010020B0B58EB0BB
:109FC00002AFF860B9607A600023FB612F23FB18B1
:109FD00000221A701823FB18A54A12781A70002361
:109FE000BB621C23FA187B680121180013F09CFA4D
:109FF00003007B629F4A7B6A11001800F6F784F821
:10A00000031E00D0AEE0BB6A002B00D02BE12E2354
:10A01000FB1801221A709EE0974B1B782E243A19E8
:10A0200012789A4200D190E01DF0B8FB0300DAB23A
:10A0300018257B191A7079193B1918786423009335
:10A040000A2301220EF040FE3B191B7818000EF087
:10A05000F1FE03001B685B6ADAB214217B181A70E8
:10A060007B191A787B181B789A4204D12F23FB188E
:10A0700000221A7003E02F23FB1806221A702F23E8
:10A08000FB181B78002B18D17C4B19682E23FB186A
:10A090001A78FB6818001EF0C1FC774B1C78FB682F
:10A0A0001800F6F73BF803009AB2F96864230093AE
:10A0B0000A2320000EF008FE1CE02F23FB181B785B
:10A0C000062B17D16E4B19682E23FB181A78FB68E4
:10A0D00018001EF0A3FC684B1C78FB681800F6F70C
:10A0E0001DF803009AB2F968642300930A23200044
:10A0F0000EF0EAFD634B1A68FB68110018001EF0B1
:10A100002CFE5D4B1C78FB681800F6F707F803007F
:10A110009AB2F968642300930A2320000EF0D4FD5C
:10A1200002E0012016F0BEFB534B1B785A1EBB6A9F
:10A13000591C554813005B009B189B01C3185B5CBE
:10A14000002BEED0BB6A0133BB622E217B181A783C
:10A150007B1801321A702E23FB181B78062B00D8AF
:10A160005AE780E07B6A1B785BB2702B00D073E00B
:10A170007B6A013318001DF0D6F8020023243B1936
:10A180001A703B191B78002B37D03B191B78062B14
:10A1900033D82F23FB181B78002B1CD11DF0FEFA9F
:10A1A0000300DAB218217B181A7079183B19187855
:10A1B00064230093322301220EF086FD2E23FB1828
:10A1C0001B7818000EF036FE03001B685B6ADAB2DB
:10A1D0001423FB181A701823FB181A781423FB1881
:10A1E0001B789A4204D12F23FB1800221A7008E032
:10A1F0002F23FB1806221A7003E02F23FB18662278
:10A200001A702F23FB181B78002B09D11B4B1968E0
:10A210002323FB181A78FB6818001EF0FFFB22E0CE
:10A220002F23FB181B78662B07D1184B1A68FB6885
:10A23000110018001EF091FD15E02F23FB181B786C
:10A24000062B10D10E4B19682323FB181A78FB68D4
:10A2500018001EF0E3FB06E00D4B1A68FB681100C6
:10A2600018001EF07AFD00231800BD460CB0B0BDEA
:10A2700074F60208BCF40208D80A0020A8010020E5
:10A28000AC010020B0010020A0160020B401002085
:10A29000B8010020B0B58CB000AFF860B9607A604A
:10A2A0000023BB6100237B612B23FB1800221A7063
:10A2B00000233B611823FA187B680121180013F072
:10A2C00033F903007B621423FA187B68022118001B
:10A2D00013F02AF903003B627B6A1B785BB2322BD6
:10A2E00004D07B6A1B785BB2332B53D17B6A180096
:10A2F0001DF019F802001F23FB181A702B4A3B6A45
:10A3000011001800F5F700FF031E07D0284A3B6A2A
:10A3100011001800F5F7F8FE031E33D1234A3B6AFB
:10A3200011001800F5F7F0FE031E02D11F4BFB626F
:10A3300009E01F4A3B6A11001800F5F7E5FE031E0D
:10A3400001D11B4BFB621F243B191B7818000CF03A
:10A3500097FD10257A19F96A3B191B7818000CF043
:10A36000DBFD7A19FB68110018001EF0F6FC3B6952
:10A37000181CF8F7AFFE02000B000E49F8681EF03B
:10A380004DFB0EE00C4B1A68FB68110018001EF024
:10A39000E4FC06E0094B1A68FB68110018001EF087
:10A3A000DCFC00231800BD460CB0B0BD78F60208F6
:10A3B0007CF6020884F60208BC010020C0010020DF
:10A3C00090B587B000AFF860B9607A6000237B6118
:10A3D00000233B611023FA1814243B1911001800C4
:10A3E0000CF044FE3A19FB68110018001EF0B5FC91
:10A3F0007B69181CF8F76EFE02000B000449F86830
:10A400001EF00CFB00231800BD4607B090BDC046EF
:10A410009CF6020890B587B000AFF860B9607A602A
:10A4200000237B6100233B611023FA1814243B199D
:10A43000110018000CF01AFE3A19FB681100180000
:10A440001EF08BFC3B69181CF8F744FE02000B0061
:10A450000449F8681EF0E2FA00231800BD4607B070
:10A4600090BDC046C0F6020880B58CB000AFF86061
:10A47000B9607A600023BB6100237B612B23FB184A
:10A4800000221A7000233B611823FA187B6801210F
:10A49000180013F049F803007B621423FA187B6854
:10A4A0000221180013F040F803003B627B6A1B781E
:10A4B0005BB2322B04D07B6A1B785BB2332B40D16A
:10A4C0007B6A18001CF02FFF02001F23FB181A7074
:10A4D000224A3B6A11001800F5F716FE031E07D04A
:10A4E0001F4A3B6A11001800F5F70EFE031E14D137
:10A4F0001A4A3B6A11001800F5F706FE031E02D146
:10A50000164BFB6209E0164A3B6A11001800F5F78A
:10A51000FBFD031E01D1124BFB621023FA18F96AEE
:10A520001F23FB181B7818000CF08EFE3B69181CCB
:10A53000F8F7D0FD02000B000A49F8681EF06EFA29
:10A5400006E0094B1A68FB68110018001EF005FCB4
:10A5500000231800BD460CB080BDC04678F6020846
:10A560007CF60208ECF60208C4010020B0B586B003
:10A5700000AFF860B960BB1D1A8017257C19FB6815
:10A58000180007F049FE030023707B191B78204A4E
:10A59000D35C002B0BD07B191B781D4AD35C012B9D
:10A5A00005D07B191B781A4AD35C032B22D11724C0
:10A5B0003B191B7818000BF0B5F920003B181B78ED
:10A5C0005A1E144B9200B968D1503B181B78104AA0
:10A5D0000221D1543B181B785A1E0F4B92000021C8
:10A5E000D150BB1D1A88B968FB6818000BF0D6F86B
:10A5F000002309E01723FB181B78054AD35C022BC4
:10A6000001D1172300E017231800BD4606B0B0BDE6
:10A61000E80A0020201B0020381B002080B584B0F1
:10A6200000AF0200FB1D1A70FB1D1B783B4AD35C78
:10A63000022B09D0FB1D1B785A1E394B9200D358B0
:10A64000180017F0B7FD64E0FB1D1B785A1E344B51
:10A650009200D358180017F0ADFDFB1D1B785A1E51
:10A66000304B9200D358002B09D0FB1D1B78013BC7
:10A670002D4A99008A58511C2B4A9B009950FB1D6A
:10A680001B785A1E284B9200D258FB1D1B78591E6E
:10A69000244B8900CB589A4208D2FB1D1B785A1EC6
:10A6A000224B5200D35ADBB20D2B32D1FB1D1B784B
:10A6B0005A1E1E4B5200D35A1B0A9AB20F217B1806
:10A6C0001A70FB1D1B785A1E184B5200D25A0E23CB
:10A6D000FB181A707B181B78002B03D07B181B7893
:10A6E000012B08D1FB1D1B7818000BF045F9104B0E
:10A6F00001221A700DE0FB1D1B7818000BF03CF9CD
:10A700000E23FB181B7818000BF036F9084B0122BA
:10A710001A70C046BD4604B080BDC046E80A00209D
:10A72000C82C0020501B0020381B0020B01C00202B
:10A73000C801002080B500AF0D4B1B6808221A62CB
:10A740000C4B1B6808221A620B4B1B6808221A620A
:10A750000A4B1B6808221A62094B1B6808221A62FE
:10A76000084B1B6808221A62C046BD4680BDC04621
:10A7700044260020D82600206C2700200028002036
:10A78000942800202829002080B58EB002AFFA233B
:10A790009A007A497A487B4B019303230093002364
:10A7A00014F07FF8FA239A0077497848784B0193A0
:10A7B00005230093002314F074F8FA239A007549D6
:10A7C0007548764B019303230093002314F069F836
:10A7D000FCF7D0FFFA239A0071497248724B01933B
:10A7E00003230093002314F05CF8FA239A006F49C6
:10A7F0006F48704B019304230093012314F051F828
:10A80000FA239A006C496A486C4B01930423009325
:10A81000022314F046F8FA239A0069496448694B08
:10A82000019304230093032314F03BF8FA239A00C6
:10A8300065495F48654B019304230093042314F09A
:10A8400030F8FA239A0062495948624B0193042375
:10A850000093052314F025F8FA239A005E49544822
:10A860005E4B019304230093062314F01AF800238F
:10A87000FB622C23FB180121180012F0E9FC0200F6
:10A88000574B5A600023BB622823FB180121180094
:10A8900012F0DEFC0200534B5A6000237B6224233B
:10A8A000FB180121180012F0D3FC02004C4B9A60F7
:10A8B00000233B622023FB180121180012F0C8FC82
:10A8C0000200484B9A600023FB611C23FB18012106
:10A8D000180012F0BDFC0200414BDA600023BB619E
:10A8E0001823FB180121180012F0B2FC02003D4BA6
:10A8F000DA6000237B611423FB180121180012F099
:10A90000A7FC0200364B1A6100233B611023FB18A1
:10A910000121180012F09CFC0200324B1A61002346
:10A92000FB600C23FB180121180012F091FC0200BF
:10A930002B4B5A610023BB600823FB180121180030
:10A9400012F086FC0200274B5A6100237B603B1DFE
:10A950000121180012F07CFC0200214B9A610023B7
:10A960003B603B000121180012F072FC02001D4BFD
:10A970009A61C046BD460CB080BDC046A000030829
:10A98000E9A90008E01B0020AC00030821BC000876
:10A99000E81B0020B80003085B720208E41B0020DB
:10A9A000C4000308D1670008EC1B0020CC0003089A
:10A9B000D9C70008C81B0020D8000308CC1B002002
:10A9C000E4000308D01B0020F0000308D41B002083
:10A9D000FC000308D81B002008010308DC1B002032
:10A9E000F01B00200C1C002080B582B000AF786006
:10A9F0003A4B1B78032B2FD043DC012B02D0022BC8
:10AA000015D03EE080239B0135480122190018F043
:10AA100084F8502012F008FC80239B01304800226B
:10AA2000190018F07AF82D4B00221A702AE08023C2
:10AA30009B012B480122190018F06FF8642012F0D6
:10AA4000F3FB80239B0126480022190018F065F8CB
:10AA5000224B00221A7015E080239B01204801221E
:10AA6000190018F05AF81E2012F0DEFB80239B011B
:10AA70001B480022190018F050F8184B00221A70D9
:10AA800000E0C0460BF080FCFCF77EFD154B1B7808
:10AA9000002B15D006F0BBFA124B00221A7080234F
:10AAA0009B010F480122190018F037F8C82015F053
:10AAB000F9FE80239B010A480022190018F02DF8A6
:10AAC000094B1B7801225340DBB2002B02D0074B0D
:10AAD00000221A7012F094FF8AE7C046DA0A0020BA
:10AAE00000080050C01B0020552D0020542D0020D0
:10AAF00080B500AF064B1B6806491800F5F72AFB26
:10AB000003001A00044B1A60C046BD4680BDC04613
:10AB10006C02002010270000C41B002080B588B004
:10AB200000AF0023FB610023BB6100237B611E4B50
:10AB30001B68FA2291001800F5F70CFB0300013B9B
:10AB40003B611A4BFB601A4BBB608023DB047B60CC
:10AB5000FB681B683A69D31AFB6114F0DBF9030048
:10AB6000BB61BB681B687A68134007D0BB690133BF
:10AB7000BB61FB681B683A69D31AFB61BA691300B1
:10AB80009B009B185B007B610A4B1B681900F869EE
:10AB9000F5F7E0FA03001A007B699B187B617B697B
:10ABA0001800BD4608B080BD6C02002018E000E02F
:10ABB00004ED00E0C41B0020F0B589B002AFB9601D
:10ABC0007A6019000F23FB18021C1A700E203B1824
:10ABD0000A1C1A7000237B6101007B181A78282355
:10ABE00008201B18DB191B789A4207D17B181B78A9
:10ABF0001A00DD4B022199546723B0E10E23FB18A4
:10AC00001B78002B06D0282308229B18DB191B7801
:10AC1000002B01D16723A2E10F23FB181B78002B27
:10AC20005BD128250826AB19DB191B780D2B18D111
:10AC30000E23FB181B7818000EF0FCF80400AB196B
:10AC4000DB191B7818000EF0F5F80100BB689BB209
:10AC50001A002000FFF78AFC0300172B1BD11723D3
:10AC60007DE10E23FB181B7818000EF0E3F80400BA
:10AC7000282308229B18DB191B7818000EF0DAF83D
:10AC80000300012219002000FFF770FC0300172BBE
:10AC900001D1172363E17A6813005B019B1A9B00C3
:10ACA0009B18DB001A00FA2399001000F5F752FAFE
:10ACB000030019000E243A19AC48AD4B0093130061
:10ACC000002215F06BFA03007B613B191B785A1EBA
:10ACD000A84B9200B968D150C1E00F23FB181B7834
:10ACE000012B3DD1282308229B18DB191B78180063
:10ACF0000EF0A0F804000E23FB181B7818000EF0CD
:10AD000099F80300012219002000FFF72FFC03002F
:10AD1000172B01D1172322E17A6813005B019B1ADC
:10AD20009B009B18DB001A00FA2399001000F5F72E
:10AD300011FA03001900282408256319DB198B4830
:10AD40008B4A0092002215F029FA03007B616319F7
:10AD5000DB191B785A1E874B9200B968D1507EE0F0
:10AD60000F23FB181B78022B77D10E23FB181B78BF
:10AD700018000EF05FF80400282308229B18DB1946
:10AD80001B7818000EF056F803000122190020006D
:10AD9000FFF7ECFB0300172B01D11723DFE07A68E4
:10ADA00013005B019B1A9B009B18DB001A00FA231F
:10ADB00099001000F5F7CEF9030019000E257A1955
:10ADC0006A486B4B00931300002215F0E7F903006B
:10ADD0007B617B191B785A1E664B9200B968D15073
:10ADE000282308229B18DB191B7818000EF022F884
:10ADF00004007B191B7818000EF01CF803000122D8
:10AE000019002000FFF7B2FB0300172B01D1172315
:10AE1000A5E07A6813005B019B1A9B009B18DB007E
:10AE20001A00FA2399001000F5F794F903001900AD
:10AE3000282408256319DB194C484D4A009200224A
:10AE400015F0ACF903007B616319DB191B785A1EFE
:10AE5000484B9200B968D15001E067237FE00F2290
:10AE6000BB181B78002B14D1BB181B789BB21B029C
:10AE700099B2282308229B18DB191B7818000E238F
:10AE8000FB181B785A1E0B1899B23B4B5200D1523B
:10AE900044E00F22BB181B78012B14D1BB181B7880
:10AEA0009BB21B0299B20E23FB181B7818002823B3
:10AEB00008229B18DB191B785A1E0B1899B22E4BCF
:10AEC0005200D1522AE00F243B191B78022B25D1C6
:10AED0003B191B789BB21B0299B228250823EA185C
:10AEE000D3191B7818000E26BB191B785A1E0B1895
:10AEF00099B2214B5200D1523B191B789BB21B02D5
:10AF000099B2BB191B7818000823EB18DB191B78C2
:10AF10005A1E0B1899B2184B5200D1520F23FB182E
:10AF20001B781A04282308215B18DB191B781B02E5
:10AF3000D3180E22BA1812789B181A000F4B1A60F9
:10AF40007B69002B0AD013F0D7FF02007869012338
:10AF50005B4200930023012115F070F900231800D3
:10AF6000BD4607B0F0BDC046E80A00201C0103083A
:10AF700081AF0008501B0020B01C0020BC1C00202A
:10AF800090B585B000AF78600F203B1800221A7092
:10AF90000E243B1900221A700D217B1800221A7012
:10AFA0001E4B1B681A0C7B181A701C4B1B681A0A64
:10AFB0003B191A70194B1A683B181A707B181B78CA
:10AFC000022B16D025DC002B02D0012B07D020E06D
:10AFD0000F23FB181B7818000AF0CEFC1AE00E2392
:10AFE000FB181B7818000AF0C7FC0D4B01221A70E1
:10AFF00010E00F23FB181B7818000AF0BDFC0E238D
:10B00000FB181B7818000AF0B7FC054B01221A70D8
:10B0100000E0C046C046BD4605B090BDBC1C002047
:10B02000C8010020F0B587B002AF0200FB1D1A7006
:10B030000F23FB1800221A700E243B1900221A70ED
:10B040000D257B1900221A70164B00221A70FB1D69
:10B050001B785A1E791914481300DB009B1ADB0079
:10B060001B5C0B70114B1A7826003C197B191B785E
:10B0700019001000FAF75AF903002370FB1D1B7822
:10B080009BB27A191178BA191078009300230A003C
:10B09000002100F0B9F90F23FB181B781800BD46FA
:10B0A00005B0F0BD3A0A0020F00A00207C13002011
:10B0B00080B586B002AF0200FB1D1A70BB1D0A1CD2
:10B0C0001A700F23FB1800221A70134B00221A70FB
:10B0D000124BFA1D12781A70FB1D1B78FF2B0AD138
:10B0E000BB1D1B789BB200930023FF220021002090
:10B0F00000F08AF909E0BB1D1B789BB20093002386
:10B10000FE220021002000F07FF90F23FB181B789E
:10B110001800BD4604B080BD3A0A00207800002027
:10B1200080B582B000AF0200FB1D1A70FB1D1B78BA
:10B13000062B34D89A001C4BD3181B689F461B4B18
:10B14000186800230222002114F020FE28E0184B8A
:10B15000186800230222002114F018FE20E0154B8D
:10B16000186800230222002114F010FE18E0124B90
:10B17000186800230222002114F008FE10E00F4B93
:10B18000186800230222002114F000FE08E00C4B96
:10B19000186800230222002114F0F8FD00E0C046E8
:10B1A000C046BD4602B080BD28010308C81B002070
:10B1B000CC1B0020D01B0020D41B0020D81B00205B
:10B1C000DC1B0020B0B584B002AF05000C001000FD
:10B1D0001900FB1D2A1C1A70BB1D221C1A703B1D76
:10B1E000021C1A80BB1C0A1C1A80184B01221A7000
:10B1F000174BBA1D12781A70BB1D1B78FF2B0CD190
:10B200003B1D1A88FB1D1978BB1C1B88009313007B
:10B21000FF22002000F0F8F80BE03B1D1A88FB1D10
:10B220001978BB1C1B8800931300FE22002000F03D
:10B23000EBF8BB1C1A88074B002118001DF06DFCB1
:10B2400000231800BD4602B0B0BDC0463A0A002037
:10B2500078000020400C0020B0B586B002AF04009A
:10B2600008001100FB1D221C1A703B1D021C1A80D5
:10B27000BB1C0A1C1A800F23FB1800221A700E2513
:10B280007B1900221A70FB1D1B78FF2B20D0194B55
:10B290001A787C19FB1D1B7819001000FAF746F884
:10B2A00003002370134B19783B1D1C88FB1D1A7873
:10B2B0007B191878BB1C1B880093230000F0A4F8AE
:10B2C000BB1C1A880C4B002118001DF026FC09E05D
:10B2D000084B1878BB1C19883B1D1A880B00FF21EE
:10B2E000FFF770FF0F23FB181B781800BD4604B052
:10B2F000B0BDC0467C130020400C0020F0B587B0E4
:10B3000000AF04000800BA6019000F257B19221C49
:10B310001A700C23FB18021C1A80BB1D0A1C1A8011
:10B320001623FB18BA1D12881A801423FB1800225A
:10B330001A801223FB1800221A8011217B18002288
:10B340001A701023FB1800221A702C4B1A787C18E4
:10B350007B191B7819001000F9F7E8FF0300237030
:10B3600041E01223FA181623FB181B8899B22E29E4
:10B3700000D92E23138014243B191B88BA68D118D6
:10B3800012257B191A881E4B18001DF0EEFC16269C
:10B39000BB19B91928003A18098812888A1A1A8024
:10B3A0003B1939193A18098812888A181A80BB196A
:10B3B0001B88002B06D0134B1A78802149420A4380
:10B3C0001A7004E00F4B1A787F210A401A7012237A
:10B3D000FB181A880C23FB1819880F23FB181B78FD
:10B3E0001800FFF739FF1623FB181B88002BB8D174
:10B3F00000231800BD4607B0F0BDC0467C130020F6
:10B40000400C00209C130020B0B586B000AF0500B2
:10B410000C0010001900FB1D2A1C1A70BB1D221CF9
:10B420001A707B1D021C1A70BB1C0A1C1A80102388
:10B43000FB1800221A700F23FB1800221A700E232B
:10B44000FB1800221A701723FB1800221A7016230B
:10B45000FB1800221A701523FB1800221A70FB1D1E
:10B460001B78002B03D17B1D1B78002B17D0FB1DF5
:10B470001B78002B07D17B1D1B78FF2B03D07B1D76
:10B480001B78FE2B0BD1FB1D1B78002B09D0BB1D9D
:10B490001B78002B05D07B1D1B78002B01D1672367
:10B4A00014E2002013F0BAFB0300BB60052100206A
:10B4B00013F0CEFBCA4B48221A70C94B5A225A705D
:10B4C000FB1D1B78002B0BD1BB1D1B78002B07D15C
:10B4D0007B1D1B78FF2B07D07B1D1B78FE2B03D019
:10B4E000BB1C1B88002B18D128203B181B885A1E18
:10B4F00016243B19BB498A5C1A703B181B885A1EDC
:10B500001300DB009B1ADB00B74A99183B191A7825
:10B51000B64B18001DF029FC29E1BB1D1B78002B40
:10B5200003D1BB1DB24A12781A70B24B1B780122AC
:10B530001340DBB2002B05D01722BB18BA181278C3
:10B5400001321A70BB1C1B88FF2B04D9A94B1A7837
:10B5500002210A431A70A24B1622BA1812789A7066
:10B560009F4B7A1D1278DA709D4BBA1D12781A71B2
:10B57000A04B1A789A4B5A7117203B181B78063348
:10B58000BA1C1288D1B2964AD1549A4B1B78022227
:10B590001340DBB2002B0ED03B183A181278013260
:10B5A0001A70BB1C1B881B0A9AB23B181B78063307
:10B5B000D1B28B4AD15428243B191B882E2B1AD880
:10B5C00017257B191B78DA1D854BD0188A4B1B88F1
:10B5D0001A008A4BD1183B191B881A001DF0C5FBB5
:10B5E0003B191B88DAB27B191B78D318DAB2162301
:10B5F000FB1804321A70824B1B78002B00D1B6E086
:10B60000804B1B78FF2B52D01223FB1801221A808B
:10B6100035E012203B181B885A1E7B4B5200D35A30
:10B620001A00784B1B781A4113000122134020D0D6
:10B6300015217B187A18127801321A7028243B19C8
:10B640001A887B181B78D3182C2B10DC1723FB18B7
:10B650001B78DA1D3B191B88D2187B181B78D3186E
:10B66000013B3A181288D1B25D4AD15401E06923F6
:10B670002CE112217B181A887B1801321A80634B47
:10B680001B781A001223FB181B889342C1D9172379
:10B69000FB181B78DA1D2823FB181B88D2181521EC
:10B6A0007B181B78D3184E4A79180978D154554B1A
:10B6B0001B78FF2B16D128217B181B882C2B11D827
:10B6C000534B1B780133DAB2514B1A701723FB1816
:10B6D0001B78DA1D7B181B88D3184D4A1178404A15
:10B6E000D1542EE0474B1B78FF2B01D16923EDE0AD
:10B6F000444B1B78FF2B1ED028217B181A8815205D
:10B700003B181B78D3182B2B15DC414B1B780133CE
:10B71000DAB23F4B1A701723FB181B78DA1D7B181F
:10B720001B88D2183B181B78D3180133384A11787C
:10B730002B4AD15405E0334B1B78FF2B01D06923F2
:10B74000C4E0304B1B78FF2B06D11622BB18BA1869
:10B75000127801321A700AE01523FA1816217B18A4
:10B7600012781B78D318DAB27B1802321A701C4B8D
:10B7700016257A1912789A707B191B7803331A00F0
:10B780001749244B18001DF0F0FA7B191B789BB267
:10B7900003339AB27B191B78DC1C1E4B1100180076
:10B7A0000AF088F903001A000D4B1A55194B38227C
:10B7B000002118001DF0B1F97B1D1B78FF2B2BD049
:10B7C0007B1D1B78FE2B27D07B191B789BB2043383
:10B7D0009AB20349FB1D187832230DF0CBFA6AE0C8
:10B7E000A00A0020E00A0020F00A0020A30A00209E
:10B7F0007C1300209C130020EE1C0020400C002035
:10B800003A0A002078000020141300207C00002059
:10B81000D90A0020781C0020BB1C1B88002B07D1F4
:10B82000BB1D1B78002B03D1BB1D2A4A12791A704D
:10B83000BB1D1B781800F9F7A1FB1123FB1801228F
:10B840001A7033E0244B1B785A1E244B5200D35AF3
:10B850001A0011203B181B78013B1A4113000122EA
:10B8600013401AD016243B191B789BB204339AB2AA
:10B8700018493B18187832230DF07CFA184B1B78C6
:10B88000002B0AD03B191B789BB204339AB21149A2
:10B89000FB1D187832230DF06DFA0A200CF0F2FC33
:10B8A00011217B181A787B1801321A701123FB18AA
:10B8B0001B78062BC6D9BB681900002013F0C8F905
:10B8C000084B02221A701023FB181B781800BD4683
:10B8D00006B0B0BDA00A00207C130020A00E0020FE
:10B8E000390A00209D130020F0B58BB006AF05008B
:10B8F0000C0010001900FB1D2A1C1A70BB1D221C15
:10B900001A707B1D021C1A703B1D0A1C1A700B2436
:10B910003B1900221A700F23FB1800221A700E2305
:10B92000FB1800221A700D23FB1800221A70B04B6E
:10B930001B78BA1D12789A4248D0FB6A1B0EDAB205
:10B94000AC4B1A70FB6A1B0CDAB2AA4B5A70FB6A3A
:10B950001B0ADAB2A74B9A70FB6ADAB2A54BDA700F
:10B960003B6B1B0EDAB2A34B1A713B6B1B0CDAB2AA
:10B97000A04B5A713B6B1B0ADAB29E4B9A713B6B20
:10B98000DAB29C4BDA719B4A202308215B18DB1941
:10B990001B781372974BFA1D12785A72954B3A1D09
:10B9A00012789A72934B7A1D1278DA722C235B18F4
:10B9B000DB191A788F4B1A73BB1D1B780D221C21C3
:10B9C0001800FFF749FC3B191B780CE10C23FB180E
:10B9D00000221A70B6E03B1D1A78BB1D1B781100BF
:10B9E0001800F9F7A3FC0C217B181B78824AD35C62
:10B9F000002B00D1A0E07B181B7801337E4AD35C7A
:10BA0000002B10D07B181B787B4AD05C7B181B78EE
:10BA10000133794AD35C0E22BC181900F9F786FC71
:10BA2000030023700EE00C23FB181B78724AD25CD3
:10BA30000E23FC18BB1D1B7819001000F9F776FCCB
:10BA4000030023703B1D1A78BB1D1B7811001800E2
:10BA5000F9F76CFC0C23FB181B78674AD35C3A1D82
:10BA600012789A4205D10D23FB187A1D12781A70AC
:10BA700010E00C217B181B785F4AD05C7B181B7888
:10BA8000013B5D4AD35C0D22BC181900F9F74EFC4E
:10BA900003002370FB6A1B0EDAB2564B1A70FB6A66
:10BAA0001B0CDAB2534B5A70FB6A1B0ADAB2514BC9
:10BAB0009A70FB6ADAB24F4BDA703B6B1B0EDAB24C
:10BAC0004C4B1A713B6B1B0CDAB24A4B5A713B6BF5
:10BAD0001B0ADAB2474B9A713B6BDAB2454BDA710B
:10BAE000444A202308215B18DB191B781372414B51
:10BAF0000E22BA1812785A723E4B0D22BA181278DA
:10BB00009A722C235B18DB191A783A4BDA723B1DB8
:10BB10001A78BB1D1B7811001800F9F707FC0C23DD
:10BB2000FB181B78344AD35C0C221B211800FFF74A
:10BB300093FB0A2011F078FB0C217B181A787B18F4
:10BB400001321A700C23FB181B78192B00D842E71E
:10BB5000FB1D1B780D2B43D0BA1D3B1D12781B78A3
:10BB60009A4205D10F23FB187A1D12781A700BE048
:10BB70000F23FC183B1D1A78BB1D1B781100180001
:10BB8000F9F7D4FB03002370FB1D1C783A6BF96AAC
:10BB9000202508202B18DB1918780F26BB191B78D5
:10BBA00000932300FFF708F82C2308201B18DB194B
:10BBB0001B78002B14D0FB1D1C783A6BF96A2B18EC
:10BBC000DB191878002304930023039300230293C6
:10BBD00000230193BB191B7800932300F8F7EEF9BB
:10BBE0000B23FB181B781800BD4605B0F0BDC046FE
:10BBF0007C130020400C0020D41C002080B500AF36
:10BC0000BFF34F8FC046044B044ADA60BFF34F8F37
:10BC1000C046C046FDE7C04600ED00E00400FA055E
:10BC2000F0B58DB000AF78602F23FB1800221A709A
:10BC30001423FB1800221A6000229A800C23FB18A0
:10BC400000221A6000229A802223FB1800221A7018
:10BC500001235B421900012014F056F8D54B002255
:10BC60001A7000F0A8FD2123FB18D24A12781A702E
:10BC7000D04B1B781A00D04B9200D3581B68DBB214
:10BC8000CC4A1278110040225242D31ADAB2CB4B7E
:10BC90005A54C84B1B781A00C84B9A5CC54B1B788A
:10BCA0001900C74B5B5C9A4200D125E2C14B1A7860
:10BCB00020243B1901321A703B191B785A1EBD4BC8
:10BCC0001B781900BE4B5B5C1800BE4913005B007B
:10BCD0009B189B01CB181B5C0D2B4BD13B191B7880
:10BCE000B94AD35C002B45D10023BB620DE0B64AB4
:10BCF000BB6AD3181B78032B04D1B34ABB6AD31891
:10BD000000221A70BB6A0133BB62BB6A062BEEDDF0
:10BD100020203B181B78AC4A0321D154AB4B3A1876
:10BD200012781A70AA4B3A1812781A703B181B78BE
:10BD30005A1EA04B1B781900A14B5B5C1800A1494F
:10BD400013005B009B189B01CB181A5CA14B1A7067
:10BD5000A14B186800230222002114F017F89F4B12
:10BD60001B78012B02D19E4B01221A709B4B0122A2
:10BD70001A70ABE120217B181B78934AD35C032B0C
:10BD800015D17B181B785A1E8A4B1B7819008C4BD7
:10BD90005B5C18008B4913005B009B189B01CB1860
:10BDA0001A5C8C4B1A708E4B01221A708EE1202483
:10BDB0003B191B785A1E7F4B1B781900804B5B5C2C
:10BDC0001800804913005B009B189B01CB181B5C7B
:10BDD000482B0BD13B191B787B4AD35C002B05D138
:10BDE0003B191B78784A0721D1546FE120243B1975
:10BDF0001B785A1E6F4B1B781900714B5B5C180047
:10BE0000704913005B009B189B01CB181B5C5A2BDD
:10BE10000BD13B191B786C4AD35C072B05D13B191E
:10BE20001B78694A0821D15450E120243B191B7822
:10BE30005A1E604B1B781900614B5B5C180061490E
:10BE400013005B009B189B01CB181B5C5A2B0BD07B
:10BE50003B191B785C4AD35C072B05D13B191B7837
:10BE6000594A0021D15431E12026BB191B78564A8A
:10BE7000D35C082B4CD1BB191B78534A0121D154F8
:10BE8000BB191B785A1E4B4B1B7819004C4B5B5C43
:10BE90001D0021243B1919783B191B785148C35CBC
:10BEA0001C00484813005B009B189B01C3185D5D94
:10BEB0004D482300DB001B1BDB000A0092005218D8
:10BEC000D100891ACA0011005B18C31802332A1C5A
:10BED0001A7021243B191B780C22BA180321D15463
:10BEE000BB191B785A1E334B1B781900344B5B5C13
:10BEF0001800344913005B009B189B01CB181A5C97
:10BF00003B191B780132D1B21422BA18D154DDE0AA
:10BF100020217B181B782C4AD35C012B00D0D5E064
:10BF200021203B181B781422BA18D35C012B5DD951
:10BF30007B181B785A1E1F4B1B781900204B5B5C2B
:10BF40001E003B18197805003B181B782548C35C78
:10BF50001C007B191B780C257819C35C1D0019483F
:10BF600013005B009B189B01C3189E5D1E482300B5
:10BF7000DB001B1BDB000A0092005218D100891A5B
:10BF8000CA0011005B18C318321C5A5521203B18F7
:10BF90001B780C243A19D25C0132D1B23A19D1542F
:10BFA0003B181B7814203A18D25C013AD1B23A18E7
:10BFB000D1548BE03B2400204C0F0020342400207F
:10BFC0002C240020A0160020E80A0020D80A002017
:10BFD000A11300203A240020EC1B0020801D00202B
:10BFE000DE0A00208C1D0020941D00202023FB1859
:10BFF0001B785A1EE04B1B781900E04B5B5C1E005F
:10C0000021257B1919787B191B78DD48C35C1C003E
:10C010007B191B780C203818C35C1D00D94813000D
:10C020005B009B189B01C3189E5DD7482300DB0073
:10C030001B1BDB000A0092005218D100891ACA00AB
:10C0400011005B18C318321C5A5521203B181B786D
:10C050000C243A19D25C0132D1B23A19D1543B18AE
:10C060001B7814243A19D25C013AD1B23A19D1544E
:10C070003B181B78C24AD25C0132D1B2C04AD154BB
:10C080003B181B78BE4AD35C052B04D13B181B78A8
:10C09000BB4A0021D154BD4B1B781900BC4B202258
:10C0A000BA1812785A54B94B1B780133DAB2B74B2D
:10C0B0001A70B64B1B78052B02D1B44B00221A70B4
:10C0C0002023FB181B78B34A0021D154AA4B1B78BC
:10C0D000AA4AD25C0132D1B2A84AD154A64B1B78ED
:10C0E0001A00A64B9B5CC02B18D1A34B1B781A00DF
:10C0F000A24B0021995411E09F4B1B781A00A64BCC
:10C100009A5C9D4B1B7819009C4B5B5C9A4205D155
:10C11000994B1B780133DAB2974B1A709B4B1A7804
:10C120009E4B1B789A4200D145E39C4B1B7819002B
:10C1300020203B18964A525C1A7021257B193A1828
:10C140001278013A1A707B1919787B191B78944A76
:10C15000D35C1A008C481300DB009B1ADB000A003A
:10C1600092005218D100891ACA0011005B184822A7
:10C170001A547B1919787B191B78894AD35C1A00E9
:10C1800081481300DB009B1ADB000A009200521862
:10C19000D100891ACA0011005B18C31801335A2252
:10C1A0001A707B1919787B191B787D4AD35C1A00A9
:10C1B0001F243819744C1300DB009B1ADB000A00A3
:10C1C00092005218D100891ACA0011005B18E318B6
:10C1D00002331B7803707B1919787B191B78704A1E
:10C1E000D35C1A001E26B819674C1300DB009B1A9B
:10C1F000DB000A0092005218D100891ACA0011000F
:10C200005B18E31803331B780370664B1B78BA196D
:10C2100012789A4263D0BB191B78002B5FD0BB19F0
:10C220001B78FF2B5BD0BB191B78FE2B57D07B19DB
:10C230001B785D4A1F2439190978D1547B191A7863
:10C240001300DB009B1ADB00584A98187B191978F9
:10C250007B191B78524AD35C1A001300DB009B1A2F
:10C26000DB000A0092005218D100891ACA0011009E
:10C270005B18DA1C444BD1183B191B781A001CF0D0
:10C2800074FD20203B181B785A1E48491300DB0020
:10C290009B1ADB00CB1802331B789B08DBB21A1CFD
:10C2A00001231340DAB2424B01210A4090001A7870
:10C2B00004218A43111C021C0A431A703C4B1B7850
:10C2C00004221340DBB2002B02D03A4B03221A7037
:10C2D0002023FB181B781800FEF7A4FE4AE2212455
:10C2E0003B1919783B191B782D4AD35C1A00264854
:10C2F0001300DB009B1ADB000A0092005218D100E9
:10C30000891ACA0011005B181A5C2B4B1A703B1972
:10C3100019783B191B78224AD35C1A001A4813007B
:10C32000DB009B1ADB000A0092005218D100891A28
:10C33000CA0011005B18C31801331A781E4B5A70DB
:10C340003B1919783B191B78154AD35C1A000E4823
:10C350001300DB009B1ADB000A0092005218D10088
:10C36000891ACA0011005B18C31802331A78124BDD
:10C370009A7000237B6241E03B2400202C240020A3
:10C380008C1D0020A0160020941D00202A240020CF
:10C3900024240020E80A002034240020292400203E
:10C3A000841D00207C130020E00A0020F00A0020F9
:10C3B0009C130020DA0A0020481D00202122BB180F
:10C3C0001978BB181B78DE4AD35C1A007B6ADC1C28
:10C3D0007B6AD81CDB4D1300DB009B1ADB000A00D4
:10C3E00092005218D100891ACA0011005B18EB188C
:10C3F0001A5DD54B1A547B6A01337B621F26BB1929
:10C400001B787A6A9A42D9DBBB191B789BB203333B
:10C410009AB21D23FC18CC4B1100180009F04AFBFE
:10C4200003002370C94B1B8801339AB2C74B1A8093
:10C4300021257B1919787B191B78C14AD35C1A0016
:10C44000BB191B78D81CBF4C1300DB009B1ADB0008
:10C450000A0092005218D100891ACA0011005B1814
:10C46000E3181B5C1D22BA1812789A4200D07BE1B7
:10C47000B74B1B8801339AB2B54B1A807B191B78D6
:10C48000B44A3400B9190978D1547B191A781300C9
:10C49000DB009B1ADB00B04A98187B1919787B19CE
:10C4A0001B78A74AD35C1A001300DB009B1ADB0041
:10C4B0000A0092005218D100891ACA0011005B18B4
:10C4C000DA1CA04BD1183B191B781A001CF04DFC4C
:10C4D0002F23FB1800221A701E22BB181B78FF2B7B
:10C4E00004D0BB181B78FE2B00D01CE11E23FB18C8
:10C4F0001B78FF2B42D120243B191B785A1E3B1975
:10C500001B78013B9349CB5C591E93481300DB0019
:10C510009B1ADB00C3185A5C904B1B78DBB29A4223
:10C520002CD03B191B785A1E3B191B78013B8949BB
:10C53000CB5C591E88481300DB009B1ADB00C31834
:10C540005A5C864B111C1970854B1A703B191B786D
:10C550001900FF20FEF7ACFD3B191B785A1E3B1952
:10C560001B78013B7B49CB5C591E7B481300DB00E9
:10C570009B1ADB00C31800225A541EE01E23FB182E
:10C580001B78FF2B19D120217B181B785A1E7B1892
:10C590001B78013B6F49CB5C591E6F481300DB00D1
:10C5A0009B1ADB00C3185A5C6C4B1B78DBB29A42B7
:10C5B00003D12F23FB1803221A701E23FB181B78AC
:10C5C000FE2B00D090E020243B191B785A1E3B190B
:10C5D0001B78013B5F49CB5C591E5F481300DB00B1
:10C5E0009B1ADB00C3185A5C5C4B1B78DBB29A4287
:10C5F00000D179E03B191B785A1E3B191B78013B8F
:10C600005449CB5C591E54481300DB009B1ADB00D5
:10C61000C3185A5C514B111C1970514B1A703B19BD
:10C620001B781900FE20FEF743FD3B191B785A1EAC
:10C630003B191B78013B4749CB5C591E4648130008
:10C64000DB009B1ADB00C31800225A543B191B78ED
:10C650005A1E3B191B78013B3E49CB5C981E222396
:10C66000F9183D4C1300DB009B1ADB00E3181B5C40
:10C670000B702F23FB1866221A702323FB1800224D
:10C680001A7028E020217B181B785A1E7B181B7813
:10C69000013B3049CB5C991E2223FB181B78C91A39
:10C6A0002323FB181B78C9182B481300DB009B1AA7
:10C6B000DB00C3185A5C2B4B1B789A4205D12F2301
:10C6C000FB1800221A70C0462DE023217B181A782F
:10C6D0007B1801321A702323FA182223FB181278D0
:10C6E0001B789A42CED31EE01E23FB181B78FE2B2C
:10C6F00019D120217B181B785A1E7B181B78013B0F
:10C700001449CB5C591E14481300DB009B1ADB0054
:10C71000C3185A5C114B1B78DBB29A4203D12F230A
:10C72000FB1803221A702F23FB181B78002B21D132
:10C730002023FB181B781800FEF7F2FC1AE0C04615
:10C74000841D0020941D0020481D0020402400204E
:10C750003C240020E00A0020F00A00202B240020C6
:10C76000D90A00207C130020174B1B8801339AB292
:10C77000154B1A8021203B181B78144AD25C0132D9
:10C78000D1B2124AD1543B181B78104AD35C052B06
:10C7900004D13B181B780D4A0021D1540C4B1B7857
:10C7A0000133DAB20A4B1A70094B1B78052B02D100
:10C7B000074B00221A70074B1B78052B01D8FFF797
:10C7C00052FAFFF745FAC0463E240020841D00209F
:10C7D000292400203B240020F0B5C64600B5B2B0A5
:10C7E00004AF84243B191860372380215B18DA19C1
:10C7F0000023137024235B18DA19002313702323FA
:10C800005B18DA190023137022235B18DA1900234E
:10C81000137030235B18DA19002313803B191B684F
:10C8200021225218D2191370372380269B19DA1946
:10C830000023137001235B421900012013F064FAF6
:10C840002124A319DB191B785A1EED4B9B5C002B8E
:10C8500001D104F066FBA319DB191B785A1E2023B3
:10C860009B19D819E7491300DB009B1ADB005B5CBE
:10C870000370A319DB191B785A1E36239B19D8198C
:10C88000E0491300DB009B1ADB00CB1801331B7857
:10C8900003703325AB19DA1900231370A319DB19C0
:10C8A0001B785A1ED848D7491300DB009B1ADB00BF
:10C8B000CB1802331B780370D34B1A780123134033
:10C8C000DBB2002B0BD022239B19DA190123137042
:10C8D000AB19DA19AB19DB191B7801331370CA4B8A
:10C8E0001A7802231340DBB2002B31D0212680229C
:10C8F000B318DB191B78591E3325AB18DB191B78CD
:10C90000181DC04A0B00DB005B1ADB00D3181B5C50
:10C910001B029CB28022B318DB191B78591E16002B
:10C92000AB18DB191B78D81CB64A0B00DB005B1A6E
:10C93000DB00D3181B5C2E229219D219E318138046
:10C94000AB19DA19AB19DB191B780133137015E039
:10C95000212380241B19DB191B78591E33231B1933
:10C96000DB191B78D81CA74A0B00DB005B1ADB0025
:10C97000D3181B5C2E221219D2191380A24B1A78DD
:10C9800008231340DBB2002B0FD09F490A780823FD
:10C990009A4313000B70362380229B18DB191B78F7
:10C9A00000222C211800FEF757FC332080240319A5
:10C9B000DA190319DB191B780433137021231B19AF
:10C9C000DB191B785A1E8E4B9A5C1F231B19D91931
:10C9D0000319DB191B78D31A0B7037231B19DB19CA
:10C9E0001B78002B01D004F09CFA2E231B19DB19B5
:10C9F0001A88302A0CDC002A01DA04F02FFA302AD7
:10CA000001D904F02BFA9200804BD3181B689F4683
:10CA10007F4B9A4200D173E104F020FA7D4A012352
:10CA20001370794B1A7860231340DBB2602B08D067
:10CA3000754B1A7860231340DBB2202B01D004F031
:10CA400054FA362380229B18DB191B78002202211E
:10CA50001800FEF701FC04F048FA6F4B1B78002B1E
:10CA600039D16E4B1B7819006D4A0B009B005B1887
:10CA70005B009B5C002B0AD1362380229B18DB19BC
:10CA80001A786849684B18001BF0C8FF13E036227B
:10CA900080215318DB191C785318DB191B781A00F6
:10CAA0009200D21853001A005D4BD3185F495E48BC
:10CAB00022001BF0B3FF584B1C785B4B1800F3F7B8
:10CAC0002DFB03009AB2584901235B4200933223A5
:10CAD00020000CF0F9F8564A0023137004F021FAF4
:10CAE00080239B0153480122190016F016F804F028
:10CAF00018FA80239B014F480022190016F00DF808
:10CB000004F00FFA80239B014A4A1900100016F026
:10CB100021F804F006FA362380201B18DB191B7855
:10CB20009BB21B029CB221252B18DB191B78591EC6
:10CB300033263318DB191B78981C324A0B00DB00B4
:10CB40005B1ADB00D3181B5C190080202B18DB1943
:10CB50001B785A1E63189BB23749920053522B1808
:10CB6000DB191B785A1E3318DB1918782549130076
:10CB7000DB009B1ADB00CB181B5C1B029CB28020E5
:10CB80002B18DB191B78591E3318DB191B78581C1E
:10CB90001C4A0B00DB005B1ADB00D3181B5C1A007D
:10CBA0008026AB19DB191B78591EA31898B2224AAC
:10CBB0008B00D3189A1C031C1380164A022313708F
:10CBC0001E4B1B881B0A9BB2DBB21D4A13701B4B0A
:10CBD0001B88DBB21A4A5370194AAB19DB191B7850
:10CBE0009370022010F020FBAB19DB191878032397
:10CBF00000930B2300220021FEF706FC04F091F9BC
:10CC0000E00A0020F00A00209C130020880103089D
:10CC1000B3050000DA0A0020D80A00207C130020A7
:10CC2000E81100204C010308F81C002060010308F3
:10CC30009D13002000080050700E00207A00002094
:10CC4000400C0020362380201B18DB191B789BB278
:10CC50001B029CB221252B18DB191B78591E332689
:10CC60003318DB191B78981C224A0B00DB005B1A77
:10CC7000DB00D3181B5C190080202B18DB191B78F4
:10CC80005A1E63189BB21C49920053522B18DB1991
:10CC90001B785A1E3318DB19187816491300DB006D
:10CCA0009B1ADB00CB181B5C1B029CB280202B184C
:10CCB000DB191B78591E3318DB191B78581C0D4AD9
:10CCC0000B00DB005B1ADB00D3181B5C1A00802012
:10CCD0002B18DB191B78591EA31898B2064A8B0033
:10CCE000D3189A1C031C1380044A0023137004F009
:10CCF00018F9C046F00A0020700E00209D13002095
:10CD000021248026A319DB191B785A1E3325AB1961
:10CD1000DB191878FE491300DB009B1ADB00CB18E7
:10CD20001B5CFC4A1370A319DB191B78591EAB1945
:10CD3000DB191B78581CF64A0B00DB005B1ADB0082
:10CD4000D3181B5CF34A5370A319DB191B78591EC7
:10CD5000AB19DB191B78981CED4A0B00DB005B1A42
:10CD6000DB00D3181B5CEB4A9370A319DB191B780B
:10CD7000591EAB19DB191B78D81CE54A0B00DB00E8
:10CD80005B1ADB00D3181B5CE24AD370A319DB19D2
:10CD90001B78591EAB19DB191B78181DDC4A0B00D8
:10CDA000DB005B1ADB00D3181B5CDA4A1371A31992
:10CDB000DB191B78591EAB19DB191B78581DD44A97
:10CDC0000B00DB005B1ADB00D3181B5CD14A5371EC
:10CDD000A319DB191B78591EAB19DB191B78981D99
:10CDE000CB4A0B00DB005B1ADB00D3181B5CC94A83
:10CDF0009371A319DB191B78591EAB19DB191B782A
:10CE0000D81DC34A0B00DB005B1ADB00D3181B5C88
:10CE1000C04AD371A319DB191B78591EAB19DB1952
:10CE20001B7808331800BA4A0B00DB005B1ADB00E2
:10CE3000D3181B5CB74A1372A319DB191B78591E50
:10CE4000AB19DB191B7809331800B14A0B00DB0062
:10CE50005B1ADB00D3181B5CAE4A5372A319DB19B3
:10CE60001B78591EAB19DB191B780A331800A84A26
:10CE70000B00DB005B1ADB00D3181B5CA54A937226
:10CE8000A319DB191B78591EAB19DB191B780B335F
:10CE900018009F4A0B00DB005B1ADB00D3181B5CF9
:10CEA0009C4AD372A319DB191B78591EAB19DB19E5
:10CEB0001B780C331800964A0B00DB005B1ADB0072
:10CEC000D3181B5C934A1373A319DB191B78591EE3
:10CED000AB19DB191B780D3318008D4A0B00DB00F2
:10CEE0005B1ADB00D3181B5C8A4A5373A319DB1946
:10CEF0001B78591EAB19DB191B780E331800844AB6
:10CF00000B00DB005B1ADB00D3181B5C814A9373B8
:10CF1000A319DB191B78591EAB19DB191B780F33CA
:10CF200018007B4A0B00DB005B1ADB00D3181B5C8C
:10CF3000784AD373A319DB191B78591EAB19DB1977
:10CF40001B7810331800724A0B00DB005B1ADB0001
:10CF5000D3181B5C6F4A1374A319DB191B78591E75
:10CF6000AB19DB191B7811331800694A0B00DB0081
:10CF70005B1ADB00D3181B5C664A5374A319DB19D8
:10CF80001B78591EAB19DB191B7812331800604A45
:10CF90000B00DB005B1ADB00D3181B5C5D4A93744B
:10CFA000A319DB191B78591EAB19DB191B78133336
:10CFB0001800574A0B00DB005B1ADB00D3181B5C20
:10CFC000544AD374A319DB191B78591EAB19DB190A
:10CFD0001B78143318004E4A0B00DB005B1ADB0091
:10CFE000D3181B5C4B4A1375A319DB191B78591E08
:10CFF000AB19DB191B7815331800454A0B00DB0011
:10D000005B1ADB00D3181B5C424A5375A319DB196A
:10D010001B78591EAB19DB191B78163318003C4AD4
:10D020000B00DB005B1ADB00D3181B5C394A9375DD
:10D03000A319DB191B78591EAB19DB191B781733A1
:10D040001800334A0B00DB005B1ADB00D3181B5CB3
:10D05000304AD375A319DB191B78591EAB19DB199C
:10D060001B78183318002A4A0B00DB005B1ADB0020
:10D07000D3181B5C274A1376A319DB191B78591E9A
:10D08000AB19DB191B7819331800214A0B00DB00A0
:10D090005B1ADB00D3181B5C1E4A5376A319DB19FD
:10D0A0001B78591EAB19DB191B781A331800184A64
:10D0B0000B00DB005B1ADB00D3181B5C154A937670
:10D0C000A319DB191B78591EAB19DB191B781B330D
:10D0D00018000F4A0B00DB005B1ADB00D3181B5C47
:10D0E0000C4AD376A319DB191B78591EAB19DB192F
:10D0F0001B781C331800064A0B00DB005B1ADB00B0
:10D10000D3181B5C034A1377A319DB1904E0C0464C
:10D11000F00A0020582400201B78591EAB19DB1997
:10D120001B781D331800E94A0B00DB005B1ADB009B
:10D13000D3181B5CE64A537703F0F3FE21238024C7
:10D140001B19DB191B781800F7F7D0FEE14A022300
:10D150001370322010F068F835231B19DA190023F8
:10D16000137027231B19DA190123137036E02720C7
:10D1700080214318DB191B78013BD74A9B009B5A3F
:10D18000002B22D035240E00A319DB191978D34ABD
:10D1900005008319DB191B785354A319DB191B787D
:10D1A0005A1CCE4BD018AB19DB191B78013B9A00E7
:10D1B000C94BD318042219001BF0D7FDA319DA19A3
:10D1C000A319DB191B78053313702722802153180C
:10D1D000DB191B785218D2190133137027238021D1
:10D1E0005B18DB191B78062BC1D935235B18DB19BB
:10D1F0001B789AB236235B18DB191B780D211800B7
:10D20000FEF72AF803F08DFE352380255B19DC1923
:10D210001F235B19DB191B7805211800F2F79AFF11
:10D220000300237026235B19DA190023137041E0F1
:10D2300021268022B318DB191B78581E33239B1834
:10D24000DB1919782625AB18DB191A7813009B0017
:10D250009B18C9189D4A0300DB001B1ADB00D3187A
:10D260005B5C013B9A009E4BD4188022B318DB19FB
:10D270001B78581E332316009B19DB191B78591C89
:10D28000AB19DB191A7813009B009B18CA1803000E
:10D29000DB001B1ADB009A188C4BD31804221900F0
:10D2A00020001BF062FDAB19DB191B78AA19D219FB
:10D2B00001331370262380215B18DA1935235B189C
:10D2C000DB1912781B789A42B2D3864A0023137076
:10D2D00003F027FE252380229B18DA1901231370FF
:10D2E00033E0252580216B18DA1921267318DB1904
:10D2F00012781B789A421FD06B18DB191B78180024
:10D300000BF098FD040080217318DB191B78581E60
:10D3100033235B18DB191A786B18DB191B78D318C9
:10D32000591E6A4A0300DB001B1ADB00D3185B5C42
:10D33000190020000BF0ACFD252280215318DB19C9
:10D340001B785218D21901331370252380269B199C
:10D35000DB191B78062BC4D92125AB19DB191B78E7
:10D3600018000BF067FD0400AB19DB191B78591E80
:10D3700033239B19DB191B780A331800534A0B001F
:10D38000DB005B1ADB00D3181B5C190020000BF0DC
:10D390007FFD03F0C6FD21248026A319DB191B782D
:10D3A0005A1E3325AB19DB19187848491300DB00E6
:10D3B0009B1ADB00CB181B5C002B12D1A319DB19C5
:10D3C0001B78591EAB19DB191B78581C3F4A0B0000
:10D3D000DB005B1ADB00D3181B5C434A137003F0BD
:10D3E00086FD21248026A319DB191B785A1E3325BC
:10D3F000AB19DB19187835491300DB009B1ADB00E9
:10D40000CB181B5C012B01D003F071FD334A0023C4
:10D410001370A319DB191B78591EAB19DB191B7884
:10D42000581C2A4A0B00DB005B1ADB00D3181B5C7C
:10D430002A4A5370A319DB191B78591EAB19DB1943
:10D440001B78981C214A0B00DB005B1ADB00D31809
:10D45000185C03230093102300220021FDF7D4FF62
:10D4600003F045FD214B1A787F239A431300DBB26A
:10D47000002B3FD030248026A319DB191A881C4BBF
:10D48000D01821239B19DB191B785A1E33239B19B3
:10D49000DB1919781300DB009B1ADB005A180B4BC1
:10D4A000D1181F25AB19DB191B781A001BF05DFC86
:10D4B000AB19DB191B789AB2A319D919A319DB1977
:10D4C0001B88D3180B8003F02CFDC046F00A002007
:10D4D00058240020DA0A0020700E0020400C0020A2
:10D4E000880E00209D1300207C1300209C13002038
:10D4F000A024002030248026A319DB191A88EA4BC7
:10D50000D01821239B19DB191B785A1E33239B1932
:10D51000DB1919781300DB009B1ADB005A18E34B68
:10D52000D1181F25AB19DB191B781A001BF01DFC45
:10D53000AB19DB191B789AB235006319D919631935
:10D54000DB191B88D3180B806319DB191B88162184
:10D550001800F2F7FFFD03009BB2DBB2D44A137050
:10D560006319DB191A88D049D24B18001BF0FDFB58
:10D570006319DA1900231380CF4A0223137003F0D2
:10D58000D0FC362380229B18DB191B7818000BF087
:10D590005FFD03F0C6FC342380229B18DA190023B8
:10D5A000137036E0362680217318DB191B78013B97
:10D5B000C24A5B009B5A1CB221235B18DB191B7803
:10D5C000581E33235B18DB191A7834256B18DB19C6
:10D5D0001B78D118B54A0300DB001B1ADB00D318F7
:10D5E0005B5C5A1E80231B0213411BB223431AB2F9
:10D5F00080243319DB191B78013B90B2AF495A00E4
:10D60000031C53522B19DB191B782A19D219013329
:10D610001370342380215B18DA191F235B18DB1980
:10D6200012781B789A42BDD3A54A0023137003F0E9
:10D6300078FC0023A8217A181360352380215B1819
:10D64000DA190023137021256B18DB191B785A1E79
:10D6500033267318DB19187894491300DB009B1AE2
:10D66000DB00CB181B5C1C068022AB18DB191B7877
:10D67000591EB318DB191B78581C8C4A0B00DB00B1
:10D680005B1ADB00D3181B5C1B04E4188022AB1868
:10D69000DB191B78591EB318DB191B78981C834AB9
:10D6A0000B00DB005B1ADB00D3181B5C1B02E418C9
:10D6B0008022AB18DB191B78591EB318DB191B78B5
:10D6C000D81C7A4A0B00DB005B1ADB00D3181B5C0A
:10D6D000E318A82179180B6080242B19DB191B781B
:10D6E000591E3319DB191B78181D704A0B00DB001B
:10D6F0005B1ADB00D3181B5CFF2B23D134231B19CF
:10D70000DA190123137014E0A823FB181A683424D3
:10D7100080256319DB191B78110018000BF06AFBD8
:10D72000220029005318DB191B785218D219013333
:10D730001370342380229B18DB191B78062BE3D946
:10D7400003F0EFFB342380229B18DA1900231370B7
:10D7500038E0212380269B19DB191B785C1E3323BC
:10D760009B19DB191B781A1D34239B19DB191B78B5
:10D77000D0183525AB19D9194C4A2300DB001B1BE7
:10D78000DB00D3181B5C0B7031006B18DB191B78A6
:10D79000002B0ED06B18DB191B78062B09D8A82399
:10D7A000FB181A686B18DB191B78110018000BF0B6
:10D7B00021FB342280215318DB191B785218D2190F
:10D7C00001331370342380215B18DA191F235B188F
:10D7D000DB1912781B789A42BBD303F0A2FB03F04B
:10D7E0004DFDF6F747FB344A0123137003F099FB14
:10D7F000F6F7ACFC03F01CFF64200FF015FD2E4A79
:10D800000223137003F08DFB0FF086FE03009022BD
:10D81000BA181360202380201B18DB191B78FF2BFC
:10D820001AD121231B18DB191B785A1E33231B180E
:10D83000DB1919781300DB009B1ADB005A181B4B0D
:10D84000D1181F231B18DB191B78013B1A001D4B35
:10D8500018001BF08AFA50E0202380201B18DB19E7
:10D860001B78FE2B30D121231B18DB191B785A1E85
:10D8700033231B18DB1919781300DB009B1ADB001C
:10D880005A180A4BD1181F231B18DB191A78352395
:10D890001B18DB191B78D31A023B1A00094B18001E
:10D8A0001BF063FA29E0C046A0240020F00A002003
:10D8B0007C000020740F0020DA0A002048130020AA
:10D8C0009D130020C0250020212380201B18DB1978
:10D8D0001B785A1E33231B18DB1919781300DB0041
:10D8E0009B1ADB005A188C4BD1181F231B18DB190D
:10D8F0001B788A481A001BF038FA35248026A319B1
:10D90000DA19874B1B781370854A21239B19DB1981
:10D910001B78137099239A0090257B1919687F4B07
:10D9200018000FF06BFD03008C22BA1813607C4ABC
:10D93000A319DB191B7813707A4B1A7860231340F4
:10D94000DBB2602B1FD17B191B681800F2F7E6FBD6
:10D9500002007B191968744B18001BF006FA7B193A
:10D960001B681800F2F7DAFB030099B27B191A68FA
:10D9700036239B19DB1918780B001821FDF7BEFC24
:10D980000A200FF051FC8C23FB181B68002BB4D12C
:10D99000624B3222002118001BF0BFF803F0C1FADD
:10D9A0000FF0BAFD030090257A1913607B191B68EC
:10D9B0001800F2F7B3FB03007A1910681A0000216F
:10D9C0001BF0ABF8574B1A787F239A431300DBB256
:10D9D000002B2BD030248026A319DB191A887B1941
:10D9E0001B68981821239B19DB191B785A1E3323B7
:10D9F0009B19DB1919781300DB009B1ADB005A18FE
:10DA0000454BD1181F25AB19DB191B781A001BF0E9
:10DA1000ACF9AB19DB191B789AB2A319D919A31960
:10DA2000DB191B88D3180B8003F07BFA3024802588
:10DA30006319DB191A889023FB181B689818212397
:10DA40005B19DB191B785A1E33235B19DB19197814
:10DA50001300DB009B1ADB005A182F4BD1181F2331
:10DA60005B19DB191B781A001BF07FF96319DA19AF
:10DA7000002313802D4A002313702D4B18680023B8
:10DA80000022002112F082F903F04BFA294B2A4AB6
:10DA90001A602A4B01221A700A200FF0C5FBFEF70C
:10DAA000ADF8212580216B18DB191B785A1E33260F
:10DAB0007318DB19187818491300DB009B1ADB0078
:10DAC000CB18185C00230093192300220021FDF7D6
:10DAD0009BFC64200FF0A8FB194B1C7880216B186D
:10DAE000DB191B785A1E7318DB1918780A491300C2
:10DAF000DB009B1ADB00CB18195C80202B18DB198C
:10DB00001A7836231B18DB1918780B00210003F054
:10DB1000ABFD03F006FAC046F00A0020C025002045
:10DB2000D80A00209C130020400C00209D130020E8
:10DB3000EC1B0020F03F0220EFBEADDEDA0A002031
:10DB40007C13002021258022AB18DB191B78591E7D
:10DB50003326B318DB191B780B331C0035239B18B5
:10DB6000D819F34A0B00DB005B1ADB00D3181B5DEE
:10DB700003701F2280215318DB191B780F2B14D13F
:10DB80000A00AB18DB191B78591EB318DB191B7878
:10DB90001C000D3435239B18D819E54A0B00DB0017
:10DBA0005B1ADB00D3181B5D03701F2380229B18B8
:10DBB000DB191B78112B15D121239B18DB191B783E
:10DBC000591E33239B18DB191B780F331C00352398
:10DBD0009B18D819D64A0B00DB005B1ADB00D31860
:10DBE0001B5D0370212580216B18DB191B785A1EE1
:10DBF00033267318DB191878CD491300DB009B1A04
:10DC0000DB00CB181B5C1C068022AB18DB191B78D1
:10DC1000591EB318DB191B78581CC54A0B00DB00D2
:10DC20005B1ADB00D3181B5C1B04E4188022AB18C2
:10DC3000DB191B78591EB318DB191B78981CBC4ADA
:10DC40000B00DB005B1ADB00D3181B5C1B02E41823
:10DC50008022AB18DB191B78591EB318DB191B780F
:10DC6000D81CB34A0B00DB005B1ADB00D3181B5C2B
:10DC7000E3189824381903608022AB18DB191B784D
:10DC8000591EB318DB191B78181DA94A0B00DB00BD
:10DC90005B1ADB00D3181B5C1C068022AB18DB1957
:10DCA0001B78591EB318DB191B78581DA04A0B00AE
:10DCB000DB005B1ADB00D3181B5C1B04E41880221A
:10DCC000AB18DB191B78591EB318DB191B78981D8C
:10DCD000974A0B00DB005B1ADB00D3181B5C1B02AE
:10DCE000E4188022AB18DB191B78591EB318DB1916
:10DCF0001B78D81D8E4A0B00DB005B1ADB00D318A3
:10DD00001B5CE318942038180360352380215B18CE
:10DD1000DB191B78002B00D0C7E16B18DB191B78CF
:10DD20005A1E7318DB19187881491300DB009B1AFF
:10DD3000DB00CB181B5C1C068022AB18DB191B78A0
:10DD4000591EB318DB191B78581C794A0B00DB00ED
:10DD50005B1ADB00D3181B5C1B04E4188022AB1891
:10DD6000DB191B78591EB318DB191B78981C704AF5
:10DD70000B00DB005B1ADB00D3181B5C1B02E418F2
:10DD80008022AB18DB191B78591EB318DB191B78DE
:10DD9000D81C674A0B00DB005B1ADB00D3181B5C46
:10DDA000E3189824381903608022AB18DB191B781C
:10DDB000591EB318DB191B78181D5D4A0B00DB00D8
:10DDC0005B1ADB00D3181B5C1C068022AB18DB1926
:10DDD0001B78591EB318DB191B78581D544A0B00C9
:10DDE000DB005B1ADB00D3181B5C1B04E4188022E9
:10DDF000AB18DB191B78591EB318DB191B78981D5B
:10DE00004B4A0B00DB005B1ADB00D3181B5C1B02C8
:10DE1000E4188022AB18DB191B78591EB318DB19E4
:10DE20001B78D81D424A0B00DB005B1ADB00D318BD
:10DE30001B5CE3189421781803602E008025731969
:10DE4000DB191B78591E33246319DB191B7809333E
:10DE50001800374A0B00DB005B1ADB00D3181B5C91
:10DE6000002B4FD07319DB191B78591E6319DB196E
:10DE70001B780A3318002E4A0B00DB005B1ADB000C
:10DE8000D3181B5C002B3DD07319DB191B78591E6E
:10DE90006319DB191B7808331800254A0B00DB00D7
:10DEA0005B1ADB00D3181D5C8022B318DB191B78CA
:10DEB000591EA318DB191B78180009301C4A0B00E7
:10DEC000DB005B1ADB00D3181C5C8022B318DB1963
:10DED0001B78591E33239B18DB191B780A33180053
:10DEE000134A0B00DB005B1ADB00D3181B5C942287
:10DEF000BA1812689821791809680093230028003D
:10DF0000FCF75AFE212680257319DB191B78591E50
:10DF100033246319DB191B780B331800044A0B00F8
:10DF2000DB005B1ADB00D3181B5C002B52D001E036
:10DF3000F00A00207319DB191B78591E6319DB19CD
:10DF40001B780C331800F74A0B00DB005B1ADB0070
:10DF5000D3181B5C002B3DD07319DB191B78591E9D
:10DF60006319DB191B7808331800EE4A0B00DB003D
:10DF70005B1ADB00D3181D5C8022B318DB191B78F9
:10DF8000591EA318DB191B7818000B30E54A0B004B
:10DF9000DB005B1ADB00D3181C5C8022B318DB1992
:10DFA0001B78591E33239B18DB191B780C33180080
:10DFB000DC4A0B00DB005B1ADB00D3181B5C9422ED
:10DFC000BA1812689821791809680093230028006C
:10DFD000FCF7F2FD212680257319DB191B78591EE9
:10DFE00033246319DB191B780D331800CD4A0B005D
:10DFF000DB005B1ADB00D3181B5C002B01D102F0A5
:10E0000078FF7319DB191B78591E6319DB191B780C
:10E010000E331800C34A0B00DB005B1ADB00D31879
:10E020001B5C002B01D102F064FF7319DB191B7814
:10E03000591E6319DB191B7808331800B94A0B0005
:10E04000DB005B1ADB00D3181D5C8022B318DB19E0
:10E050001B78591EA318DB191B7818000D30B14A24
:10E060000B00DB005B1ADB00D3181C5C8022B318AA
:10E07000DB191B78591E33239B18DB191B780E33D1
:10E080001800A84A0B00DB005B1ADB00D3181B5CEE
:10E090009422BA181268982179180968009323000D
:10E0A0002800FCF789FD02F024FF212580242B198C
:10E0B000DB191B785A1E33263319DB191B780833FA
:10E0C000190098481300DB009B1ADB00C3185B5C47
:10E0D0001900E42007F0F6FD2B19DB191B785A1EF6
:10E0E0003319DB1919788F481300DB009B1ADB000A
:10E0F000C3185B5C1B0299B22B19DB191B785A1EE3
:10E100003319DB191B78581C864C1300DB009B1A53
:10E11000DB00E3181B5CCB189BB21900E52007F06D
:10E12000D1FD80242B19DB191B785A1E3319DB19FA
:10E130001B78991C7B481300DB009B1ADB00C3187B
:10E140005B5C1B0299B22B19DB191B785A1E331921
:10E15000DB191B78D81C734C1300DB009B1ADB0007
:10E16000E3181B5CCB189BB21900E62007F0AAFD50
:10E1700080242B19DB191B785A1E3319DB191B78E5
:10E18000191D68481300DB009B1ADB00C3185B5C99
:10E190001B0299B22B19DB191B785A1E3319DB1994
:10E1A0001B78581D5F4C1300DB009B1ADB00E31843
:10E1B0001B5CCB189BB21900E72007F083FD80247D
:10E1C0002B19DB191B785A1E3319DB191B78991D83
:10E1D00054481300DB009B1ADB00C3185B5C1B0276
:10E1E00099B22B19DB191B785A1E3319DB191B78CE
:10E1F000D81D4C4C1300DB009B1ADB00E3181B5CA2
:10E20000CB189BB21900E82007F05CFD80242B1985
:10E21000DB191B785A1E3319DB191B7809331900D7
:10E2200040481300DB009B1ADB00C3185B5C1B0239
:10E2300099B22B19DB191B785A1E3319DB191B787D
:10E240000A331800374C1300DB009B1ADB00E3187D
:10E250001B5CCB189BB21900E92007F033FD1F238C
:10E2600080241B19DB191B78132B27D12B19DB19E1
:10E270001B785A1E3319DB191B780B3319002948F8
:10E280001300DB009B1ADB00C3185B5C1B0299B216
:10E290002B19DB191B785A1E3319DB191B780C3329
:10E2A0001800204C1300DB009B1ADB00E3181B5CFA
:10E2B000CB189BB21900EA2007F004FD1F2380262B
:10E2C0009B19DB191B78152B29D12124A319DB19E4
:10E2D0001B785A1E3325AB19DB191B780D33190037
:10E2E00010481300DB009B1ADB00C3185B5C1B02A9
:10E2F00099B2A319DB191B785A1EAB19DB191B78CD
:10E300000E331800074C1300DB009B1ADB00E318E8
:10E310001B5CCB189BB21900EB2007F0D3FCFDF778
:10E320006DFCC046F00A0020212580216B18DB1906
:10E330001B785A1E33267318DB191878E649130028
:10E34000DB009B1ADB00CB181B5C1C068022AB1881
:10E35000DB191B78591EB318DB191B78581CDE4AD1
:10E360000B00DB005B1ADB00D3181B5C1B04E418FA
:10E370008022AB18DB191B78591EB318DB191B78E8
:10E38000981CD54A0B00DB005B1ADB00D3181B5C22
:10E390001B02E4188022AB18DB191B78591EB31836
:10E3A000DB191B78D81CCC4A0B00DB005B1ADB00A6
:10E3B000D3181B5CE3189821781803608022A818F2
:10E3C000C3191B78591EB018C3191B78181DC24AEF
:10E3D0000B00DB005B1ADB00D3181B5C1C068022E1
:10E3E000A818C3191B78591EB018C3191B78581DDB
:10E3F000B94A0B00DB005B1ADB00D3181B5C1B0463
:10E40000E4188022A818C3191B78591EB018C31924
:10E410001B78981DB04A0B00DB005B1ADB00D31899
:10E420001B5C1B02E4188022A818C3191B78591E14
:10E43000B018C3191B78D81DA74A0B00DB005B1A64
:10E44000DB00D3181B5CE3189421781803602C00C0
:10E450008022A818C3191B78591E3500B018C3199B
:10E460001B78093318009C4A0B00DB005B1ADB00A9
:10E47000D3181B5C9846994B1B789C468022A018A9
:10E48000C3191B78591EA818C3191B780B33180021
:10E49000914A0B00DB005B1ADB00D3181E5C802264
:10E4A000A018C3191B78591EAD18EB191B780A3335
:10E4B0001800894A0B00DB005B1ADB00D3181D5CD7
:10E4C00080202218D3191B78591E33221418E319FF
:10E4D0001B7818000830804A0B00DB005B1ADB0059
:10E4E000D3181C5C212380201A18D3191B78591EBD
:10E4F00033221218D3191B780C331800764A0B00FC
:10E50000DB005B1ADB00D3181B5C5A1E9341DBB2A5
:10E5100003939423FA18136802939823FB181B683B
:10E52000019300942B00320061464046FDF7DCF970
:10E5300002F0F7FC212580242B19DB191B785A1EC9
:10E5400033263319DB19187863491300DB009B1A53
:10E55000DB00CB181B5C002B00D03AE12B19DB1938
:10E560001B78591E3319DB191B78981C5A4A0B006B
:10E57000DB005B1ADB00D3181B5C1C068022AB1887
:10E58000DB191B78591EB318DB191B78D81C524AAB
:10E590000B00DB005B1ADB00D3181B5C1B04E418C8
:10E5A0008022AB18DB191B78591EB318DB191B78B6
:10E5B000181D494A0B00DB005B1ADB00D3181B5CFB
:10E5C0001B02E4188022AB18DB191B78591EB31804
:10E5D000DB191B78581D404A0B00DB005B1ADB007F
:10E5E000D3181B5CE318A82179180B608022AB18A4
:10E5F000DB191B78591EB318DB191B78581C364AD7
:10E600000B00DB005B1ADB00D3181B5C082B00D966
:10E6100065E39A00324BD3181B689F46A823FB186A
:10E620001B681B78DBB22F4A1370362380229B189D
:10E63000DB191B7801221F211800FCF70DFE55E3A2
:10E64000A823FB181B681B785BB2DBB2254A13704A
:10E65000362380229B18DB191B7801221F2118000A
:10E66000FCF7FAFD42E3A8217B181B681B889BB2CC
:10E67000DBB21C4A13707B181B681B889BB21B0AF9
:10E680009BB2DBB2174A5370362380229B18DB19EA
:10E690001B7802221F211800FCF7DEFD26E3A821CB
:10E6A0007B181B681B881BB2DBB20E4A13707B18E9
:10E6B0001B681B881BB21B121BB2DBB2094A5370CA
:10E6C000362380229B18DB191B7802221F21180099
:10E6D000FCF7C2FD0AE3C046F00A00207C130020CC
:10E6E0004C020308400C0020A8217B181B681B6803
:10E6F000DBB2DB4A13707B181B681B681B0ADBB29A
:10E70000D74A53707B181B681B681B0CDBB2D44ABA
:10E7100093707B181B681B681B0EDBB2D04AD3704A
:10E72000362380229B18DB191B7804221F21180036
:10E73000FCF792FDDAE2A8217B181B681B68DBB2AC
:10E74000C74A13707B181B681B681B12DBB2C44AD4
:10E7500053707B181B681B681B14DBB2C04A937094
:10E760007B181B681B681B16DBB2BD4AD3703623AF
:10E7700080229B18DB191B7804221F211800FCF74C
:10E780006BFDB3E2A8217B181B681B78DBB2B44A8F
:10E7900013707B181B6801331B78DBB2B04A5370CF
:10E7A0007B181B6802331B78DBB2AD4A93707B1871
:10E7B0001B6803331B78DBB2A94AD370362380224F
:10E7C0009B18DB191B7808221F211800FCF744FD59
:10E7D0008CE221248026A319DB191B785A1E3325CD
:10E7E000AB19DB1918789F491300DB009B1ADB007B
:10E7F000CB181B5C022B00D03CE1A319DB191B7862
:10E80000581EA319DB191B785A1E974B9B5C591E87
:10E81000944A0300DB001B1ADB00D2180023535478
:10E82000A319DB191B785A1EAB19DB191B78591C6D
:10E830001300DB009B1ADB005A188A4BD3183525CE
:10E84000AA19D4191800F5F737FD03002370AB1986
:10E85000DB191B78002B0AD136239B19DB191B7897
:10E8600001221F211800FCF7F7FC02F044FB3520C1
:10E8700080240319DB191B785A1E7C4913005B00A6
:10E880009B189B005B58A822BA1813600319DB1968
:10E890001B785A1E754913005B009B189B00CB1810
:10E8A00004331B786E4A13706D4B1B78082B00D90C
:10E8B00018E29A006E4BD3181B689F46A823FB18DA
:10E8C0001B681B78DBB2664A5370362380229B1884
:10E8D000DB191B7802221F211800FCF7BDFC05E2A2
:10E8E000A823FB181B681B785BB2DBB25C4A537031
:10E8F000362380229B18DB191B7802221F21180067
:10E90000FCF7AAFCF2E1A8217B181B681B889BB2CC
:10E91000DBB2534A53707B181B681B889BB21B0ADF
:10E920009BB2DBB24E4A9370362380229B18DB19D0
:10E930001B7803221F211800FCF78EFCD6E1A821CA
:10E940007B181B681B881BB2DBB2454A53707B18CF
:10E950001B681B881BB21B121BB2DBB2404A9370B0
:10E96000362380229B18DB191B7803221F211800F5
:10E97000FCF772FCBAE1A8217B181B681B68DBB2AC
:10E98000374A53707B181B681B681B0ADBB2344A7A
:10E9900093707B181B681B681B0CDBB2304AD3706A
:10E9A0007B181B681B681B0EDBB22D4A13713623C4
:10E9B00080229B18DB191B7805221F211800FCF709
:10E9C0004BFC93E1A8217B181B681B68DBB2244A2F
:10E9D00053707B181B681B681B12DBB2204A9370B4
:10E9E0007B181B681B681B14DBB21D4AD3707B1895
:10E9F0001B681B681B16DBB2194A13713623802271
:10EA00009B18DB191B7805221F211800FCF724FC3A
:10EA10006CE1A8217B181B681B78DBB2104A53708D
:10EA20007B181B6801331B78DBB20D4A93707B188F
:10EA30001B6802331B78DBB2094AD3707B181B6852
:10EA400003331B78DBB2064A1371362380229B18EE
:10EA5000DB191B7809221F211800FCF7FDFB45E19B
:10EA6000400C0020F00A0020E00A0020982B002033
:10EA70007002030821248026A319DB191B785A1E73
:10EA80003325AB19DB191878EA491300DB009B1A10
:10EA9000DB00CB181B5C022B01D802F02CFAA31967
:10EAA000DB191B785A1E3400AB19DB191878E149C1
:10EAB0001300DB009B1ADB00CB181B5C043BDE4A17
:10EAC0009B009B58DAB20F231340DBB2DB4A137072
:10EAD000DA4B1B78002B0AD136231B19DB191B7864
:10EAE00001221F211800FCF7B7FB02F004FA2123D2
:10EAF00080215B18DB191B785A1E33235B18DB1946
:10EB00001878CC491300DB009B1ADB00CB181B5C88
:10EB1000043BC94A9B009B581B0CC94A944663445A
:10EB2000A822BA181360C54B1B78082B00D9DCE06B
:10EB30009A00C44BD3181B689F46A823FB181B6878
:10EB40001B78DBB2BD4A5370362380229B18DB1939
:10EB50001B7802221F211800FCF77EFBC6E0A823C9
:10EB6000FB181B681B785BB2DBB2B44A53703623C8
:10EB700080229B18DB191B7802221F211800FCF74A
:10EB80006BFBB3E0A8217B181B681B889BB2DBB230
:10EB9000AA4A53707B181B681B889BB21B0A9BB246
:10EBA000DBB2A64A9370362380229B18DB191B78B0
:10EBB00003221F211800FCF74FFB97E0A8217B18C8
:10EBC0001B681B881BB2DBB29C4A53707B181B6806
:10EBD0001B881BB21B121BB2DBB2984A9370362300
:10EBE00080229B18DB191B7803221F211800FCF7D9
:10EBF00033FB7BE0A8217B181B681B68DBB28F4AC4
:10EC000053707B181B681B681B0ADBB28B4A93701E
:10EC10007B181B681B681B0CDBB2884AD3707B18FF
:10EC20001B681B681B0EDBB2844A137136238022DB
:10EC30009B18DB191B7805221F211800FCF70CFB21
:10EC400054E0A8217B181B681B68DBB27B4A537019
:10EC50007B181B681B681B12DBB2784A93707B1809
:10EC60001B681B681B14DBB2744AD3707B181B68CB
:10EC70001B681B16DBB2714A1371362380229B1866
:10EC8000DB191B7805221F211800FCF7E5FA2DE09F
:10EC9000A8217B181B681B78DBB2684A53707B186D
:10ECA0001B6801331B78DBB2644A93707B181B68C6
:10ECB00002331B78DBB2614AD3707B181B680333C5
:10ECC0001B78DBB25D4A1371362380229B18DB1957
:10ECD0001B7809221F211800FCF7BEFA06E0C04687
:10ECE00002F009F9C04602F006F9C04602F003F945
:10ECF000554B1A685B68032A01D1002B08D0524B90
:10ED00001A685B68022A00D0CCE1002B00D0C9E170
:10ED100021248026A319DB191B785A1E3325AB1931
:10ED2000DB19187843491300DB009B1ADB00CB1872
:10ED30001B5C464A1370A319DB191B785A1EAB19CA
:10ED4000DB1918783B491300DB009B1ADB00CB185A
:10ED50001B5C082B00D9A3E19A003D4BD3181B681C
:10ED60009F463C4A102313709BE1212380229B186D
:10ED7000DB191B78591E33239B18DB191B78581C91
:10ED80002C4A0B00DB005B1ADB00D3181B5CBB6753
:10ED90000023FB672C4BB96FFA6F19605A6080E152
:10EDA000212380229B18DB191B78591E33239B18C3
:10EDB000DB191B78581C1F4A0B00DB005B1ADB00B9
:10EDC000D3181B5C5BB23B67DB177B671E4B396F4D
:10EDD0007A6F19605A6064E121258022AB18DB1933
:10EDE0001B78591E3326B318DB191B78581C114A9F
:10EDF0000B00DB005B1ADB00D3181B5C1C008022BD
:10EE0000AB18DB191B78591EB318DB191B78981C3B
:10EE1000084A0B00DB005B1ADB00D3181B5C1B02EB
:10EE2000E318BB66DB17FB66074BB96EFA6E196019
:10EE30005A6036E1F00A0020D40E0020400C002079
:10EE40000000012094020308680F00207D000020CC
:10EE5000B80203089D13002021258022AB18DB197E
:10EE60001B78591E3326B318DB191B78581CDD4A52
:10EE70000B00DB005B1ADB00D3181B5C1C0080223C
:10EE8000AB18DB191B78591EB318DB191B78981CBB
:10EE9000D44A0B00DB005B1ADB00D3181B5C1B029F
:10EEA000E3183B66DB177B66CF4B396E7A6E1960D1
:10EEB0005A60F6E021258022AB18DB191B78591E19
:10EEC0003326B318DB191B78581CC64A0B00DB002D
:10EED0005B1ADB00D3181B5C1C008022AB18DB190B
:10EEE0001B78591EB318DB191B78981CBD4A0B0000
:10EEF000DB005B1ADB00D3181B5C1B02E4188022CA
:10EF0000AB18DB191B78591EB318DB191B78D81CFA
:10EF1000B44A0B00DB005B1ADB00D3181B5C1B043C
:10EF2000E4188022AB18DB191B78591EB318DB19C3
:10EF30001B78181DAB4A0B00DB005B1ADB00D318F3
:10EF40001B5C1B06E318BB650023FB65A64BB96D74
:10EF5000FA6D19605A60A4E021258022AB18DB19F4
:10EF60001B78591E3326B318DB191B78581C9D4A91
:10EF70000B00DB005B1ADB00D3181B5C1C0080223B
:10EF8000AB18DB191B78591EB318DB191B78981CBA
:10EF9000944A0B00DB005B1ADB00D3181B5C1B02DE
:10EFA000E4188022AB18DB191B78591EB318DB1943
:10EFB0001B78D81C8B4A0B00DB005B1ADB00D318D4
:10EFC0001B5C1B04E4188022AB18DB191B78591E4C
:10EFD000B318DB191B78181D824A0B00DB005B1A83
:10EFE000DB00D3181B5C1B06E3183B65DB177B6556
:10EFF0007D4B396D7A6D19605A6052E0212580226F
:10F00000AB18DB191B78591E3326B318DB191B7894
:10F01000581C744A0B00DB005B1ADB00D3181B5C26
:10F020001C008022AB18DB191B78591EB318DB19A2
:10F030001B78981C6B4A0B00DB005B1ADB00D318B3
:10F040001B5C1B02E4188022AB18DB191B78591ECD
:10F05000B318DB191B78D81C624A0B00DB005B1A63
:10F06000DB00D3181B5C1B04E4188022AB18DB19EF
:10F070001B78591EB318DB191B78181D594A0B0051
:10F08000DB005B1ADB00D3181B5C1B06E318BB64B8
:10F090000023FB64544BB96CFA6C19605A6000E0B1
:10F0A000C0469BE1504B1A685B681100194300D0C1
:10F0B00094E14E4B1B78082B00D98EE19A004C4B03
:10F0C000D3181B689F46212380215B18DB191B780E
:10F0D0005A1E33235B18DB19187842491300DB00F2
:10F0E0009B1ADB00CB181B5C3B6400237B643E4B0C
:10F0F000396C7A6C19605A6070E1212380215B18A9
:10F10000DB191B785A1E33235B18DB191878354935
:10F110001300DB009B1ADB00CB181B5C5BB2BB63EC
:10F12000DB17FB63304BB96BFA6B19605A6055E122
:10F13000212580216B18DB191B785A1E3326731882
:10F14000DB19187827491300DB009B1ADB00CB186A
:10F150001B5C1C008022AB18DB191B78591EB318EE
:10F16000DB191B78581C1F4A0B00DB005B1ADB0005
:10F17000D3181B5C1B02E3183B63DB177B631A4B42
:10F18000396B7A6B19605A6028E1212580216B1850
:10F19000DB191B785A1E33267318DB1918781149AE
:10F1A0001300DB009B1ADB00CB181B5C1C008022C9
:10F1B000AB18DB191B78591EB318DB191B78581CC8
:10F1C000084A0B00DB005B1ADB00D3181B5C1B0238
:10F1D000E318BB62DB17FB62034BB96AFA6A19607A
:10F1E0005A60FBE0F00A0020680F0020700F00203A
:10F1F000DC020308212580216B18DB191B785A1EBD
:10F2000033267318DB191878E0491300DB009B1ACA
:10F21000DB00CB181B5C1C008022AB18DB191B78B1
:10F22000591EB318DB191B78581CD84A0B00DB0099
:10F230005B1ADB00D3181B5C1B02E4188022AB189E
:10F24000DB191B78591EB318DB191B78981CCF4AA1
:10F250000B00DB005B1ADB00D3181B5C1B04E418FB
:10F260008022AB18DB191B78591EB318DB191B78E9
:10F27000D81CC64A0B00DB005B1ADB00D3181B5CF2
:10F280001B06E3183B6200237B62C14B396A7A6A32
:10F2900019605A60A2E0212580216B18DB191B78C8
:10F2A0005A1E33267318DB191878B8491300DB008F
:10F2B0009B1ADB00CB181B5C1C008022AB18DB19EF
:10F2C0001B78591EB318DB191B78581CAF4A0B006A
:10F2D000DB005B1ADB00D3181B5C1B02E4188022E6
:10F2E000AB18DB191B78591EB318DB191B78981C57
:10F2F000A64A0B00DB005B1ADB00D3181B5C1B0467
:10F30000E4188022AB18DB191B78591EB318DB19DF
:10F310001B78D81C9D4A0B00DB005B1ADB00D3185E
:10F320001B5C1B06E318BB61DB17FB61984BB969DB
:10F33000FA6919605A6051E0212580216B18DB19A8
:10F340001B785A1E33267318DB1918788F4913005F
:10F35000DB009B1ADB00CB181B5C1C008022AB1867
:10F36000DB191B78591EB318DB191B78581C874A08
:10F370000B00DB005B1ADB00D3181B5C1B02E418DC
:10F380008022AB18DB191B78591EB318DB191B78C8
:10F39000981C7E4A0B00DB005B1ADB00D3181B5C59
:10F3A0001B04E4188022AB18DB191B78591EB31814
:10F3B000DB191B78D81C754A0B00DB005B1ADB00DD
:10F3C000D3181B5C1B06E3183B6100237B61704B69
:10F3D00039697A6919605A6000E0C0466D4B1B7844
:10F3E000102B01D101F089FD6A4A0023137001F04E
:10F3F00084FD684A0023137021248026A319DB1999
:10F400001B785A1E3325AB19DB1918785F49130096
:10F41000DB009B1ADB00CB181B5C002B01D100F03A
:10F42000D7FCA319DB191B785A1EAB19DB19187806
:10F4300056491300DB009B1ADB00CB181B5C1E2B0C
:10F4400001D900F0C1FCA319DB191B785A1EAB19B6
:10F45000DB1918784D491300DB009B1ADB00CB1831
:10F460001B5C013B4C4A9B009B581B0C4B4A94462F
:10F470006344A822BA181360A319DB191B78591E1C
:10F48000AB19DB191B78581C404A0B00DB005B1AD8
:10F49000DB00D3181B5C082B01D900F010FC9A008C
:10F4A0003F4BD3181B689F46212480216318DB192A
:10F4B0001B785A1E33235B18DB1918783349130065
:10F4C000DB009B1ADB00CB181B5C013B324A9B0024
:10F4D0009A580F2313403DD1012017F02BFF030052
:10F4E000A8203D182B603B181B68002B2FD03B1821
:10F4F0001B68E0221206944663441D042600802205
:10F50000A318DB191B78591E33239B18DB191B78B2
:10F51000581C1E4A0B00DB005B1ADB00D3181B5C77
:10F520001C0080217318DB191B785A1E33235B18CB
:10F53000DB19187815491300DB009B1ADB00CB1888
:10F540001B5C013B2919144A9B00995002E0114AA7
:10F55000122313700F4B1B78122B00D1B1E3212320
:10F5600080229B18DB191B78591E33239B18DB194B
:10F570001B78981CA823FB181C68044A0B00DB00AE
:10F580005B1ADB00D3181B5C23709AE3F00A00209F
:10F59000680F00209D130020D40E002000000120E1
:10F5A00000030308212480216318DB191B785A1EED
:10F5B00033235B18DB191878E5491300DB009B1A2D
:10F5C000DB00CB181B5C013BE24A9B009A580F23DF
:10F5D00013403DD1012017F0ADFE0300A8203D18D7
:10F5E0002B603B181B68002B2FD03B181B68E022B8
:10F5F0001206944663441D0426008022A318DB19DA
:10F600001B78591E33239B18DB191B78581CD04AD2
:10F610000B00DB005B1ADB00D3181B5C1C00802195
:10F620007318DB191B785A1E33235B18DB19187803
:10F63000C7491300DB009B1ADB00CB181B5C013BA6
:10F640002919C44A9B00995002E0C34A122313703F
:10F65000C14B1B78122B00D135E3212380229B184C
:10F66000DB191B78591E33239B18DB191B78981C58
:10F67000B74A0B00DB005B1ADB00D3181B5CA82227
:10F68000BA1812685BB213701DE32124802163183D
:10F69000DB191B785A1E33235B18DB191878AC4929
:10F6A0001300DB009B1ADB00CB181B5C013BA94A53
:10F6B0009B009A580F2313403DD1022017F03AFEC9
:10F6C0000300A8203D182B603B181B68002B2FD08F
:10F6D0003B181B68E0221206944663441D04260072
:10F6E0008022A318DB191B78591E33239B18DB19C2
:10F6F0001B78581C964A0B00DB005B1ADB00D31802
:10F700001B5C1C0080217318DB191B785A1E3323E5
:10F710005B18DB1918788E491300DB009B1ADB009D
:10F72000CB181B5C013B29198A4A9B00995002E0C7
:10F73000894A12231370884B1B78122B00D1C4E224
:10F7400021258022AB18DB191B78591E3326B318EC
:10F75000DB191B78981C7E4A0B00DB005B1ADB0070
:10F76000D3181B5C1C008022AB18DB191B78591EB8
:10F77000B318DB191B78D81C754A0B00DB005B1A29
:10F78000DB00D3181B5C1B029BB2A822BA181268BC
:10F79000E3189BB2138098E2212480216318DB19BF
:10F7A0001B785A1E33235B18DB191878684913003D
:10F7B000DB009B1ADB00CB181B5C013B654A9B00FE
:10F7C0009A580F2313403DD1022017F0B3FD0300D8
:10F7D000A8203D182B603B181B68002B2FD03B182E
:10F7E0001B68E0221206944663441D042600802212
:10F7F000A318DB191B78591E33239B18DB191B78C0
:10F80000581C534A0B00DB005B1ADB00D3181B5C4F
:10F810001C0080217318DB191B785A1E33235B18D8
:10F82000DB1918784A491300DB009B1ADB00CB1860
:10F830001B5C013B2919474A9B00995002E0464A4C
:10F8400012231370444B1B78122B00D13FE2212569
:10F850008022AB18DB191B78591E3326B318DB192D
:10F860001B78981C3A4A0B00DB005B1ADB00D318AC
:10F870001B5C1C008022AB18DB191B78591EB318C7
:10F88000DB191B78D81C324A0B00DB005B1ADB004B
:10F89000D3181B5C1B029BB2E3189BB2A822BA18B8
:10F8A00012681BB2138012E2212480216318DB1935
:10F8B0001B785A1E33235B18DB1918782449130070
:10F8C000DB009B1ADB00CB181B5C013B214A9B0031
:10F8D0009A580F23134044D1042017F02BFD030046
:10F8E000A8203D182B603B181B68002B36D03B1816
:10F8F0001B68E0221206944663441D042600802201
:10F90000A318DB191B78591E33239B18DB191B78AE
:10F91000581C0F4A0B00DB005B1ADB00D3181B5C82
:10F920001C0080217318DB191B785A1E33235B18C7
:10F93000DB19187806491300DB009B1ADB00CB1893
:10F940001B5C013B2919034A9B00995009E0C04602
:10F95000F00A0020D40E00209D130020DF4A12235D
:10F960001370DE4B1B78122B00D1B2E121258022CF
:10F97000AB18DB191B78591E3326B318DB191B781B
:10F98000981CD74A0B00DB005B1ADB00D3181B5C0A
:10F990001C008022AB18DB191B78591EB318DB1929
:10F9A0001B78D81CCE4A0B00DB005B1ADB00D31897
:10F9B0001B5C1B02E4188022AB18DB191B78591E54
:10F9C000B318DB191B78181DC54A0B00DB005B1A46
:10F9D000DB00D3181B5C1B04E4188022AB18DB1976
:10F9E0001B78591EB318DB191B78581DBC4A0B0035
:10F9F000DB005B1ADB00D3181B5C1B06A822BA18BD
:10FA00001268E318136064E1212480216318DB1974
:10FA10001B785A1E33235B18DB191878B049130082
:10FA2000DB009B1ADB00CB181B5C013BAD4A9B0043
:10FA30009A580F2313403DD1042017F07BFC03009C
:10FA4000A8203D182B603B181B68002B2FD03B18BB
:10FA50001B68E0221206944663441D04260080229F
:10FA6000A318DB191B78591E33239B18DB191B784D
:10FA7000581C9B4A0B00DB005B1ADB00D3181B5C95
:10FA80001C0080217318DB191B785A1E33235B1866
:10FA9000DB19187892491300DB009B1ADB00CB18A6
:10FAA0001B5C013B29198F4A9B00995002E08B4A4D
:10FAB00012231370894B1B78122B00D10BE12125E7
:10FAC0008022AB18DB191B78591E3326B318DB19BB
:10FAD0001B78981C824A0B00DB005B1ADB00D318F2
:10FAE0001B5C1C008022AB18DB191B78591EB31855
:10FAF000DB191B78D81C7A4A0B00DB005B1ADB0091
:10FB0000D3181B5C1B02E4188022AB18DB191B788E
:10FB1000591EB318DB191B78181D714A0B00DB0046
:10FB20005B1ADB00D3181B5C1B04E4188022AB18A3
:10FB3000DB191B78591EB318DB191B78581D684A4E
:10FB40000B00DB005B1ADB00D3181B5C1B06A82232
:10FB5000BA181268E3181360BDE0212480216318ED
:10FB6000DB191B785A1E33235B18DB1918785C49A4
:10FB70001300DB009B1ADB00CB181B5C013B594ACE
:10FB80009B009A580F2313403DD1042017F0D2FB5D
:10FB90000300A8203D182B603B181B68002B2FD0BA
:10FBA0003B181B68E0221206944663441D0426009D
:10FBB0008022A318DB191B78591E33239B18DB19ED
:10FBC0001B78581C464A0B00DB005B1ADB00D3187D
:10FBD0001B5C1C0080217318DB191B785A1E332311
:10FBE0005B18DB1918783E491300DB009B1ADB0019
:10FBF000CB181B5C013B29193A4A9B00995002E043
:10FC0000364A12231370354B1B78122B6ED02125E8
:10FC10008022AB18DB191B78591E3326B318DB1969
:10FC20001B78981C2E4A0B00DB005B1ADB00D318F4
:10FC30001B5C1C008022AB18DB191B78591EB31803
:10FC4000DB191B78D81C264A0B00DB005B1ADB0093
:10FC5000D3181B5C1B02E4188022AB18DB191B783D
:10FC6000591EB318DB191B78181D1D4A0B00DB0049
:10FC70005B1ADB00D3181B5C1B04E4188022AB1852
:10FC8000DB191B78591EB318DB191B78581D144A51
:10FC90000B00DB005B1ADB00D3181B5C1B06E318B0
:10FCA000BB600023FB60104BB968FA6819605A60AA
:10FCB0000D4BA822BA1812681B68136016E0C046E4
:10FCC00015E0C04613E0C04611E0C0460FE0C04654
:10FCD0000DE0C0460BE0C04609E0C0469D13002081
:10FCE000F00A0020D40E0020680F0020C046212614
:10FCF00080217318DB191B785A1E33256B18DB190A
:10FD00001878D7491300DB009B1ADB00CB181B5C6B
:10FD1000013BD44A9B009A580F231A4014008022BA
:10FD2000B318DB191B78591EAB18DB191B78581C4C
:10FD3000CB4A0B00DB005B1ADB00D3181B5C9C4238
:10FD400000D148E280217318DB191B785A1E2C0061
:10FD50006B18DB191878C2491300DB009B1ADB0013
:10FD6000CB181B5C013BBF4A9B009D588022B318F7
:10FD7000DB191B78591EA318DB191B78581CB84ACD
:10FD80000B00DB005B1ADB00D3181B5CB64A944601
:10FD900063441C0080217318DB191B785A1E33231F
:10FDA0005B18DB191878AE491300DB009B1ADB00E7
:10FDB000CB181B5C013B21002940AA4A9B009950AB
:10FDC000AA4A1423137006E2A84A1323137002E20E
:10FDD00021258022AB18DB191B78591E3326B31856
:10FDE000DB191B78981C9E4A0B00DB005B1ADB00BA
:10FDF000D3181B5C1C068022AB18DB191B78591E1C
:10FE0000B318DB191B78D81C954A0B00DB005B1A72
:10FE1000DB00D3181B5C1B04E4188022AB18DB1931
:10FE20001B78591EB318DB191B78181D8C4A0B0060
:10FE3000DB005B1ADB00D3181B5C1B02E41880227A
:10FE4000AB18DB191B78591EB318DB191B78581D2A
:10FE5000834A0B00DB005B1ADB00D3181B5CE31842
:10FE6000A821781803607B181A6880239B059A42A2
:10FE700000D2ADE17B181A687D4B9A4200D9A7E108
:10FE80008022AB18DB191B78591EB318DB191B78BD
:10FE9000581C734A0B00DB005B1ADB00D3181B5C99
:10FEA000082B00D992E19A00724BD3181B689F4629
:10FEB000212380229B18DB191B78591E33239B18A2
:10FEC000DB191B78981DA823FB181C68644A0B00DB
:10FED000DB005B1ADB00D3181B5C237077E1212366
:10FEE00080229B18DB191B78591E33239B18DB19C2
:10FEF0001B78981D5A4A0B00DB005B1ADB00D318F5
:10FF00001B5CA822BA1812685BB213705FE121254E
:10FF10008022AB18DB191B78591E3326B318DB1966
:10FF20001B78981D4E4A0B00DB005B1ADB00D318D0
:10FF30001B5C1C008022AB18DB191B78591EB31800
:10FF4000DB191B78D81D464A0B00DB005B1ADB006F
:10FF5000D3181B5C1B029BB2A822BA181268E318C4
:10FF60009BB2138033E121258022AB18DB191B786B
:10FF7000591E3326B318DB191B78981D384A0B001D
:10FF8000DB005B1ADB00D3181B5C1C008022AB1863
:10FF9000DB191B78591EB318DB191B78D81D304AA2
:10FFA0000B00DB005B1ADB00D3181B5C1B029BB24F
:10FFB000E3189BB2A822BA1812681BB2138006E19C
:10FFC00021258022AB18DB191B78591E3326B31864
:10FFD000DB191B78981D224A0B00DB005B1ADB0043
:10FFE000D3181B5C1C008022AB18DB191B78591E30
:10FFF000B318DB191B78D81D194A0B00DB005B1AFC
:020000040801F1
:10000000DB00D3181B5C1B02E4188022AB18DB1941
:100010001B78591EB318DB191B7808331800104AD7
:100020000B00DB005B1ADB00D3181B5C1B04E4181D
:100030008022AB18DB191B78591EB318DB191B780B
:1000400009331800064A0B00DB005B1ADB00D318EB
:100050001B5C1B06A822BA181268E3181360B6E0EE
:10006000F00A0020D40E0020F0FF00009D130020B5
:10007000FFFF01202403030821258022AB18DB1990
:100080001B78591E3326B318DB191B78981DE64AD6
:100090000B00DB005B1ADB00D3181B5C1C0080220A
:1000A000AB18DB191B78591EB318DB191B78D81D48
:1000B000DD4A0B00DB005B1ADB00D3181B5C1B0264
:1000C000E4188022AB18DB191B78591EB318DB1912
:1000D0001B7808331800D44A0B00DB005B1ADB00E6
:1000E000D3181B5C1B04E4188022AB18DB191B78A7
:1000F000591EB318DB191B7809331800CA4A0B00C4
:10010000DB005B1ADB00D3181B5C1B06A822BA18A5
:100110001268E31813605AE021258022AB18DB191E
:100120001B78591E3326B318DB191B78981DBE4A5D
:100130000B00DB005B1ADB00D3181B5C1C00802269
:10014000AB18DB191B78591EB318DB191B78D81DA7
:10015000B54A0B00DB005B1ADB00D3181B5C1B02EB
:10016000E4188022AB18DB191B78591EB318DB1971
:100170001B7808331800AC4A0B00DB005B1ADB006D
:10018000D3181B5C1B04E4188022AB18DB191B7806
:10019000591EB318DB191B7809331800A24A0B004B
:1001A000DB005B1ADB00D3181B5C1B06E3183B600B
:1001B00000237B609D4B39687A6819605A609B4BBD
:1001C000A822BA1812681B68136000E0C04602E05B
:1001D000974A15231370974B1A7860231340DBB2AC
:1001E000602B08D0934B1A7860231340DBB2202B8E
:1001F00001D000F084FE8E4B1B788F4A137036239B
:1002000080229B18DB191B78012221211800FBF7A3
:1002100023F800F074FE212380215B18DB191B7882
:100220005A1E33235B18DB1918787F491300DB0053
:100230009B1ADB00CB181B5C7D4A137000F071FE2B
:1002400021248026A319DB191B785A1E3325AB19EC
:10025000DB19187874491300DB009B1ADB00CB18FC
:10026000185CA319DB191B785A1E3400AB19DB1973
:100270001B78591C1300DB009B1ADB005A186A4BD1
:10028000D1181F231B19DB191B789BB2013B9AB2B3
:100290000A2300930A2308F017FD00F042FE2124F0
:1002A0008026A319DB191B785A1E3325AB19DB19DD
:1002B00018785D491300DB009B1ADB00CB181B5C30
:1002C0005E4A1380A319DB191B78591EAB19DB1981
:1002D0001B78581C544A0B00DB005B1ADB00D31858
:1002E0001B5C574A1380564B1B88002B0ED1534B77
:1002F0001B88DBB2180006F0C3FD504B1B88D8B238
:10030000504A514B190006F007FE11E04C4B1B8878
:10031000012B0DD1494B1B88DBB2180006F0B0FD54
:10032000464B1B88D8B2474A484B190006F0F4FDEB
:10033000474A484B1100180006F098FE464A012330
:10034000137000F0EEFD454A0123137000F0E9FD43
:10035000434A0123137021258022AB18DB191B7837
:10036000591E3326B318DB191B78D81C2E4A0B00F4
:10037000DB005B1ADB00D3181B5C1CB28022AB18BD
:10038000DB191B78591EB318DB191B78181D264A78
:100390000B00DB005B1ADB00D3181B5C1B021BB2DB
:1003A00023431BB21C2280215218D21913806B18D0
:1003B000DB191B785A1E7318DB1918781A491300B9
:1003C000DB009B1ADB00CB181B5C082B01D900F06B
:1003D000F8FC9A00234BD3181B689F4621238024E6
:1003E0001B19DB191B78591E33231B19DB191B78CA
:1003F000581C0D4A0B00DB005B1ADB00D3181B5C9A
:10040000002B09D137231B19DA1900231370084A6E
:100410001023137000F0D6FC372380229B18DA19C2
:10042000FF23137000F0CEFCF00A0020680F0020BC
:100430009D1300209C130020400C00204424002029
:1004400046240020482400207C0103088001030882
:100450005424002050240020380A0020390A0020AB
:10046000C01C00204803030821248026A319DB199F
:100470001B78591E3325AB19DB191B78581CF14A20
:100480000B00DB005B1ADB00D3181B5C002B28D1B0
:1004900037239B19DA1900231370A319DB191B7872
:1004A000591EAB19DB191B78981CE64A0B00DB00C0
:1004B0005B1ADB00D3181B5CE34A1370A319DB192A
:1004C0001B78591EAB19DB191B78581DDD4A0B0030
:1004D000DB005B1ADB00D3181A5CDC4B1A6000F0FF
:1004E00071FC372380229B18DA19FF23137000F068
:1004F00069FC21248026A319DB191B78591E33259A
:10050000AB19DB191B78581CCE4A0B00DB005B1AB9
:10051000DB00D3181B5C002B4AD137239B19DA1957
:1005200000231370A319DB191B78591EAB19DB19B3
:100530001B78981CC34A0B00DB005B1ADB00D31846
:100540001B5CC14A1370A319DB191B78591EAB1928
:10055000DB191B78581DBB4A0B00DB005B1ADB0064
:10056000D3181A5CB94B1A60A319DB191B78591EF2
:10057000AB19DB191B78981DB24A0B00DB005B1A24
:10058000DB00D3181A5CB24B1A60A319DB191B7875
:10059000591EAB19DB191B78D81DAA4A0B00DB00CA
:1005A0005B1ADB00D3181A5CAA4B1A6000F00AFC35
:1005B000372380229B18DA19FF23137000F002FC06
:1005C00021248026A319DB191B78591E3325AB196A
:1005D000DB191B78581C9B4A0B00DB005B1ADB0005
:1005E000D3181B5C002B27D137239B19DA19002362
:1005F0001370A319DB191B78591EAB19DB191B7873
:10060000981C904A0B00DB005B1ADB00D3181B5CC4
:100610008D4A1370A319DB191B78591EAB19DB190E
:100620001B78581D874A0B00DB005B1ADB00D318D0
:100630001A5C864B1A60C5E3372380229B18DA19AF
:10064000FF231370BEE3212580242B19DB191B78AF
:10065000591E33263319DB191B78581C794A0B00B5
:10066000DB005B1ADB00D3181B5C002B00D087E09B
:1006700037231B19DA19002313702B19DB191B7888
:10068000591E3319DB191B78981C6E4A0B00DB00CE
:100690005B1ADB00D3181B5C6B4A13702B19DB1938
:1006A0001B78591E3319DB191B78581D654A0B003E
:1006B000DB005B1ADB00D3181B5C1C008022AB182C
:1006C000DB191B78591EB318DB191B78981D5D4A7E
:1006D0000B00DB005B1ADB00D3181B5C1B025B4AC0
:1006E000234313608022AB18DB191B78591EB31803
:1006F000DB191B78D81D534A0B00DB005B1ADB00AB
:10070000D3181B5C1C008022AB18DB191B78591E08
:10071000B318DB191B78083318004A4A0B00DB00BA
:100720005B1ADB00D3181B5C1B02494A234313608E
:100730008022AB18DB191B78591EB318DB191B7804
:10074000093318003F4A0B00DB005B1ADB00D318AB
:100750001B5C1C008022AB18DB191B78591EB318D8
:10076000DB191B780A331800364A0B00DB005B1AD2
:10077000DB00D3181B5C1B02364A2343136021E3C2
:10078000372380229B18DA19FF2313701AE32124E0
:100790008026A319DB191B78591E3325AB19DB19E9
:1007A0001B78581C274A0B00DB005B1ADB00D318B0
:1007B0001B5C002B3ED137239B19DA1900231370E1
:1007C0003200A319DB191B78591E2E00B318DB1950
:1007D0001B78981C1B4A0B00DB005B1ADB00D3184C
:1007E0001B5C194A137025008022A318DB191B78A3
:1007F000591EB318DB191B78581D124A0B00DB0079
:100800005B1ADB00D3181B5C1C008022AB18DB19C1
:100810001B78591EB318DB191B78981D094A0B0069
:10082000DB005B1ADB00D3181B5C1B02074A234367
:100830001360C7E2372380229B18DA19FF23137055
:10084000C0E2C046F00A0020C11C0020C41C0020E9
:10085000C81C0020CC1C0020212580242B19DB196A
:100860001B78591E33263319DB191B78581CC34AD1
:100870000B00DB005B1ADB00D3181B5C002B5FD185
:1008800037231B19DA19002313702B19DB191B7876
:10089000591E3319DB191B78981CB84A0B00DB0072
:1008A0005B1ADB00D3181B5CB54A13702B19DB19DC
:1008B0001B78591E3319DB191B78581DAF4A0B00E2
:1008C000DB005B1ADB00D3181B5C1C008022AB181A
:1008D000DB191B78591EB318DB191B78981DA74A22
:1008E0000B00DB005B1ADB00D3181B5C1B021C43F4
:1008F0008022AB18DB191B78591EB318DB191B7843
:10090000D81D9E4A0B00DB005B1ADB00D3181B5C72
:100910001B041C438022AB18DB191B78591EB3182B
:10092000DB191B7808331800944A0B00DB005B1AB4
:10093000DB00D3181B5C1B06924A2343136041E281
:10094000372380229B18DA19FF2313703AE22125FE
:1009500080242B19DB191B78591E33263319DB1918
:100960001B78581C854A0B00DB005B1ADB00D31890
:100970001B5C002B00D0F9E037231B19DA19002388
:1009800013702B19DB191B78591E3319DB191B78CF
:10099000981C7A4A0B00DB005B1ADB00D3181B5C47
:1009A000774A13702B19DB191B78591E3319DB1981
:1009B0001B78581D714A0B00DB005B1ADB00D31853
:1009C0001B5C1C008022AB18DB191B78591EB31866
:1009D000DB191B78981D694A0B00DB005B1ADB00F2
:1009E000D3181B5C1B021C438022AB18DB191B783D
:1009F000591EB318DB191B78D81D604A0B00DB00A9
:100A00005B1ADB00D3181B5C1B041C438022AB1851
:100A1000DB191B78591EB318DB191B780833180033
:100A2000564A0B00DB005B1ADB00D3181B5C1B066D
:100A3000544A234313608022AB18DB191B78591EDC
:100A4000B318DB191B78093318004C4A0B00DB0084
:100A50005B1ADB00D3181B5C1C008022AB18DB196F
:100A60001B78591EB318DB191B780A331800434A48
:100A70000B00DB005B1ADB00D3181B5C1B021C4362
:100A80008022AB18DB191B78591EB318DB191B78B1
:100A90000B331800394A0B00DB005B1ADB00D3185C
:100AA0001B5C1B041C438022AB18DB191B78591EEE
:100AB000B318DB191B780C331800304A0B00DB002D
:100AC0005B1ADB00D3181B5C1B062F4A2343136001
:100AD0008022AB18DB191B78591EB318DB191B7861
:100AE0000D331800254A0B00DB005B1ADB00D3181E
:100AF0001B5C1C008022AB18DB191B78591EB31835
:100B0000DB191B780E3318001C4A0B00DB005B1A44
:100B1000DB00D3181B5C1B021C438022AB18DB19C3
:100B20001B78591EB318DB191B780F331800134AB2
:100B30000B00DB005B1ADB00D3181B5C1B041C439F
:100B40008022AB18DB191B78591EB318DB191B78F0
:100B500010331800094A0B00DB005B1ADB00D318C6
:100B60001B5C1B06094A234313602BE137238022B9
:100B70009B18DA19FF23137024E1C046F00A002005
:100B8000C11C0020C41C0020C81C0020CC1C00205C
:100B9000212580242B19DB191B78591E3326331984
:100BA000DB191B78581CD94A0B00DB005B1ADB00F1
:100BB000D3181B5C002B00D0FCE037231B19DA197B
:100BC000002313702B19DB191B78591E3319DB19FD
:100BD0001B78981CCD4A0B00DB005B1ADB00D31896
:100BE0001B5CCB4A13702B19DB191B78591E331968
:100BF000DB191B78581DC54A0B00DB005B1ADB00B4
:100C0000D3181B5C1C008022AB18DB191B78591E03
:100C1000B318DB191B78981DBC4A0B00DB005B1A6C
:100C2000DB00D3181B5C1B021C438022AB18DB19B2
:100C30001B78591EB318DB191B78D81DB34A0B005B
:100C4000DB005B1ADB00D3181B5C1B041C438022F7
:100C5000AB18DB191B78591EB318DB191B78083346
:100C60001800AA4A0B00DB005B1ADB00D3181B5CE0
:100C70001B0622001A43A74B1A608022AB18DB190F
:100C80001B78591EB318DB191B78093318009F4ACB
:100C90000B00DB005B1ADB00D3181B5C1C008022FE
:100CA000AB18DB191B78591EB318DB191B780A33F4
:100CB0001800964A0B00DB005B1ADB00D3181B5CA4
:100CC0001B021C438022AB18DB191B78591EB3187A
:100CD000DB191B780B3318008C4A0B00DB005B1A06
:100CE000DB00D3181B5C1B041C438022AB18DB19F0
:100CF0001B78591EB318DB191B780C331800834A74
:100D00000B00DB005B1ADB00D3181B5C1B06220008
:100D10001A43804B5A608022AB18DB191B78591E8E
:100D2000B318DB191B780D331800784A0B00DB0071
:100D30005B1ADB00D3181B5C1C008022AB18DB198C
:100D40001B78591EB318DB191B780E3318006F4A35
:100D50000B00DB005B1ADB00D3181B5C1B021C437F
:100D60008022AB18DB191B78591EB318DB191B78CE
:100D70000F331800654A0B00DB005B1ADB00D31849
:100D80001B5C1B041C438022AB18DB191B78591E0B
:100D9000B318DB191B78103318005C4A0B00DB001A
:100DA0005B1ADB00D3181B5C1B0622001A43594B4D
:100DB0009A6007E0372380229B18DA19FF2313700B
:100DC00000E0C046ADE0212380241B19DB191B780D
:100DD0005A1E33231B19DB1918784C491300DB000A
:100DE0009B1ADB00CB181B5C4B4A13704A4B1B78D9
:100DF000180000F067F903001A0037210B19DB19FE
:100E00001B78934200D17CE00B19DA19FF23137091
:100E100077E0212380241B19DB191B785A1E33230A
:100E20001B19DB19187839491300DB009B1ADB000A
:100E3000CB181B5C394A1370384B1B78180000F034
:100E40009DF903001A0037210B19DB191B78934217
:100E500059D00B19DA19FF23137054E0372680207C
:100E60003318DD1920231B18DB191C7836221318C0
:100E7000DB191B789C46212102000B18DB1919781D
:100E80002E208318DB19188833239B18DB191B7855
:100E900000932300624600F09DF803002B7080222F
:100EA000B318DB191B78012B3AD1B318DD192023B5
:100EB00016009B19DB191C7836229319DB191A7856
:100EC00021218B19DB1919782E208319DB19188839
:100ED00033239B19DB191B780093230000F05AFD84
:100EE00003002B701CE0C0461BE0C04619E0C04662
:100EF00017E0C04615E0C04613E0C04611E0C0460A
:100F00000FE0C0460DE0C0460BE0C046F00A0020EE
:100F1000C11C0020C41C00204224002043240020C7
:100F2000C046372480256319DB191B78012B0CD1AF
:100F300036235B19DB191B78002200211800FAF711
:100F40008BF96319DA1900231370212180254B19BD
:100F5000DB191B78013B1A00D200D21AD3001A0009
:100F6000194BD0180C004B19DB191B785A1E174B64
:100F70009B5C1A00002117F0D0FD6319DB191B7868
:100F8000591E124A002353546319DB191A78104B67
:100F90009B5C022B13D06319DB191A780C4B9B5CFA
:100FA000032B0CD06319DB191A78094B9B5C042BBB
:100FB00005D06319DB191978054A002353540CF046
:100FC0001FFDFBF731FCC046F00A0020E00A0020BC
:100FD000E80A0020B0B584B000AF05000C00100096
:100FE0001900BB1D2A1C1A807B1D221C1A703B1D78
:100FF000021C1A70FB1C0A1C1A700F217B1801229C
:101000001A707B181B781800BD4604B0B0BD90B5AF
:1010100095B000AF14243B1918003C231A0000219E
:1010200017F07BFD3B1D180010231A00002117F05C
:1010300074FD80239B00180011F040FE3B19032231
:101040001A603B19802252025A603B1980225200DA
:10105000DA6021007B1800221A617B1840225A6155
:101060007B1802221A627B1803225A627B18002224
:101070009A627B181022DA627B18802292021A632D
:101080007B18802292045A637B18802292059A630F
:101090007B18180011F05EFE3B1D07221A603B1DF5
:1010A00002225A603B1D00229A603B1D0022DA603A
:1010B0003B1D0221180012F0ADF9C046BD4615B027
:1010C00090BD000080B586B000AF0200FB1D1A7015
:1010D000FB1D1B78180007F0ADFE03007B617B69E8
:1010E0001B68234A934209D07B691B68214A9342BB
:1010F00004D07B691B68204A934234D1C0467B6987
:101100001B68DA6980235B021A4080235B029A42E3
:10111000F5D0C0467B691B68DA698023DB031A407F
:101120008023DB039A42F5D10C217B1880229203A5
:101130001A607B18786919685A6815F019FE7B697E
:101140001B689A687B691B688021C9030A439A60FF
:101150007B69180015F074FE8023DB010121180063
:1011600011F04CFD00E0FF231800BD4606B080BD25
:1011700000380140004400400048004080B582B083
:1011800000AF0200FB1D1A70124B134A9A61FB1D3F
:101190001B78042B15D89A00104BD3181B689F4658
:1011A000012011F0F7FC0CE0082011F0F3FC08E03E
:1011B000202011F0EFFC04E0022011F0EBFC00E035
:1011C000C04611F06DFD11F051FD00231800BD4621
:1011D00002B080BD007000403F0001008C11030888
:1011E00080B582B000AF0200FB1D1A701F4B1A6958
:1011F00080235B001A4080235B009A4230D11B4B56
:101200001B4A9A61FB1D1B78042B15D89A00194BB9
:10121000D3181B689F46012011F0DCFC0CE008206D
:1012200011F0D8FC08E0202011F0D4FC04E00220EA
:1012300011F0D0FC00E0C04680239B010E48012243
:10124000190011F06AFCFA239B0018000FF02AFB2A
:1012500080239B0108480022190011F05EFC00E089
:1012600000231800BD4602B080BDC046007000409B
:1012700000010100A011030800080050F0B585B07E
:1012800000AF0B26BB1900221A700E23FB18082290
:101290001A800823FB1800221A8011F051F97623D6
:1012A000FF331A0080231B021100180011F080FA8E
:1012B000BE19FA239B00180011F088F9030033705F
:1012C0000B26BB191B78002B03D0554B5B68DBB298
:1012D000A2E0544B5A69534B02218A435A61524B44
:1012E0001B78002B00D195E0504B1B781B029AB263
:1012F0004D4B1B78190008203B1852181A803B18D8
:101300001B889BB23B6000237B6049493A687B683D
:10131000012011F0C7F80B23FE18FA239B001800D8
:1013200011F054F9030033700B23FB181B78002BCA
:1013300003D03B4B5B68DBB26EE03A4B5A69394BEA
:1013400001218A435A610D23FB1801221A705AE0C9
:101350000C23FB1800221A704AE00D203B181B7862
:101360005A1E344B16214A43D35A002B3AD00E232F
:10137000FB181B882E4A9E183B181B785A1E0C23FC
:10138000FB1818782B4913009B009B185B009B18D7
:101390001B185B005B5A1C0000231D0022002B0061
:1013A0003100012011F07EF80B23FE18FA239B0078
:1013B000180011F00BF9030033700B23FB181B7896
:1013C000002B03D0164B5B68DBB225E0154B5A6946
:1013D000144B01218A435A610E22BB18BA18128895
:1013E00008321A800C217B181A787B1801321A7087
:1013F0000C23FB181B780A2BAFD90D217B181A7808
:101400007B1801321A70094B1B780D22BA1812781A
:101410009A429DD911F0B8F81800BD4605B0F0BD4C
:10142000489A0120002002407C1300207C0000200C
:1014300000A80708740F0020B0B588B000AF1824CA
:101440003B1900221A703B0000221A60043311225B
:101450000021180017F061FB11F072F8BB235A004D
:1014600080231B021100180011F0A2F925003C197D
:10147000FA239B00180011F0A9F8030023707B19D0
:101480001B78002B03D0654B5B68DBB2C1E0644B7B
:101490005A69634B02218A435A61624BFB611B23E9
:1014A000FB1800221A70AAE01B203B181A785E492C
:1014B00013009B009B189B005B5C002B00D198E005
:1014C0003B00FE221A703B181A7813009B009B18F1
:1014D0009B00554A99183B0001331422180017F05D
:1014E00044FC1A23FB1800221A702BE0F9691A2316
:1014F000FB181B78DB003A00D3181A685B680120E0
:1015000010F0D0FF18257C19FA239B00180011F069
:101510005DF8030023707B191B78002B03D03F4B31
:101520005B68DBB275E03E4B5A693D4B01218A4353
:101530005A61FB690833FB611A217B181A787B1802
:1015400001321A701A23FB181B78042BCED91923E9
:10155000FB1800221A7036E0F8691B23FB181A7872
:10156000314913009B009B189B00CB180C331B6860
:101570001922BA18127892009B181A685B68010049
:10158000012010F08FFF18257C19FA239B0018000A
:1015900011F01CF8030023707B191B78002B03D07B
:1015A0001E4B5B68DBB234E01D4B5A691C4B0121BA
:1015B0008A435A61FB690833FB6119217B181A7849
:1015C0007B1801321A701923FB181C781B23FB1897
:1015D0001A78154913009B009B189B00CB180C33FD
:1015E0001B681800EEF79AFD030001339B089C422C
:1015F000B2D31B217B181A787B1801321A700B4B5F
:101600001B781B22BA1812789A4200D24CE710F0CD
:10161000BBFF1800BD4608B0B0BDC046489A0120C7
:101620000020024000B0070830140020DD0A00202E
:1016300080B500AF8F239A00084B0021180017F0E7
:101640006CFA074B01221A70064B00221A70FFF742
:1016500015FE03001800BD4680BDC046740F002073
:101660007C0000207C130020F0B589B004AF050099
:101670000C0010001900FB1D2A1C1A70BB1D221C37
:101680001A707B1D021C1A703B1D0A1C1A700F2554
:101690007B1900221A700E26BB1900221A704A4BC1
:1016A0001A787C19BB1D1B7819001000F3F73EFE59
:1016B000030023703B1D1B78002B0ED0424B1B7880
:1016C000BA1D12789A4208D17B193A1D12781A7005
:1016D000BB193D4A12781A701BE03B1D1B78002B8A
:1016E00017D1BB1D1B78013B384AD35C012B05D1B8
:1016F0000E23FB18344A12781A700AE0BB1D1B78BF
:10170000013B324AD35C5A1E0E23FB1830498A5CD7
:101710001A702D4B1B78FA1D12789A422FD10BF0BC
:10172000FBFE0300BB603B1D1B78002B08D1294B3F
:101730001968BB1D1A78BB68180017F06FF908E02C
:10174000254B1968BB1D1A783B1D1B78B86817F02C
:1017500065F9224B1A68BB681100180017F0E5F90B
:10176000BB681800EEF7DAFC03009AB2B9687B1D7B
:101770001878322307F0FEFA64200FF093F87B1DEF
:101780001B78180000F02CF80F257B191B78180027
:1017900000F026F80C4B19780B4B1C787B191A7843
:1017A0007B1D18780023039301235B4202930123DE
:1017B0005B420193022300932300FAF795F8C04699
:1017C000BD4605B0F0BDC0467C130020B01100201E
:1017D000D41C00206C000020740000207000002049
:1017E00080B584B000AF0200FB1D1A70FB1D1B7892
:1017F000180007F01FFB0300FB60FB68180013F0E4
:10180000F9FBFB688022D2001A61FB68802252013A
:101810009A60FB68180013F097FBFB681B681A6856
:10182000FB681B6820210A431A60C046BD4604B00D
:1018300080BD000080B584B002AF06F06BFD06F0FD
:10184000A7FD06F0E3FD06F01FFE06F04DFE06F0D4
:101850007BFE06F0C7FB07F0C7FC01237B6061E05D
:101860007B68DBB2180007F0E5FA0200384B9A42B9
:1018700006D17B685A1E374B92003749D1504EE053
:101880007B68DBB2180007F0D5FA0200334B9A42AE
:1018900006D17B685A1E2F4B92003149D1503EE051
:1018A0007B68DBB2180007F0C5FA02002D4B9A42A4
:1018B00006D17B685A1E274B92002B49D1502EE04F
:1018C0007B68DBB2180007F0B5FA0200274B9A429A
:1018D00006D17B685A1E1F4B92002549D1501EE04D
:1018E0007B68DBB2180007F0A5FA0200214B9A4290
:1018F00006D17B685A1E174B92001F49D1500EE04B
:101900007B68DBB2180007F095FA02001B4B9A4285
:1019100005D17B685A1E0F4B92001949D1507B6844
:1019200001337B607B68062B9ADD164B1B68002B0E
:1019300009D1154A15491648124B01930323009308
:1019400000230CF0AEFFC046BD4602B080BDC046CD
:10195000442600204C0F00200C000240D826002016
:10196000200002406C2700203400024000280020A4
:1019700048000240942800205C00024028290020F2
:1019800070000240BC290020C4090000B411030803
:1019900091230108F0B58BB002AF05000C001000D8
:1019A0001900BB1D2A1C1A807B1D221C1A703B1DAE
:1019B000021C1A70FB1C0A1C1A701F23FB18002241
:1019C0001A701C23FB1800221A801A23FB1800220D
:1019D0001A801823FB1800221A801623FB180022F5
:1019E0001A801423FB1800221A801223FB180022ED
:1019F0001A80BB1D1B88F54A944663440F2B01D9FE
:101A000000F0FCFB9A00F24BD3181B689F467B1D2D
:101A10001B785A1E3826BB191978EE481300DB00D4
:101A20009B1ADB00C3185C5C7B1D1B785A1EBB191C
:101A30001B78591CE7481300DB009B1ADB00C31816
:101A40005D5C7B1D1B785A1EBB191B78991CE148F5
:101A50001300DB009B1ADB00C3185E5C7B1D1B7848
:101A60005A1E3823FB181B78D91CDA481300DB00F8
:101A70009B1ADB00C3185A5C94467B1D1B785A1EC8
:101A80003823FB181B78191DD2481300DB009B1A62
:101A9000DB00C3185B5C0093634632002900200022
:101AA00000F0AEFCAFE37B1D1B785A1E3826BB1935
:101AB0001978C8481300DB009B1ADB00C3185C5C74
:101AC0007B1D1B785A1EBB191B78591CC14813007B
:101AD000DB009B1ADB00C3185D5C7B1D1B785A1E64
:101AE000BB191B78991CBB481300DB009B1ADB0059
:101AF000C3185E5C7B1D1B785A1E3823FB181B78AD
:101B0000D91CB4481300DB009B1ADB00C3185B5CD4
:101B100032002900200000F0EDFC74E37B1D1B78EF
:101B20005A1E3826BB191978AA481300DB009B1AE5
:101B3000DB00C3185C5C7B1D1B785A1EBB191B782D
:101B4000591CA4481300DB009B1ADB00C3185D5C22
:101B50007B1D1B785A1EBB191B78991C9D481300CE
:101B6000DB009B1ADB00C3185B5C1A002900200015
:101B700000F01AFD47E37B1D1B785A1E38257B19A0
:101B8000197894481300DB009B1ADB00C3185C5CD7
:101B90007B1D1B785A1E7B191B78591C8D4813001E
:101BA000DB009B1ADB00C3185B5C1900200000F00F
:101BB00044FD28E37B1D1B785A1E38257B191978B4
:101BC00084481300DB009B1ADB00C3185C5C7B1DA0
:101BD0001B785A1E7B191B78591C7E481300DB00AA
:101BE0009B1ADB00C3185B5C1900200000F0CCFDE1
:101BF00009E37B1D1B785A1E3823FB18197875489A
:101C00001300DB009B1ADB00C3185B5C180000F0BC
:101C1000FDFDF8E27B1D1B785A1E3823FB1819784E
:101C20006C481300DB009B1ADB00C3185B5C1800D8
:101C300000F036FDE7E200F07DFDE4E27B1D1B785D
:101C40005A1E38257B191B78D91C62481300DB000B
:101C50009B1ADB00C3185B5C1C007B1D1B785A1EA3
:101C60007B191B78191D5B481300DB009B1ADB00F6
:101C7000C3185B5C1B029AB21A23FB18A2181A80C5
:101C80007B1D1B785A1E7B19197852481300DB0004
:101C90009B1ADB00C3185C5C7B1D1B785A1E2E0050
:101CA0007B191B78591C4B481300DB009B1ADB0087
:101CB000C3185D5C7B1D1B785A1EBB191B78991CD1
:101CC00044481300DB009B1ADB00C3185A5C1A233C
:101CD000FB181B882900200000F0C4FD93E27B1D47
:101CE0001B785A1E38257B191B78D91C39481300DC
:101CF000DB009B1ADB00C3185B5C1C007B1D1B78A0
:101D00005A1E7B191B78191D32481300DB009B1AE1
:101D1000DB00C3185B5C1B029AB21823FB18A218E5
:101D20001A807B1D1B785A1E7B191B78591D294868
:101D30001300DB009B1ADB00C3185B5C1C007B1DDF
:101D40001B785A1E7B191B78991D22481300DB0053
:101D50009B1ADB00C3185B5C1B029AB214217B1830
:101D6000A2181A807B1D1B785A1E7B1919781948F6
:101D70001300DB009B1ADB00C3185C5C7B1D1B7827
:101D80005A1E2E007B191B78591C12481300DB00C9
:101D90009B1ADB00C3185D5C7B1D1B785A1EBB19A8
:101DA0001B78991C0B481300DB009B1ADB00C3183F
:101DB0005A5C1823FB1819881423FB181B880093FE
:101DC0000B002900200000F0AFFD1CE2B4FBFFFF78
:101DD000C4110308F00A00207B1D1B785A1E382509
:101DE0007B191B78591CD3481300DB009B1ADB00BE
:101DF000C3185B5C1C007B1D1B785A1E7B191B786B
:101E0000991CCC481300DB009B1ADB00C3185B5CF9
:101E10001B029AB21C26BB19A2181A807B1D1B78C4
:101E20005A1E7B191978C3481300DB009B1ADB008C
:101E3000C3185C5C7B1D1B785A1E7B191B78D91C50
:101E4000BC481300DB009B1ADB00C3185A5CBB19AB
:101E50001B881900200000F0D5FDD4E17B1D1B7804
:101E60005A1E3826BB191978B2481300DB009B1A9A
:101E7000DB00C3185C5C7B1D1B785A1EBB191B78EA
:101E8000591CAC481300DB009B1ADB00C3185D5CD7
:101E90007B1D1B785A1EBB191B78991CA548130083
:101EA000DB009B1ADB00C3185E5C7B1D1B785A1E8F
:101EB0003823FB181B78D91C9E481300DB009B1AA3
:101EC000DB00C3185B5C32002900200000F0F0FD4D
:101ED00099E17B1D1B785A1E38257B191B78D91C6C
:101EE00094481300DB009B1ADB00C3185B5C1C00EA
:101EF0007B1D1B785A1E7B191B78191D8D481300FA
:101F0000DB009B1ADB00C3185B5C1B02E1187B1D26
:101F10001B785A1E7B191B78581D864C1300DB005A
:101F20009B1ADB00E3181B5C1B04C9187B1D1B7884
:101F30005A1E7B191B78981D7E4C1300DB009B1AE0
:101F4000DB00E3181B5C1B06CB18BB600823FB18E7
:101F50001B68FB607B1D1B785A1E7B19197875481E
:101F60001300DB009B1ADB00C3185C5C7B1D1B7835
:101F70005A1E2E007B191B78591C6E481300DB007B
:101F80009B1ADB00C3185D5C7B1D1B785A1EBB19B6
:101F90001B78991C67481300DB009B1ADB00C318F1
:101FA0005A5CFB682900200000F0E2FD2BE17B1D5C
:101FB0001B785A1E38257B191B78D91C5D481300E5
:101FC000DB009B1ADB00C3185B5C1C007B1D1B78CD
:101FD0005A1E7B191B78191D56481300DB009B1AEB
:101FE000DB00C3185B5C1B029AB21C23FB18A2180F
:101FF0001A807B1D1B785A1E7B1919784D481300D7
:10200000DB009B1ADB00C3185C5C7B1D1B785A1E2F
:102010002E007B191B78591C46481300DB009B1AC5
:10202000DB00C3185D5C7B1D1B785A1EBB191B7837
:10203000991C40481300DB009B1ADB00C3185A5C54
:102040001C23FB181B882900200000F0F9FDDAE0B2
:102050007B1D1B785A1E38257B191B78191D3548A6
:102060001300DB009B1ADB00C3185B5C1C007B1DAC
:102070001B785A1E7B191B78591D2E481300DB0054
:102080009B1ADB00C3185B5C1B029AB21223FB187D
:10209000A2181A807B1D1B785A1E7B1919782548B7
:1020A0001300DB009B1ADB00C3185C5C7B1D1B78F4
:1020B0005A1E2E007B191B78591C1E481300DB008A
:1020C0009B1ADB00C3185D5C7B1D1B785A1EBB1975
:1020D0001B78991C17481300DB009B1ADB00C31800
:1020E0005E5C7B1D1B785A1E3823FB181B78D91C9D
:1020F00010481300DB009B1ADB00C3185A5C94469F
:102100007B1D1B785A1E3823FB181B78991D094824
:102110001300DB009B1ADB00C3185B5C01931223E6
:10212000FB181B880093634632002900200000F052
:1021300055FE68E0F00A00207B1D1B785A1E3825EA
:102140007B191B78D91C33481300DB009B1ADB007A
:10215000C3185B5C1C007B1D1B785A1E7B191B7807
:10216000191D2C481300DB009B1ADB00C3185B5CB5
:102170001B029AB21223FB18A2181A807B1D1B782F
:102180005A1E7B19197823481300DB009B1ADB00C9
:10219000C3185C5C7B1D1B785A1E2E007B191B78B4
:1021A000591C1C481300DB009B1ADB00C3185D5C44
:1021B0007B1D1B785A1EBB191B78991C15481300F0
:1021C000DB009B1ADB00C3185E5C7B1D1B785A1E6C
:1021D0003823FB181B78591D0E481300DB009B1A8F
:1021E000DB00C3185B5C1222BA181288009313003C
:1021F00032002900200000F069FF04E01F23FB18D3
:1022000001221A70C0461F23FB181B781800BD4618
:1022100009B0F0BDF00A002080B582B000AF786050
:102220007B681B68164A934201D1012323E07B6837
:102230001B68144A934201D102231CE07B681B688F
:10224000114A934201D1032315E07B681B680F4AB2
:10225000934201D104230EE07B681B680C4A934231
:1022600001D1052307E07B681B680A4A934201D12C
:10227000062300E000231800BD4602B080BDC04622
:10228000004C004000440040004800400050004026
:1022900000380140003C014080B500AF214B1800E0
:1022A0000BF084F8204B18000BF080F81F4B18003F
:1022B0000BF07CF81E4B18000BF078F81D4B180043
:1022C0000BF074F81C4B18000BF070F81B4B180047
:1022D0000BF06CF81A4B18000BF068F8194B18004B
:1022E0000BF064F8184B18000BF060F8174B18004F
:1022F0000BF05CF8164B18000BF058F8154B180053
:102300000BF054F8144B18000BF050F8134B180056
:102310000BF04CF8124B18000BF048F8C046BD46C5
:1023200080BDC04614040308BC040308C0050308AC
:10233000B4060308FC06030840070308B0070308B7
:102340002008030850090308980A0308B00B030883
:10235000E00C0308000E0308100F030848100308E0
:102360007C11030880B584B000AF02003960FB1D0A
:102370001A700F217B1800221A707B1867221A70BE
:10238000C0467B181B781800BD4604B080BD000015
:1023900080B582B000AF7860174B1B78062B28D829
:1023A0009A00164BD3181B689F4600F09FFA124BF9
:1023B00000221A701DE000F001FB0F4B00221A7082
:1023C00017E000F059FB0C4B00221A7011E000F0EE
:1023D00071FC094B00221A700BE000F057FD064B10
:1023E00000221A7005E000F0C1FE034B00221A70B3
:1023F000C0460BF005FBCFE7802A0020041203083B
:10240000B0B586B002AF05000C0010001900FB1D2E
:102410002A1C1A70BB1D221C1A707B1D021C1A700C
:102420003B1D0A1C1A700F23FB1800221A70202370
:10243000FC18FB181B780A211800EDF78BFE03002F
:102440002370FB1D1B78402B03D8FB1D1B78002B32
:1024500006D10F217B1804221A707B181B783EE0EE
:102460002023FB181B78632B06D90F217B1805222C
:102470001A707B181B7832E0FB1D1A781A4BD018A3
:10248000BB1D1B780122190016F047FBFB1D1A78B3
:10249000164BD0187B1D1B780122190016F03DFB4E
:1024A000FB1D1A78124BD0183B1D1B780122190016
:1024B00016F033FB3B1D1C787B1D1A78BB1D197869
:1024C000FB1D18782023FB181B780093230006F0CF
:1024D0001FFF012007F0F0F80F23FB181B781800EE
:1024E000BD4604B0B0BDC046C0290020002A00206F
:1024F000402A0020B0B584B000AF05000C001000E9
:102500001900FB1D2A1C1A70BB1D221C1A707B1D92
:10251000021C1A703B1D0A1C1A700F257B19002221
:102520001A703C1D3B1D1B780A211800EDF712FEA6
:10253000030023703B1D1B78632B05D97B190522F3
:102540001A707B191B7825E0FB1D1978134B40226C
:10255000180016F0E2FABB1D1978114B4022180042
:1025600016F0DBFA7B1D19780E4B4022180016F08E
:10257000D4FA3B1D1C787B1D1A78BB1D1978FB1DF6
:102580001878230006F036FF012007F095F80F2396
:10259000FB181B781800BD4604B0B0BDC029002050
:1025A000002A0020402A002090B585B000AF04002A
:1025B00008001100FB1D221C1A70BB1D021C1A70A2
:1025C0007B1D0A1C1A700F23FB1800221A707C1D39
:1025D0007B1D1B780A211800EDF7BCFD030023705A
:1025E000FB1D1B78402B03D8FB1D1B78002B06D14D
:1025F0000F217B1804221A707B181B7819E07B1DB1
:102600001B78632B06D90F217B1805221A707B18C3
:102610001B780EE07B1D1A78BB1D1978FB1D1B78FB
:10262000180006F017FF012007F046F80F23FB18EB
:102630001B781800BD4605B090BDB0B584B000AFA2
:102640000200FB1D1A70BB1D0A1C1A700F257B1996
:1026500000221A70BC1DBB1D1B780A211800EDF763
:1026600079FD03002370BB1D1B78632B05D97B19F3
:1026700005221A707B191B780DE0BB1D1A78FB1D13
:102680001B781100180006F05DFF012007F014F818
:102690000F23FB181B781800BD4604B0B0BD000026
:1026A00080B584B000AF0200FB1D1A700F23FB1829
:1026B00000221A70FB1D1B783F2B03D8FB1D1B78D3
:1026C000002B06D10F217B1804221A707B181B786F
:1026D00025E0FB1D1A78144BD318012200211800A5
:1026E00016F01BFAFB1D1A78104BD318012200219B
:1026F000180016F012FAFB1D1A780D4BD3180122A0
:102700000021180016F009FAFB1D1B78180006F0CE
:1027100039FF012006F0D0FF0F23FB181B781800AB
:10272000BD4604B080BDC046C0290020002A00205C
:10273000402A002080B582B000AFFB1D00221A7035
:102740000E4B40220021180016F0E7F90C4B4022F6
:102750000021180016F0E1F90A4B40220021180070
:1027600016F0DBF906F038FF012006F0A5FFFB1D8F
:102770001B781800BD4602B080BDC046C0290020AD
:10278000002A0020402A002090B585B000AF02004A
:10279000FB1D1A70BB1D0A1C1A700F23FB180022A8
:1027A0001A70BC1DBB1D1B780A211800EDF7D2FC66
:1027B00003002370FB1D1B783F2B03D8FB1D1B78E8
:1027C000002B06D10F217B1804221A707B181B786E
:1027D00018E0BB1D1B78632B06D90F217B1805223F
:1027E0001A707B181B780DE0BB1D1A78FB1D1B7837
:1027F0001100180006F006FF012006F05DFF0F2310
:10280000FB181B781800BD4605B090BDB0B584B06C
:1028100000AF0200FB1D1A700F257B1900221A70F1
:10282000FC1DFB1D1B780A211800EDF793FC03002B
:102830002370FB1D1B78632B05D97B1905221A70A9
:102840007B191B780AE0FB1D1B78180006F018FFA7
:10285000012006F031FF0F23FB181B781800BD463E
:1028600004B0B0BDB0B584B000AF05000C001000DE
:102870001900FB1D2A1C1A70BB1D221C1A707B1D1F
:10288000021C1A70BB1C0A1C1A800F257B1900221F
:102890001A707C1D7B1D1B780A211800EDF75AFC6D
:1028A000030023700C4BFA1D12781A700B4BBA1DE3
:1028B00012781A700A4B7A1D12781A70094BBA1CDA
:1028C00012881A80084B01221A707B191B78180095
:1028D000BD4604B0B0BDC046812A0020822A002037
:1028E000842A0020942A0020802A002080B582B00B
:1028F00000AFFB1D00221A70074B1878074B1978A0
:10290000074B1A78074B1B8806F064FFFB1D1B78EA
:102910001800BD4602B080BD812A0020822A002016
:10292000842A0020942A0020B0B584B000AF0500AE
:102930000C0010001900FB1D2A1C1A70BB1D221C64
:102940001A707B1D021C1A70BB1C0A1C1A800F25F2
:102950007B1900221A707C1D7B1D1B780A21180030
:10296000EDF7F8FB030023700E4BFA1D12781A7076
:102970000D4BBA1D12781A700C4B7A1D12781A7012
:102980000B4BBA1C12881A800A4A2023FB181B889A
:102990001380094B02221A707B191B781800BD4660
:1029A00004B0B0BD812A0020822A0020842A0020A1
:1029B0008A2A00208C2A0020802A002090B585B029
:1029C00002AFFB1D00221A70094B1878094B1978C9
:1029D000094B1A78094B1C88094B1B88009323006C
:1029E00006F054FFFB1D1B781800BD4603B090BDD8
:1029F000812A0020822A0020842A00208A2A00209E
:102A00008C2A0020B0B584B000AF0400080011008B
:102A1000FB1D221C1A703B1D021C1A80BB1D0A1CC8
:102A20001A700F257B1900221A70BC1DBB1D1B7864
:102A30000A211800EDF78EFB030023700A4BFA1DE4
:102A400012781A70094B3A1D12881A80084BBA1D69
:102A500012781A70074B03221A707B191B78180022
:102A6000BD4604B0B0BDC046882A00208E2A002092
:102A7000842A0020802A002080B582B000AFFB1D90
:102A800000221A70074B1878074B1988074B1B78E0
:102A90001A0006F047FFFB1D1B781800BD4602B068
:102AA00080BDC046882A00208E2A0020842A00206B
:102AB000B0B584B000AF05000C0010001900FB1D7C
:102AC0002A1C1A70BB1D221C1A707B1D021C1A7056
:102AD0003B1D0A1C1A700B23FB1800221A703C1DA8
:102AE0003B1D1B780A211800EDF734FB030023700F
:102AF000FB1D1B78002B03D0BB1D1B78002B0CD1BA
:102B0000FB1D01221A70BB1D01221A700B217B18BC
:102B100004221A707B181B7825E0BB1D1B78402B04
:102B200009D9BB1D40221A700B217B1804221A7090
:102B30007B181B7817E0FB1D1B78FB600BE0FB6824
:102B4000D8B23B1D1A787B1D1B781900FFF72CFDAE
:102B5000FB680133FB60BB1D1B78FA689A42EEDD0F
:102B60000B23FB181B781800BD4604B0B0BD000055
:102B700090B583B000AF0400080011003B60FB1D5E
:102B8000221C1A70BB1D021C1A707B1D0A1C1A70B5
:102B90007C1D7B1D1B780A211800EDF7DBFA030072
:102BA000237026493868EEF749F8031C181CEDF726
:102BB0000DFD030099B27B1D1A78FB1D1B781800D0
:102BC000FFF720FFFA23DB0018000DF06BFEFC215D
:102BD00089053868EDF784FC031E11D01749386861
:102BE000EEF72CF8031C181CEDF7F0FC030099B26B
:102BF0007B1D1A78FB1D1B781800FFF703FF17E0F9
:102C0000FC2189053868EDF77FFC031E10D00B49C5
:102C10003868EEF713F8031C181CEDF7D7FC030017
:102C200099B27B1D1A78BB1D1B781800FFF7EAFECE
:102C3000C0461800BD4603B090BDC046000020410C
:102C4000B0B584B000AF05000C0010001900FB1DEA
:102C50002A1C1A70BB1D221C1A707B1D021C1A70C4
:102C6000BB1C0A1C1A800F217B1800221A700C4B07
:102C7000FA1D12781A700B4BBA1D12781A700A4B93
:102C80007A1D12781A70094BBA1C12881A80084BE8
:102C900004221A707B181B781800BD4604B0B0BD22
:102CA000812A0020822A0020832A00208E2A0020E8
:102CB000802A002080B586B000AF01237B610FE041
:102CC000424B1B787A69D2B211001800FFF7B5FCAD
:102CD0003F4B1B8818000AF0A7FA7B6901337B6120
:102CE0007B690A2BECDD0A233B610FE0374B1B7835
:102CF0003A69D2B211001800FFF79FFC344B1B88D1
:102D000018000AF091FA3B69013B3B613B69002BDB
:102D1000ECDA0123FB600FE02E4B1B78FA68D2B28D
:102D200011001800FFF789FC294B1B8818000AF0D6
:102D30007BFAFB680133FB60FB680A2BECDD0A239E
:102D4000BB600FE0234B1B78BA68D2B211001800A9
:102D5000FFF773FC1E4B1B8818000AF065FABB686E
:102D6000013BBB60BB68002BECDA01237B600FE00A
:102D7000194B1B787A68D2B211001800FFF75DFC7E
:102D8000134B1B8818000AF04FFA7B6801337B60F5
:102D90007B680A2BECDD0A233B600FE00E4B1B78AF
:102DA0003A68D2B211001800FFF747FC084B1B88A5
:102DB00018000AF039FA3B68013B3B603B68002B86
:102DC000ECDAC0461800BD4606B080BD812A00205E
:102DD0008E2A0020822A0020832A0020F0B585B0A8
:102DE00000AF05000C0010001900FB1D2A1C1A7012
:102DF000BB1D221C1A707B1D021C1A703B1D0A1C75
:102E00001A700F26BB1900221A70242508216B188E
:102E1000DC196B18DB191B780A211800EDF79AF9F9
:102E200003002370124BFA1D12781A70114BBA1D51
:102E300012781A70104B7A1D12781A700F4B3A1DC7
:102E400012781A700E4A202308215B18DB191B88A0
:102E500013800C4B6A18D21912781A700A4B05228B
:102E60001A70BB191B781800BD4605B0F0BDC046EE
:102E7000852A0020812A0020822A0020832A00201F
:102E8000902A0020842A0020802A0020B0B588B033
:102E900002AF844B1B783F2B02D9824B40221A7021
:102EA000804B1B78002B02D17E4B01221A70172316
:102EB000FB1800221A701623FB1800221A70152323
:102EC000FB1800221A70784B1B781A00754B1B7880
:102ED0001900764B5B5CD31A9AB21023FB181A8048
:102EE000734B1B781A006F4B1B781900714B5B5C9E
:102EF000D31A9AB20E23FB181A806F4B1B781A0054
:102F0000684B1B7819006D4B5B5CD31A9AB20C238B
:102F1000FB181A806A4B1B881800EEF7DDF9031CBA
:102F20006849181CEDF7A4FC031CBB601223FB18B6
:102F300000221A8086E01223FB181B881800EEF787
:102F4000CBF9031C5F49181CEDF792FC031C7B6056
:102F5000544B1B781A00554B9C5C1023FB18002225
:102F60009B5E1800EEF76CF9031C7968181CEDF7EE
:102F700065FE031C181CEDF729FB0300DAB21723CA
:102F8000FB18A2181A70474B1B781A00494B9C5C1F
:102F90000E23FB1800229B5E1800EEF751F9031C6C
:102FA0007968181CEDF74AFE031C181CEDF70EFBA0
:102FB0000300DAB21623FB18A2181A70394B1B78DB
:102FC0001A003E4B9C5C0C23FB1800229B5E1800F1
:102FD000EEF736F9031C7968181CEDF72FFE031C79
:102FE000181CEDF7F3FA0300DAB21523FB18A21848
:102FF0001A70354B1B78632B02D9334B64221A703D
:10300000284B1878304B1B781522BA1815781622E1
:10301000BA1814781722BA18117800932B002200DE
:1030200006F076F9012006F047FBB868EDF7CEFA16
:10303000030018000AF0F8F812217B181A887B1890
:1030400001321A801223FB181B88642B00D872E708
:10305000144B1B781A00154BD0181723FB181B783C
:103060000122190015F059FD0E4B1B781A00114B67
:10307000D0181623FB181B780122190015F04DFDFE
:10308000084B1B781A000D4BD0181523FB181B7822
:103090000122190015F041FDC0461800BD4606B0DA
:1030A000B0BDC046852A0020812A0020C02900200A
:1030B000822A0020002A0020832A0020402A0020A3
:1030C000902A00200000C842842A0020F0B585B074
:1030D00000AF05000C0010001900FB1D2A1C1A701F
:1030E000BB1D221C1A707B1D021C1A70BB1C0A1C03
:1030F0001A800F26BB1900221A7020250823EA180F
:10310000D419EA18D3191B780A211800EDF722F810
:10311000030023700F4BFA1D12781A700E4BBA1D64
:1031200012781A700D4B7A1D12781A700C4BBA1C5B
:1031300012881A800B4A0823EB18DB191B781370CE
:10314000094B06221A70BB191B781800BD4605B042
:10315000F0BDC046812A0020822A0020832A002058
:10316000902A0020842A0020802A0020F0B58BB00D
:1031700002AF1223FB1800221A801023FB18002232
:103180001A800E23FB1800221A801E23FB1800222F
:103190001A800123BB611723FB1800221A70162323
:1031A000FB1800221A701523FB1800221A70764BA8
:1031B0001B78632B02D9744B64221A70734B1B88E3
:1031C0001800EEF789F8031C7149181CEDF750FB45
:1031D000031CBB601E23FB1800221A80C8E00123D9
:1031E000BB6192E01E23FB181B881800EEF774F8F1
:1031F000031C6849181CEDF73BFB031C7B60664B06
:103200001B781900654ABB69D3181B78CB1A9AB290
:1032100012203B181A80624B1B781900614ABB6967
:10322000D3181B78CB1A9AB210257B191A805E4BE3
:103230001B7819005D4ABB69D3181B78CB1A9AB268
:103240000E26BB191A80554ABB69D3181C783B1847
:1032500000229B5E1800EDF7F3FF031C7968181C31
:10326000EDF7ECFC031C181CEDF7B0F90300DAB223
:103270001723FB18A2181A704A4ABB69D3181C7886
:103280007B1900215B5E1800EDF7DAFF031C7968FB
:10329000181CEDF7D3FC031C181CEDF797F903007D
:1032A000DAB216217B18A2181A70404ABB69D318EB
:1032B0001C78BB1900201B5E1800EDF7C1FF031C32
:1032C0007968181CEDF7BAFC031C181CEDF77EF9A1
:1032D0000300DAB215257B19A2181A70BB69D8B29F
:1032E000294B1B787A19157816217A181478172229
:1032F000BA18117800932B00220006F009F801207B
:1033000006F0DAF9BB690133BB61BB69402B00DC15
:1033100068E71E23FB181B88282B17D11723FB18DF
:1033200019781E4B4022180015F0F7FB1623FB18E6
:1033300019781C4B4022180015F0EFFB1523FB18E1
:1033400019781A4B4022180015F0E7FB1849B868A5
:10335000EDF78EFA031C181CEDF738F9030018007E
:103360000DF0A0FA1E217B181A887B1801321A80F2
:103370001E23FB181B88282B00D830E7C0461800F6
:10338000BD4609B0F0BDC046842A0020902A002026
:103390000000C84200002042812A0020C0290020ED
:1033A000822A0020002A0020832A0020402A0020B0
:1033B00000002041F0B591B004AFF860B9607A60C8
:1033C0002F23FB1800221A702E26BB1900221A7018
:1033D0002D243B1900221A702C257B1900221A700B
:1033E0002B23FB1800221A702A22BB1800221A7005
:1033F00000237B6200233B620023FB610023BB614F
:1034000000237B612422BA187B68012118000AF08E
:103410008BF80200534B1A60524B1B68180013F0D4
:1034200082FF0200BB191A702022BA187B680221A1
:1034300018000AF079F802004B4B1A604A4B1B68DF
:10344000180013F070FF02003B191A701C22BA1802
:103450007B68032118000AF067F80200434B1A60EA
:10346000424B1B68180013F05EFF02007B191A70B4
:1034700018203A187B68042118000AF055F8020059
:103480003B4B1A603A4B1B68180013F04CFF0200CC
:103490002B210D007B181A7014217A187B680521E6
:1034A00018000AF041F80200324B1A60314B1B68D9
:1034B000180013F038FF02002A217B181A702F2001
:1034C0003C1829007B181D782C22BB181A782D2354
:1034D000FB181978BB1918782A23FB181B7800935E
:1034E0002B00FEF78DFF030023702F203B181B7865
:1034F000002B19D1204B1C68BB191D782D23FB18FC
:103500001E782C22BB181B782B217A1812782A21BE
:1035100079180978F86802910192009333002A0023
:10352000210015F07BFA18E02F23FB181B78042BE1
:1035300007D1124B1A68FB681100180015F00DFC3A
:103540000BE02F23FB181B78052B06D10C4B1A68B8
:10355000FB681100180015F000FC00231800BD46A0
:103560000DB0F0BDA42B0020A82B0020AC2B002018
:10357000B02B0020B42B0020CC010020D001002073
:10358000D4010020F0B58DB002AFF860B9607A6068
:103590002723FB1800221A702626BB1900221A7056
:1035A00025243B1900221A7024257B1900221A7049
:1035B00023217B1800221A700023FB610023BB61CA
:1035C00000237B6100233B611C22BA187B68012128
:1035D000180009F0A9FF02003E4B1A603D4B1B6822
:1035E000180013F0A0FE0200BB191A701822BA18B6
:1035F0007B680221180009F097FF0200364B1A6021
:10360000354B1B68180013F08EFE02003B191A7030
:103610001422BA187B680321180009F085FF020004
:103620002E4B1A602D4B1B68180013F07CFE020015
:103630007B191A701022BA187B680421180009F04F
:1036400073FF0200264B1A60254B1B68180013F00D
:103650006AFE020023217B181A7027203C187B1871
:103660001D782422BB181A782523FB181978BB195A
:1036700018782B00FEF73EFF0300237027203B182D
:103680001B78002B14D1174B1968BB191C78252304
:10369000FB181D782422BB181B782322BA18127835
:1036A000F868019200932B00220015F0B7F90BE0A7
:1036B0002723FB181B78052B06D10B4B1A68FB68D8
:1036C0001100180015F049FB00231800BD460BB08F
:1036D000F0BDC046B82B0020BC2B0020C02B002022
:1036E000C42B0020D8010020DC010020F0B58FB0F1
:1036F00002AFF860B9607A602E23FB1800221A70BE
:103700002D243B1900221A702F257B1900221A70D4
:103710002C23FB1800221A701C23FB1800221A60AD
:1037200004330B220021180015F0F7F90023BB61C8
:1037300000237B6100233B611823FA187B68012179
:10374000180009F0F1FE0200914B1A60904B1B68C3
:10375000180013F0E8FD02003B191A701423FA1840
:103760007B680221180009F0DFFE0200894B1A6015
:10377000884B1B687A698849180015F0F1F9031E17
:1037800003D17B1901221A70A6E0824B1B687A696B
:103790008249180015F0E4F9031E04D12F23FB1809
:1037A00002221A7098E07B4B1B687A697C491800EA
:1037B00015F0D6F9031E04D12F23FB1803221A702B
:1037C0008AE0744B1B687A697649180015F0C8F9CD
:1037D000031E04D12F23FB1804221A707CE06D4BCA
:1037E0001B687A697049180015F0BAF9031E04D1F4
:1037F0002F23FB1805221A706EE0664B1B687A694E
:103800006A49180015F0ACF9031E04D12F23FB18E8
:1038100006221A7060E05F4B1B687A6964491800E1
:1038200015F09EF9031E04D12F23FB1807221A70EE
:1038300052E0584B1B687A695E49180015F090F900
:10384000031E04D12F23FB1808221A7044E0514BA9
:103850001B687A695849180015F082F9031E04D1D3
:103860002F23FB1809221A7036E04A4B1B687A692D
:103870005249180015F074F9031E04D12F23FB18C8
:103880000A221A7028E0434B1B687A694C491800D9
:1038900015F066F9031E04D12F23FB180B221A70B2
:1038A0001AE03C4B1B687A694649180015F058F934
:1038B000031E04D12F23FB180C221A700CE0354B89
:1038C0001B687A694049180015F04AF9031E03D1B4
:1038D0002F23FB180D221A701023FA187B6803217E
:1038E000180009F021FE0200384B1A60374B1B68A4
:1038F000180013F018FD02002C257B191A702E26D3
:10390000BC197B191A782F23FB1819782D23FB1863
:103910001B781800FEF748FE03002370BB191B78C4
:10392000002B16D11B4B19687B691A001C243B190C
:10393000180015F026F9264B19682D23FB181A7864
:103940007B191B783C19F8680093230015F066F882
:1039500018E02E23FB181B78042B07D11D4B1A6887
:10396000FB681100180015F0F8F90BE02E23FB1886
:103970001B78052B06D1184B1A68FB68110018003C
:1039800015F0EBF900231800BD460DB0F0BDC046A0
:10399000C82B0020CC2B002020120308281203087B
:1039A00030120308341203083C12030844120308BF
:1039B0004C120308541203085C1203086412030833
:1039C0006C1203087812030880120308D02B002021
:1039D000E0010020E4010020E8010020F0B58DB0F6
:1039E00000AFF860B9607A602E23FB1800221A70CD
:1039F0002F243B1900221A702D23FB1800221A7065
:103A00001C23FB1800221A6004330B22002118002B
:103A100015F083F80023BB6100237B611823FA189B
:103A20007B680121180009F07FFD02007E4B1A60BF
:103A30007D4B1B68BA697D49180015F091F8031E8B
:103A400003D13B1901221A70A6E0774B1B68BA69B3
:103A50007749180015F084F8031E04D12F23FB18B2
:103A600002221A7098E0704B1B68BA6971491800FD
:103A700015F076F8031E04D12F23FB1803221A70C9
:103A80008AE0694B1B68BA696B49180015F068F841
:103A9000031E04D12F23FB1804221A707CE0624B12
:103AA0001B68BA696549180015F05AF8031E04D15D
:103AB0002F23FB1805221A706EE05B4B1B68BA6956
:103AC0005F49180015F04CF8031E04D12F23FB1892
:103AD00006221A7060E0544B1B68BA6959491800F5
:103AE00015F03EF8031E04D12F23FB1807221A708D
:103AF00052E04D4B1B68BA695349180015F030F875
:103B0000031E04D12F23FB1808221A7044E0464BF1
:103B10001B68BA694D49180015F022F8031E04D13C
:103B20002F23FB1809221A7036E03F4B1B68BA6935
:103B30004749180015F014F8031E04D12F23FB1871
:103B40000A221A7028E0384B1B68BA6941491800EC
:103B500015F006F8031E04D12F23FB180B221A7050
:103B60001AE0314B1B68BA693B49180014F0F8FFA2
:103B7000031E04D12F23FB180C221A700CE02A4BD1
:103B80001B68BA693549180014F0EAFF031E03D117
:103B90002F23FB180D221A701423FA187B680221B8
:103BA000180009F0C1FC02002D4B1A602C4B1B6859
:103BB000180013F0B8FB02002D257B191A702E2671
:103BC000BC197B191A782F23FB181B7811001800D9
:103BD000FEF733FD03002370BB191B78002B11D1B6
:103BE000114B1968BB691A001C243B19180014F00A
:103BF000C8FF1C4B19687B191B783A19F86814F038
:103C00000DFF0BE02E23FB181B78052B06D1164B5E
:103C10001A68FB681100180015F09FF800231800BF
:103C2000BD460DB0F0BDC046D42B002020120308C5
:103C30002812030830120308341203083C12030848
:103C4000441203084C120308541203085C120308C0
:103C5000641203086C120308781203088012030828
:103C6000D82B0020EC010020F0010020F0B587B037
:103C700000AFF860B9607A6017243B1900221A700F
:103C800016257B1900221A7000233B611023FA18B5
:103C90007B680121180009F047FC0200184B1A60EC
:103CA000174B1B68180013F03EFB02007B191A70BB
:103CB00026003C197B191B781800FEF7F1FC030065
:103CC0002370BB191B78002B08D10E4B19687B1988
:103CD0001A78FB68180014F0A1FE0BE01723FB18FC
:103CE0001B78042B06D1084B1A68FB6811001800DA
:103CF00015F033F800231800BD4607B0F0BDC046EC
:103D0000DC2B0020F4010020F8010020B0B586B0C3
:103D100000AFF860B9607A6017257B1900221A702D
:103D20007C19FEF707FD030023707B191B78002B1D
:103D300006D1064B1A68FB681100180014F06EFEDD
:103D400000231800BD4606B0B0BDC046FC010020EF
:103D5000F0B589B000AFF860B9607A601F23FB1836
:103D600000221A701E257B1900221A701D243B198F
:103D700000221A700023BB6100237B611822BA184D
:103D80007B680121180009F0CFFB02002A4B1A6062
:103D9000294B1B68180013F0C6FA02007B191A7031
:103DA0001422BA187B680221180009F0BDFB02003A
:103DB000224B1A60214B1B68180013F0B4FA020062
:103DC0002600BB191A701F23FC18BB191A787B191F
:103DD0001B7811001800FEF7D7FC030023701F2387
:103DE000FB181B78002B09D1154B19687B191A7821
:103DF000BB191B78F86814F011FE18E01F23FB189C
:103E00001B78042B07D10F4B1A68FB6811001800B0
:103E100014F0A3FF0BE01F23FB181B78052B06D122
:103E2000094B1A68FB681100180014F096FF002374
:103E30001800BD4609B0F0BDE02B0020E42B0020A7
:103E4000000200200402002008020020F0B587B024
:103E500000AFF860B9607A6017243B1900221A702D
:103E600016257B1900221A7000233B611023FA18D3
:103E70007B680121180009F057FB0200184B1A60FB
:103E8000174B1B68180013F04EFA02007B191A70CA
:103E900026003C197B191B781800FEF7B7FC0300BD
:103EA0002370BB191B78002B08D10E4B19687B19A6
:103EB0001A78FB68180014F0B1FD0BE01723FB180B
:103EC0001B78052B06D1084B1A68FB6811001800F7
:103ED00014F043FF00231800BD4607B0F0BDC046F4
:103EE000E82B00200C02002010020020F0B595B055
:103EF00002AFF860B9607A604523FB1800221A709F
:103F000047243B1900221A704623FB1800221A701E
:103F10004423FB1800221A702423FB1818001E23C8
:103F20001A00002114F0F9FD00233B620023FB611D
:103F30000023BB6100237B612023FA187B680121E9
:103F4000180009F0F1FA0200B34B1A60B24B1B687B
:103F50003A6AB249180014F003FE031E03D13B195C
:103F600001221A70A6E0AC4B1B683A6AAC491800F3
:103F700014F0F6FD031E04D14723FB1802221A7029
:103F800098E0A54B1B683A6AA649180014F0E8FDB2
:103F9000031E04D14723FB1803221A708AE09E4BAC
:103FA0001B683A6AA049180014F0DAFD031E04D118
:103FB0004723FB1804221A707CE0974B1B683A6A6F
:103FC0009A49180014F0CCFD031E04D14723FB18B6
:103FD00005221A706EE0904B1B683A6A94491800EB
:103FE00014F0BEFD031E04D14723FB1806221A70ED
:103FF00060E0894B1B683A6A8E49180014F0B0FDE6
:10400000031E04D14723FB1807221A7052E0824B8B
:104010001B683A6A8849180014F0A2FD031E04D1F7
:104020004723FB1808221A7044E07B4B1B683A6A4E
:104030008249180014F094FD031E04D14723FB1895
:1040400009221A7036E0744B1B683A6A7C491800E2
:1040500014F086FD031E04D14723FB180A221A70B0
:1040600028E06D4B1B683A6A7649180014F078FD19
:10407000031E04D14723FB180B221A701AE0664B6B
:104080001B683A6A7049180014F06AFD031E04D1D7
:104090004723FB180C221A700CE05F4B1B683A6A2E
:1040A0006A49180014F05CFD031E03D14723FB1876
:1040B0000D221A701C23FA187B680221180009F0DF
:1040C00033FA0200624B1A60614B1B68FA6953496C
:1040D000180014F045FD031E04D14623FB180122ED
:1040E0001A70C4E05A4B1B68FA694D49180014F065
:1040F00037FD031E04D14623FB1802221A70B6E0D6
:10410000534B1B68FA694749180014F029FD031E38
:1041100004D14623FB1803221A70A8E04C4B1B68FD
:10412000FA694149180014F01BFD031E04D146230F
:10413000FB1804221A709AE0454B1B68FA693B4948
:10414000180014F00DFD031E04D14623FB180522B0
:104150001A708CE03E4B1B68FA693549180014F060
:10416000FFFC031E04D14623FB1806221A707EE0D2
:10417000374B1B68FA692F49180014F0F1FC031E35
:1041800004D14623FB1807221A7070E0304B1B68DD
:10419000FA692949180014F0E3FC031E04D14623F0
:1041A000FB1808221A7062E0294B1B68FA69234940
:1041B000180014F0D5FC031E04D14623FB18092275
:1041C0001A7054E0224B1B68FA691D49180014F05C
:1041D000C7FC031E04D14623FB180A221A7046E0CE
:1041E0001B4B1B68FA691749180014F0B9FC031E31
:1041F00004D14623FB180B221A7038E0144B1B68BD
:10420000FA691149180014F0ABFC031E22D14623B1
:10421000FB180C221A702AE0EC2B00202012030855
:104220002812030830120308341203083C12030852
:10423000441203084C120308541203085C120308CA
:10424000641203086C120308781203088012030832
:10425000F02B0020404B1B68FA694049180014F00D
:104260007FFC031E03D14623FB180D221A7018236E
:10427000FA187B680321180009F056F90200384B40
:104280001A60374B1B68180013F04DF802004426E3
:10429000BB191A701423FA187B680421180009F05E
:1042A00043F902002F4B1A602E4B1B68180013F0C5
:1042B0003AF8020042217B181A804523FC187B182B
:1042C0001D88BB191A7846203B18197847203B18DF
:1042D00018782B00FEF7C6FA030023704523FB185D
:1042E0001B78002B26D1204B19683B6A1A00242525
:1042F0007B19180014F045FC174B1968FB691A006C
:104300007B190F33180014F03CFC184B1C68BB19C8
:104310001B7842217A181288280039180F310D00B5
:104320003918F868019200932B000A00210014F05C
:1043300075FB0BE04523FB181B78052B06D10C4BB6
:104340001A68FB681100180014F007FD002318001C
:10435000BD4613B0F0BDC046F02B0020801203080C
:10436000F42B0020F82B0020EC2B0020140200205E
:1043700018020020F0B599B004AFF860B9607A6017
:104380004D23FB1800221A704F243B1900221A708B
:104390004E23FB1800221A704C23FB1800221A70BF
:1043A0002823FB1818001E231A00002114F0B5FB67
:1043B00000237B6200233B620023FB610023BB617F
:1043C00000237B612423FA187B680121180009F07F
:1043D000ABF80200B34B1A60B24B1B687A6AB24961
:1043E000180014F0BDFB031E03D13B1901221A7003
:1043F000A6E0AC4B1B687A6AAC49180014F0B0FB1D
:10440000031E04D14F23FB1802221A7098E0A54B1B
:104410001B687A6AA649180014F0A2FB031E04D197
:104420004F23FB1803221A708AE09E4B1B687A6A9E
:10443000A049180014F094FB031E04D14F23FB186D
:1044400004221A707CE0974B1B687A6A9A4918001C
:1044500014F086FB031E04D14F23FB1805221A70AB
:104460006EE0904B1B687A6A9449180014F078FB50
:10447000031E04D14F23FB1806221A7060E0894BFB
:104480001B687A6A8E49180014F06AFB031E04D177
:104490004F23FB1807221A7052E0824B1B687A6A7E
:1044A0008849180014F05CFB031E04D14F23FB184D
:1044B00008221A7044E07B4B1B687A6A8249180014
:1044C00014F04EFB031E04D14F23FB1809221A706F
:1044D00036E0744B1B687A6A7C49180014F040FB84
:1044E000031E04D14F23FB180A221A7028E06D4BDB
:1044F0001B687A6A7649180014F032FB031E04D157
:104500004F23FB180B221A701AE0664B1B687A6A5D
:104510007049180014F024FB031E04D14F23FB182C
:104520000C221A700CE05F4B1B687A6A6A4918000B
:1045300014F016FB031E03D14F23FB180D221A7033
:104540002023FA187B680221180008F0EDFF020012
:10455000624B1A60614B1B683A6A5349180014F0A9
:10456000FFFA031E04D14E23FB1801221A70C4E087
:104570005A4B1B683A6A4D49180014F0F1FA031EB1
:1045800004D14E23FB1802221A70B6E0534B1B686D
:104590003A6A4749180014F0E3FA031E04D14E2387
:1045A000FB1803221A70A8E04C4B1B683A6A414979
:1045B000180014F0D5FA031E04D14E23FB18042270
:1045C0001A709AE0454B1B683A6A3B49180014F090
:1045D000C7FA031E04D14E23FB1805221A708CE083
:1045E0003E4B1B683A6A3549180014F0B9FA031EAD
:1045F00004D14E23FB1806221A707EE0374B1B684D
:104600003A6A2F49180014F0ABFA031E04D14E2366
:10461000FB1807221A7070E0304B1B683A6A294970
:10462000180014F09DFA031E04D14E23FB18082233
:104630001A7062E0294B1B683A6A2349180014F08B
:104640008FFA031E04D14E23FB1809221A7054E07E
:10465000224B1B683A6A1D49180014F081FA031EA8
:1046600004D14E23FB180A221A7046E01B4B1B682C
:104670003A6A1749180014F073FA031E04D14E2346
:10468000FB180B221A7038E0144B1B683A6A114968
:10469000180014F065FA031E22D14E23FB180C22D9
:1046A0001A702AE0FC2B00202012030828120308AD
:1046B00030120308341203083C12030844120308A2
:1046C0004C120308541203085C1203086412030816
:1046D0006C1203087812030880120308002C0020D3
:1046E0004D4B1B683A6A4D49180014F039FA031E05
:1046F00003D14E23FB180D221A701C23FA187B6875
:104700000321180008F010FF0200454B1A60444BCB
:104710001B68180012F007FE02004C26BB191A7025
:104720001823FA187B680421180008F0FDFE020027
:104730003C4B1A603B4B1B68180012F0F4FD020062
:104740004A257B191A801423FA187B680521180062
:1047500008F0EAFE0200344B1A60334B1B68180065
:1047600012F0E1FD02004823FB181A804D22BC180C
:104770007B191D88BB191A784E217B1819784F2098
:104780003B1818784823FB181B8800932B00FEF772
:10479000CBF8030023704D203B181B78002B29D148
:1047A000224B19687B6A1A0028257B19180014F01F
:1047B000E8F9194B19683B6A1A007B190F33180086
:1047C00014F0DFF91A4B1C68BB191B784A22BA187F
:1047D000128848217918098878190F3006007D1948
:1047E000F86802910192009333002A00210014F02E
:1047F00015F90BE04D23FB181B78052B06D10D4B4B
:104800001A68FB681100180014F0A7FA00231800BA
:10481000BD4615B0F0BDC046002C00208012030834
:10482000042C0020082C00200C2C0020FC2B002045
:104830001C02002020020020F0B593B002AFF86007
:10484000B9607A603E23FB1800221A703F243B199E
:1048500000221A703D23FB1800221A701C23FB183B
:1048600018001E231A00002114F057F90023BB6121
:1048700000237B6100233B611823FA187B68012128
:10488000180008F051FE02008B4B1A608A4B1B681F
:10489000BA698A49180014F063F9031E03D13B1961
:1048A00001221A70A6E0844B1B68BA69844918007B
:1048B00014F056F9031E04D13F23FB1802221A708C
:1048C00098E07D4B1B68BA697E49180014F048F9DE
:1048D000031E04D13F23FB1803221A708AE0764B93
:1048E0001B68BA697849180014F03AF9031E04D11C
:1048F0003F23FB1804221A707CE06F4B1B68BA69D7
:104900007249180014F02CF9031E04D13F23FB1840
:1049100005221A706EE0684B1B68BA696C49180072
:1049200014F01EF9031E04D13F23FB1806221A704F
:1049300060E0614B1B68BA696649180014F010F911
:10494000031E04D13F23FB1807221A7052E05A4B72
:104950001B68BA696049180014F002F9031E04D1FB
:104960003F23FB1808221A7044E0534B1B68BA69B6
:104970005A49180014F0F4F8031E04D13F23FB1821
:1049800009221A7036E04C4B1B68BA69544918006A
:1049900014F0E6F8031E04D13F23FB180A221A7014
:1049A00028E0454B1B68BA694E49180014F0D8F846
:1049B000031E04D13F23FB180B221A701AE03E4B52
:1049C0001B68BA694849180014F0CAF8031E04D1DC
:1049D0003F23FB180C221A700CE0374B1B68BA6996
:1049E0004249180014F0BCF8031E03D13F23FB1802
:1049F0000D221A701423FA187B680221180008F09F
:104A000093FD02003A4B1A60394B1B68180012F0F4
:104A10008AFC02003A257B191A801023FA187B6859
:104A20000321180008F080FD0200324B1A60314B60
:104A30001B68180012F077FC02003D26BB191A70A3
:104A40003E23FC18BB191A787B1919883F203B18A4
:104A50001B781800FDF7D6FF030023703E23FB18D8
:104A60001B78002B16D1144B1968BB691A001C2344
:104A7000FB18180014F085F81F4B19687B191C8867
:104A8000BB191B781C22BA18F8680093230013F096
:104A9000C5FF0BE03E23FB181B78052B06D1174BF7
:104AA0001A68FB681100180014F057F90023180069
:104AB000BD4611B0F0BDC046102C002020120308E6
:104AC0002812030830120308341203083C120308AA
:104AD000441203084C120308541203085C12030822
:104AE000641203086C12030878120308801203088A
:104AF000142C0020182C0020240200202802002062
:104B0000F0B591B002AFF860B9607A603623FB1857
:104B100000221A7035243B1900221A7034257B19A3
:104B200000221A703726BB1900221A703323FB1893
:104B300000221A702423FB1800221A6004330B226F
:104B40000021180013F0E9FF00233B620023FB6102
:104B50000023BB6100237B612023FA187B680121BD
:104B6000180008F0E1FC02009E4B1A609D4B1B6888
:104B7000180012F0D8FB02003B191A701C23FA1817
:104B80007B680221180008F0CFFC0200964B1A60E7
:104B9000954B1B68180012F0C6FB02007B191A70B7
:104BA0001823FA187B680321180008F0BDFC0200E6
:104BB0008E4B1A608D4B1B68BA698D49180013F033
:104BC000CFFF031E03D1BB1901221A70A6E0874B49
:104BD0001B68BA698749180013F0C2FF031E04D18D
:104BE0003723FB1802221A7098E0804B1B68BA69C1
:104BF0008149180013F0B4FF031E04D13723FB18BA
:104C000003221A708AE0794B1B68BA697B49180045
:104C100013F0A6FF031E04D13723FB1804221A70D9
:104C20007CE0724B1B68BA697549180013F098FF55
:104C3000031E04D13723FB1805221A706EE06B4B5C
:104C40001B68BA696F49180013F08AFF031E04D16C
:104C50003723FB1806221A7060E0644B1B68BA69A0
:104C60006949180013F07CFF031E04D13723FB1899
:104C700007221A7052E05D4B1B68BA69634918003D
:104C800013F06EFF031E04D13723FB1808221A709D
:104C900044E0564B1B68BA695D49180013F060FF89
:104CA000031E04D13723FB1809221A7036E04F4B3C
:104CB0001B68BA695749180013F052FF031E04D14C
:104CC0003723FB180A221A7028E0484B1B68BA6980
:104CD0005149180013F044FF031E04D13723FB1879
:104CE0000B221A701AE0414B1B68BA694B49180035
:104CF00013F036FF031E04D13723FB180C221A7061
:104D00000CE03A4B1B68BA694549180013F028FFBC
:104D1000031E03D13723FB180D221A701423FA182F
:104D20007B680421180008F0FFFB02003D4B1A606D
:104D30003C4B1B68180012F0F6FA02003326BB1930
:104D40001A703623FC18BB191D783722BB181A7845
:104D500034217B18197835203B1818782B00FDF783
:104D6000A7FE030023703623FB181B78002B1AD1F3
:104D70001E4B1968BB691A0024257B19180013F013
:104D800000FF294B196835203B181A783423FB188B
:104D90001C78BB191B78F86801937B1900932300DA
:104DA00013F03CFE18E03623FB181B78042B07D1C8
:104DB0001E4B1A68FB681100180013F0CEFF0BE0C1
:104DC0003623FB181B78052B06D1194B1A68FB6894
:104DD0001100180013F0C1FF00231800BD460FB0EA
:104DE000F0BDC0461C2C0020202C0020242C0020CC
:104DF0002012030828120308301203083412030893
:104E00003C120308441203084C120308541203080E
:104E10005C120308641203086C120308781203087A
:104E200080120308282C00202C02002030020020D1
:104E300034020020F0B5C64600B592B004AFF86069
:104E4000B9607A603723FB1800221A703626BB1926
:104E500000221A7035243B1900221A7034257B1960
:104E600000221A7000233B632022BB1800221A6024
:104E700004330B220021180013F04FFE0023FB61C6
:104E80000023BB6100237B6100233B611C22BA1815
:104E90007B680121180008F047FB0200494B1A60AB
:104EA000484B1B68180012F03EFA0200BB191A703A
:104EB0001822BA187B680221180008F035FB02009E
:104EC000414B1A60404B1B68180012F02CFA02008C
:104ED0003B191A701422BA187B680321180008F0D5
:104EE00023FB0200394B1A60384B1B68180012F084
:104EF0001AFA02007B191A7010203A187B680421F4
:104F0000180008F011FB0200314B1A60304B1B688F
:104F1000180012F0FDF902000B0010001900EEF766
:104F200021F9031C3B6337217C183D6B3422BB18ED
:104F30001A783523FB181978BB1918782B1CFDF744
:104F400017FE0300237037217B181B78002B19D123
:104F5000204B1D68BB191E783523FB181B7898461B
:104F60003422BB181C78386BEEF7B4F802000B0043
:104F7000F86802920393009443463200290013F02C
:104F80004DFD18E03723FB181B78042B07D1124B7B
:104F90001A68FB681100180013F0DFFE0BE03723DE
:104FA000FB181B78052B06D10C4B1A68FB68110007
:104FB000180013F0D2FE00231800BD460EB080BCCE
:104FC000B846F0BD2C2C0020302C0020342C0020C2
:104FD000382C0020380200203C0200204002002033
:104FE000F0B591B002AFF860B9607A603723FB1872
:104FF00000221A703626BB1900221A7035243B197C
:1050000000221A7034257B1900221A7032217B1875
:1050100000221A802022BB1800221A6004330B22BF
:105020000021180013F079FD0023FB610023BB6110
:1050300000237B6100233B611C22BA187B6801219D
:10504000180008F071FA0200444B1A60434B1B68C9
:10505000180012F068F90200BB191A701822BA1869
:105060007B680221180008F05FFA02003C4B1A60CE
:105070003B4B1B68180012F056F902003B191A70DE
:105080001422BA187B680321180008F04DFA0200B8
:10509000344B1A60334B1B68180012F044F90200BD
:1050A0007B191A701022BA187B680421180008F0C6
:1050B0003BFA02002C4B1A602B4B1B68180012F0B5
:1050C00032F9020032217B181A8037203C187B18F5
:1050D0001D883422BB181A783523FB181978BB19A0
:1050E00018782B00FDF7ACFD0300237037203B1828
:1050F0001B78002B14D11D4B1968BB191C78352364
:10510000FB181D783422BB181B783222BA1812887B
:10511000F868019200932B00220013F07FFC18E046
:105120003723FB181B78042B07D1114B1A68FB6837
:105130001100180013F011FE0BE03723FB181B7849
:10514000052B06D10B4B1A68FB681100180013F0F1
:1051500004FE00231800BD460FB0F0BD3C2C00201B
:10516000402C0020442C0020482C00204402002029
:10517000480200204C020020F0B595B004AFF86062
:10518000B9607A603F23FB1800221A703E26BB19D3
:1051900000221A703D243B1900221A703C257B190D
:1051A00000221A703B23FB1800221A703A22BB1807
:1051B00000221A7038203B1800221A802823FB187E
:1051C00000221A6004330B220021180013F0A5FC02
:1051D00000237B6200233B620023FB610023BB6151
:1051E00000237B6100233B612423FA187B680121A3
:1051F000180008F099F90200624B1A60614B1B68B5
:10520000180012F090F80200BB191A702023FA1847
:105210007B680221180008F087F902005A4B1A60D7
:10522000594B1B68180012F07EF802003B191A70E7
:105230001C243A197B680321180008F075F9020054
:10524000524B1A60514B1B68180012F06CF80200A8
:105250007B191A7018243A197B680421180008F089
:1052600063F902004A4B1A60494B1B68180012F0A0
:105270005AF802003B210D007B181A7014217A188D
:105280007B680521180008F04FF90200414B1A60B5
:10529000404B1B68180012F046F802003A217B18B8
:1052A0001A7010217A187B680621180008F03CF962
:1052B0000200394B1A60384B1B68180012F033F8A3
:1052C000020038203B181A803F22BC1829007B18A6
:1052D0001D783C22BB181A783D23FB181978BB199E
:1052E00018783A23FB181B7801933823FB181B8886
:1052F00000932B00FDF772FD030023703F243B1940
:105300001B78002B1FD1254B1D68BB191E783D2330
:10531000FB181C78A4463C22BB181B783B217A184A
:1053200012783A2179180978382038180088FC68F2
:1053300003900291019200936346320029002000FD
:1053400013F06CFB18E03F23FB181B78042B07D1EC
:10535000134B1A68FB681100180013F0FEFC0BE0F9
:105360003F23FB181B78052B06D10E4B1A68FB68F0
:105370001100180013F0F1FC00231800BD4611B015
:10538000F0BDC0464C2C0020502C0020542C002096
:10539000582C00205C2C0020602C002050020020A3
:1053A0005402002058020020F0B595B004AFF86018
:1053B000B9607A603F23FB1800221A703E243B1923
:1053C00000221A703D257B1900221A703C26BB1959
:1053D00000221A703B23FB1800221A7038203B1859
:1053E00000221A802822BB1800221A6004330B22E4
:1053F0000021180013F091FB00237B6200233B6225
:105400000023FB610023BB6100237B612422BA18C7
:105410007B680121180008F087F80200594B1A60D8
:10542000584B1B68180011F07EFF02003B191A70E0
:1054300020217A187B680221180008F075F8020014
:10544000514B1A60504B1B68180011F06CFF0200A2
:105450007B191A701C243A197B680321180008F084
:1054600063F80200494B1A60484B1B68180011F0A2
:105470005AFF02003500BB191A7018243A197B68CC
:105480000421180008F050F80200414B1A60404B0C
:105490001B68180011F047FF02003B26BB191A7069
:1054A00014243A197B680521180008F03DF8020021
:1054B000384B1A60374B1B68180011F034FF02009C
:1054C00038203B181A80BB191B789EB23B181B88EA
:1054D000DBB23F217C1828003A1815783D217A1854
:1054E00011783E22BA181078009333002A00FDF795
:1054F000EDFD030023703F23FB181B78002B23D105
:10550000224B1968FB691A002823FB18180013F0B6
:1055100038FB214B1C683E22BB181D783D217B18AF
:105520001E783C203B181B783B22BA181278382092
:1055300039180988F86802910192009333002A0013
:10554000210013F06BFA18E03F23FB181B78042BA3
:1055500007D1124B1A68FB681100180013F0FDFB0D
:105560000BE03F23FB181B78052B06D10C4B1A6868
:10557000FB681100180013F0F0FB00231800BD4673
:1055800011B0F0BD642C0020682C00206C2C002091
:10559000702C0020742C00205C020020600200208F
:1055A0006402002080B582B000AF1A4B9A6B194B91
:1055B00001210A439A63174B9B6B012213407B60C6
:1055C0007B68144B9A6B134B02210A439A63114B6D
:1055D0009B6B022213403B603B68002200210920A4
:1055E0000CF082F909200CF094F9002200210A2025
:1055F0000CF07AF90A200CF08CF9002200210B2023
:105600000CF072F90B200CF084F9C046BD4602B0D4
:1056100080BDC0460010024080B582B000AFFB1DC7
:1056200000221A703B4B5B78002B0ED13A4B1A6864
:105630003A4B1100180000F07DF8031E05D0FB1D49
:10564000FF221A70FB1D1B7860E0324B9B78002B09
:105650000ED1314B5A68324B1100180000F06AF835
:10566000031E05D0FB1DFF221A70FB1D1B784DE0A9
:10567000284BDB78002B0ED1274B9A68294B110061
:10568000180000F057F8031E05D0FB1DFF221A700A
:10569000FB1D1B783AE01F4B1B79002B0ED11E4BD4
:1056A000DA68214B1100180000F044F8031E05D001
:1056B000FB1DFF221A70FB1D1B7827E0154B5B7941
:1056C000002B0ED1144B1A69184B1100180000F072
:1056D00031F8031E05D0FB1DFF221A70FB1D1B783D
:1056E00014E00C4B9B79002B0ED10B4B5A69104BDD
:1056F0001100180000F01EF8031E05D0FB1DFF224C
:105700001A70FB1D1B7801E0FB1D1B781800BD46BD
:1057100002B080BDE80A0020C82C0020002800202C
:10572000D82600206C270020942800204426002042
:105730002829002090B585B000AF786039600F242B
:105740003B1900221A707B681800FCF765FD030006
:105750005A1E13005B009B189B010F4A99187B6827
:10576000C022180011F08AFC031E05D03B19FF224D
:105770001A703B191B780AE03B681B681A683B6883
:105780001B6804218A431A600F23FB181B7818003A
:10579000BD4605B090BDC046A0160020F0B587B04C
:1057A00000AFF860B960BB1D1A8017257B19002275
:1057B0001A701626BC19FB681800FCF72DFD0300B3
:1057C00023701523FC18BB681800FCF725FD0300A7
:1057D0002370BB191B785A1E294B9200D3583B618A
:1057E0001523FB181B78002B27D1FB681800FCF74A
:1057F00013FD0300013B234A0021D15480239A006A
:10580000214B0021180013F088F9BB1D1A881E498E
:10581000FB68180011F032FC031E05D07B19FF2233
:105820001A707B191B7826E03B691B681A683B6974
:105830001B6804218A431A601AE0BB681B6828337E
:105840001900BB1D1A88FB68180011F017FC031E15
:1058500006D017217B18FF221A707B181B780AE0EC
:105860003B691B681A683B691B6804218A431A60FC
:105870001723FB181B781800BD4607B0F0BDC046C3
:10588000C82C00202C240020700C002090B587B07C
:1058900000AF0200FB1D1A7017243B1900221A707A
:1058A000FB1D1B78180003F0C5FA03003B61FB1DCC
:1058B0001B785A1E174B9200D358FB603B691800A7
:1058C0000FF02CFD031E05D03B19FF221A703B1967
:1058D0001B781AE0FB681B6800225A60FB1D1B78CE
:1058E0000D4AD35C022B0DD1FB1D1B785A1E0B4BAE
:1058F00092000021D150FB1D1B785A1E084B9200CC
:105900000021D1501723FB181B781800BD4607B0A3
:1059100090BDC046C82C0020E80A0020381B00209B
:10592000501B002090B585B000AF0200FB1D1A701F
:105930000F243B1900221A70FB1D1B781800FFF77B
:10594000A5FF031E05D03B19FF221A703B191B78D7
:105950000DE0FB1D1B78180003F06CFA0300BB6020
:10596000BB68180002F020FE0F23FB181B781800FC
:10597000BD4605B090BD000090B585B000AF0200F7
:10598000FB1D1A700F243B1900221A70FB1D1B7897
:105990001800FFF77BFF031E05D03B19FF221A708A
:1059A0003B191B7840E0FB1D1B78180003F042FAFE
:1059B0000300BB60BB68180002F0F6FDFB1D1B78FE
:1059C0005A1E1B4B9200D3589B6A1800FCF724FC0C
:1059D00003001A00174B00219954FB1D1B785A1E17
:1059E000154B92000021D150FB1D1B78013B134A3F
:1059F0000021D154FB1D1B78180003F01BFAFB1D7E
:105A00001B785A1E0A4B9200D3581900FFF792FEDA
:105A1000031E06D00F217B18FF221A707B181B78FB
:105A200002E00F23FB181B781800BD4605B090BD9F
:105A3000C82C0020E80A0020201B00202C24002075
:105A400080B500AF0D4B0E4A1A600C4B1022DA6085
:105A50000A4B00225A71094B00221A71074B00228F
:105A60005A61064B00229A61044B03221A62034BCF
:105A700018000BF06BFFC046BD4680BDE02C002037
:105A80000030024080B584B000AF7860084B9A6B5C
:105A9000074B802149010A439A63054B9A6B802387
:105AA0005B011340FB60FB68C046BD4604B080BD8F
:105AB0000010024080B586B000AF78600A00BB1CC1
:105AC0001A800823FB1800221A607B68002B00D183
:105AD00092E0BB1C1B88002B00D18DE0BB1C1B88F7
:105AE000032B33D81623FB1800221A7000233B61C6
:105AF0001BE01622BB181B78BA18591C11701A002B
:105B00007B689B1819780823FA183B69D3180A1C7C
:105B10001A70BB1CBA1C1288013A1A80BB1C1B8865
:105B2000002B06D03B6901333B613B69032BE0DD71
:105B300000E0C0460823F918324B012218000BF090
:105B4000B2FF02001723FB181A7051E0BB1C1B8820
:105B50009B089BB21A0079682A4B18000BF0A3FF30
:105B600002001723FB181A70BB1C1B88032213406A
:105B70009BB2002B3CD0BB1C1B88DAB21623FB184F
:105B800003218A431A70BB1CBA1C128803210A40E5
:105B90001A800023FB601BE01622BB181B78BA1882
:105BA000591C11701A007B689B1819780823FA1881
:105BB000FB68D3180A1C1A70BB1CBA1C1288013A65
:105BC0001A80BB1C1B88002B06D0FB680133FB60CE
:105BD000FB68032BE0DD00E0C0460823F918094B01
:105BE000012218000BF018FF02001723FB181A708F
:105BF0001723FB181B7800E000231800BD4606B0F1
:105C000080BDC046E02C002080B500AFBFF34F8FB1
:105C1000C046044B044ADA60BFF34F8FC046C0460B
:105C2000FDE7C04600ED00E00400FA0590B583B042
:105C300000AFFB1D00221A703B1D00221A800CF0E1
:105C40007FFC3C1D002003F00BFF030023803B1D65
:105C50001B88022B07D03B1D1B880A2B03D03B1D42
:105C60001B880C2B05D100F066F80CF08DFCFFF7BB
:105C7000CBFF0CF089FCFB1D1B781800BD4603B060
:105C800090BD90B585B000AF02003960BB1D1A8091
:105C90000F243B1900221A703A68BB1D1B881100A3
:105CA000180005F06BFC031E05D03B190A221A7080
:105CB0003B191B7802E00F23FB181B781800BD4628
:105CC00005B090BDB0B584B000AF0200BB1D1A8016
:105CD0003B1D0A1C1A800F23FB1800221A700C258A
:105CE0007B1900221A800CF02BFC7C193B1D1A88B2
:105CF000BB1D1B881100180005F070FC03002380F9
:105D00007B191A8880235B009A4202D105F08AFC35
:105D100008E00C23FB181B88002B03D00CF034FC8C
:105D20000A2304E00CF030FC0F23FB181B7818004A
:105D3000BD4604B0B0BD80B582B000AFFB1D0022EF
:105D40001A700CF0FDFB002005F0C4FA031E07D00A
:105D50000CF01AFCFB1D0A221A70FB1D1B7803E0D5
:105D60000CF012FCFB1D1B781800BD4602B080BD74
:105D700080B500AF074B1B68074A934206D0FFF778
:105D8000DAFF031E02D1034B034A1A60C046BD4628
:105D900080BDC046F07F0020ADDEEFBE80B586B08E
:105DA00000AF214B5A6B204B04210A435A631E4B10
:105DB0005B6B042213407B617B691B4B5A6B1A4B54
:105DC00001210A435A63184B5B6B012213403B616C
:105DD0003B69154B5A6B144B08210A435A63124B0B
:105DE0005B6B08221340FB60FB680F4B5A6B0E4B3A
:105DF00002210A435A630C4B5B6B02221340BB60C7
:105E0000BB68094B5A6B084B20210A435A63064B67
:105E10005B6B202213407B607B6800F007F8C04674
:105E2000BD4606B080BDC0460010024080B586B0B9
:105E300000AF3B1D802292011A603B1D01225A6077
:105E40003B1D00229A603B1D0222DA603B1D044A82
:105E5000190010000CF0D8FCC046BD4606B080BD4D
:105E600000080050F0B593B002AF534B5A6B524B41
:105E700001210A435A63504B5B6B012213403B6183
:105E80003B694D4B5A6B4C4B02210A435A634A4BB8
:105E90005B6B02221340FB60FB68474B5A6B464B1F
:105EA00004210A435A63444B5B6B04221340BB60DA
:105EB000BB68414B5A6B404B08210A435A633E4B27
:105EC0005B6B082213407B607B682423F8181A253B
:105ED0007A192823F9181823FB18009303000120CE
:105EE00000F06EF81C23F8181623FA182023F9186E
:105EF0001426BB1900930300062000F061F82C2142
:105F00007B1801225A607B1800229A607B191B883B
:105F10001A007B181A60BB6A1A000C007B18190063
:105F200010000CF071FC21007B1800225A607B18D5
:105F300002229A60BB191B881A007B181A60FB6941
:105F40001A007B18190010000CF05EFCBB6A1800E8
:105F50007B191B88002219000CF0DFFD052002F0E0
:105F6000B5F9FB691A00BB191B88190010000CF069
:105F7000B7FD031E17D1BB6A18007B191B880122CD
:105F800019000CF0CAFD052002F0A0F9FB691A0007
:105F9000BB191B88190010000CF0A2FD0300012B97
:105FA00001D1012304E0054B012252421A60002373
:105FB0001800BD4611B0F0BD00100240F07F002077
:105FC00080B586B000AFB9607A603B600F217B1866
:105FD000021C1A701723FB1800221A707B181B78FA
:105FE000180002F027FF03003B613A693B4B9A42DD
:105FF0000CD1BB683A4A1A607B6840221A803B6821
:10600000374A1A603B6A80221A8060E03A69354B51
:106010009A420ED1BB68A022D2051A607B68042286
:106020001A803B68A022D2051A603B6A08221A80B7
:106030004DE03A692C4B9A420ED1BB68284A1A604F
:106040007B688022D2001A803B68254A1A603B6A2E
:10605000802212011A803AE03A69244B9A420ED10A
:10606000BB68A022D2051A607B6801221A803B68B7
:10607000A022D2051A603B6A02221A8027E03A6900
:106080001B4B9A420CD1BB681A4A1A607B680822E3
:106090001A803B68174A1A603B6A04221A8016E08D
:1060A0003A69154B9A420ED1BB680D4A1A607B685B
:1060B000802252001A803B68094A1A603B6A80229B
:1060C00092001A8003E01723FB18FF221A7017238F
:1060D000FB181B781800BD4606B080BD4426002082
:1060E00000040050D82600206C2700200028002043
:1060F00094280020000C00502829002080B500AF13
:106100001D4B1E4A1A601C4B802212065A601A4B05
:1061100000229A60184B0022DA60174B8022120688
:106120001A61154B04225A61134B00221A76124B46
:1061300000225A76104B01229A760F4B2022002122
:1061400099540D4B00225A620B4B00229A620A4B63
:106150002C2200219954084B00221A63064B180088
:106160000AF046FD031E01D000F060F8044B012246
:106170001A70C046BD4680BDD02D002000240140CD
:10618000B22D002090B58BB000AF786014243B197D
:10619000180014231A00002112F0BFFC214B1A6CC6
:1061A000204B802149030A431A641E4B1A6C80233A
:1061B0005B0313403B613B691A4B5A6B194B01213E
:1061C0000A435A63174B5B6B01221340FB60FB6869
:1061D000154B1B78012B10D13B190C221A603B196F
:1061E00003225A603B1900229A603A19A023DB056A
:1061F000110018000CF008FB10E014217B1803229A
:106200001A607B1803225A607B1800229A607A1861
:10621000A023DB05110018000CF0F6FAC046BD46BD
:106220000BB090BD00100240B02D002080B500AF33
:1062300064200AF037FBC046BD4680BD80B582B001
:1062400000AF786039607B681B681F4A934209D1B0
:106250001E4A3B6811001800E9F756FF031E01D1E2
:106260001B4B2CE07B681B68174A934209D1194AE3
:106270003B6811001800E9F747FF031E01D1164BD8
:106280001DE07B681B68154A934209D10F4A3B68A1
:1062900011001800E9F738FF031E01D101230EE0B9
:1062A0007B681B680D4A934209D10A4A3B6811007A
:1062B0001800E9F729FF031E01D1094BFFE7180079
:1062C000BD4602B080BDC04600440040A816030889
:1062D00004000008AC1603080800000C004C004045
:1062E0000200000480B582B000AF02003960FB1DDF
:1062F0001A70FB1D1B78022B0BD1204A3B68110042
:106300001800E9F701FF031E03D11D4B00221A708C
:106310002EE0FB1D1B78022B0BD11A4A3B681100A3
:106320001800E9F7F1FE031E03D1154B01221A7084
:106330001EE0FB1D1B78032B0BD1104A3B6811009C
:106340001800E9F7E1FE031E03D10D4B02221A707B
:106350000EE0FB1D1B78032B0AD10A4A3B68110093
:106360001800E9F7D1FE031E02D1054B03221A7073
:10637000034B1B781800BD4602B080BDA816030869
:10638000B32D0020AC16030890B587B002AF0F23E1
:10639000FB1800221A700E23FB1800221A700D231E
:1063A000FB1801221A7096E20D203B181A78CD498D
:1063B00013005B009B18CB1801331B78002B00D116
:1063C00083E2C94B1B7801225340DBB2002B07D07C
:1063D0003B181A78C34913005B009B1800225A54DB
:1063E0003C1DBA1C0823F9180D23FB1818783B0034
:1063F00000932300FFF7E4FDBB681800BB1C1B885B
:10640000002219000CF089FB0A2001F03BFF7B6899
:106410001A003B001B88190010000CF061FB031EE2
:1064200016D1BB681800BB1C1B88012219000CF098
:1064300074FB0A2001F026FF7B681A003B001B88D2
:106440000F217C18190010000CF04AFB0300237088
:10645000BB681800BB1C1B88002219000CF05DFBF8
:106460000D23FB181A789F4913005B009B18CB186B
:1064700001331B78042B44D057DC032B2DD054DC84
:10648000012B02D0022B14D04FE00F23FB181B78F6
:10649000012B04D10E23FB1804221A7047E00F23AE
:1064A000FB181B78002B42D10E23FB1803221A7015
:1064B0003DE00F23FB181B78012B04D10E23FB18A2
:1064C00004221A7035E00F23FB181B78002B30D103
:1064D0000E23FB1803221A702BE00F23FB181B78E6
:1064E000012B04D10E23FB1802221A7023E00F2384
:1064F000FB181B78002B1ED10E23FB1801221A70EB
:1065000019E00F23FB181B78012B04D10E23FB1875
:1065100001221A7011E00F23FB181B78002B0CD1FD
:106520000E23FB1802221A7007E0C04606E0C046A0
:1065300004E0C04602E0C04600E0C0460E22BB18A0
:106540001B78042B03D0BB181B78022B19D10D210B
:106550007B181A78654B9200D358654A934209D844
:106560007B181B78614A99008A58511C5F4A9B002E
:10657000995006E00D23FB181A785C4B920000211D
:10658000D1500E22BB181B78032B03D0BB181B78ED
:10659000012B40D10D217B181A78564B9200D3580D
:1065A000534A934209D87B181B78524A99008A585B
:1065B000511C504A9B00995006E00D23FB181A7895
:1065C0004C4B92000021D1504B4B1B78022B11D128
:1065D0000D217B181B78494AD25C494B5B799A4262
:1065E00008D87B181B78454AD25C0132D1B2434AA5
:1065F000D15410E00D217B181B78404AD25C404BEF
:106600005B799A4207D93C4B00221A707B181B78A1
:106610003A4A0021D1540D217B181A78334B92004D
:10662000D358374A1288934200D286E07B181A78F2
:106630002E4B9200D358324A1288934208D17B18CD
:106640001B782A4A99008A58511C284A9B00995065
:106650000D217B181A78274B9200D358284A1288AC
:10666000934205D97B181A78224B92000021D15011
:106670000D217B181A781D4B9200D358204A52885E
:1066800093423FD97B181A78184B9200D258FA23BC
:106690005B009A4236D2184B1B78002B03D1164B65
:1066A00001221A7048E0144B1B78022B44D10D21B3
:1066B0007B181B78114AD25C114B1B799A423BD94B
:1066C0007B181B780D4AD25C0D4B5B799A4233D212
:1066D000094B03221A707B181B78084A0021D154F9
:1066E0002AE0C046982D0020542D0020602D002067
:1066F000FEFF00007C2D0020402E0020582D0020A1
:10670000801300200D217B181A78784B9200D25804
:10671000FA235B009A4210D37B181A78734B9200CD
:10672000D358734A934208D8724B1B78002B04D07D
:10673000704B00221A7000E0C0460D217B181A78B9
:106740006D4B9200D3586D4A128893425DD37B18EB
:106750001A78694B9200D358684A1288934211D133
:1067600008007B181A78664913005B009B18072203
:106770005A543B181B78604A99008A58511C5E4A4B
:106780009B0099500D217B181A78584B9200D358D2
:106790005A4A1288934205D97B181A78534B9200B3
:1067A0000021D1500D217B181A78534B9200D358F9
:1067B000524A5288934228D97B181A784E4B92003D
:1067C000D258FA235B009A421FD24A4B1B78012B06
:1067D0000BD17B181A784A4913005B009B180522DD
:1067E0005A54444B02221A700FE0424B1B78032B81
:1067F0000BD10D23FB181A78414913005B009B183D
:1068000006225A543B4B00221A700D23FB181A78AB
:106810003B4913005B009B185B5C072B05D04FDCEA
:10682000052B11D0062B2DD04AE00D243B191B78E7
:10683000180000F047FD3B191A78314913005B003E
:106840009B1800225A5440E02E4B1B7801225340E3
:10685000DBB2002B36D00D203B181A7828491300E4
:106860005B009B18CB1802331B781A0001231340DE
:1068700028D0244B01221A703B181B78180000F016
:106880002BFD1FE01F4B1B7801225340DBB2002B76
:106890001AD00D203B181A78194913005B009B1879
:1068A000CB1802331B781A00022313400CD0154B6F
:1068B00001221A703B181B78180000F017FD03E046
:1068C000C04602E0C04600E0C0460D217B181A78A1
:1068D0007B1801321A700D23FB181B78062B00D889
:1068E00062E5C046C046BD4605B090BD602D0020A3
:1068F000FEFF0000402E00207C2D00208013002091
:10690000982D0020542D0020F0B58FB002AF02006A
:10691000FB1D1A70BB1D0A1C1A702F23FB180022C6
:106920001A702E23FB1800221A708C4B1B78002B38
:106930000FD0BB1D1A788A4B9200D358180006F06E
:10694000F7FCBB1D1A78874B9200D358180006F04D
:10695000EFFCBB1D1B78844A0421D1547F4B1B786C
:10696000002B08D0BB1D1B78180002F063FA03004F
:1069700018000EF03FFB1023FC180E257A19142383
:10698000F918BB1D18780C26BB1900932300FFF7DC
:1069900017FB7B191B881A0018243B191A603B1936
:1069A00001225A603B1900229A603B190022DA60EA
:1069B0007B691A003B19190010000BF025FFBB1969
:1069C0001B881A003B191A603B1900225A603B19B8
:1069D00002229A603B691A003B19190010000BF063
:1069E00013FFBB1D1A78614913005B009B18CB187D
:1069F0000133FA1D12781A70BB1D1B783A339BB213
:106A00009B009BB20A243A1911001800FFF739F9CC
:106A100003001A002C217B181A807B181B88002B7E
:106A200057D13B191B881B0A9AB22E217B181A706A
:106A30007B181B781B09DBB2BA1D12789A4209D168
:106A40007B181B780F221A40FB1D1B789A4201D13C
:106A500000237FE0BB1D1B781B031AB2FB1D1B78B4
:106A60001B021BB213431BB29AB20A217B181A8075
:106A7000BB1D1B783A339BB29B009AB27B181B88D4
:106A800019001000FFF71EF9BB1D1B783A339BB2AB
:106A90009B009BB201339BB200211800FFF712F953
:106AA000BB1D1B783A339BB29B009BB202339BB257
:106AB00000211800FFF706F9BB1D1B783A339BB283
:106AC0009B009BB203339BB200211800FFF7FAF83A
:106AD0003DE0BB1D1B781B031AB2FB1D1B781B027C
:106AE0001BB213431BB29AB20A217B181A80BB1D3A
:106AF0001B783A339BB29B009AB27B181B88190013
:106B00001000FFF7DFF8BB1D1B783A339BB29B00E8
:106B10009BB201339BB200211800FFF7D3F8BB1DD5
:106B20001B783A339BB29B009BB202339BB200218D
:106B30001800FFF7C7F8BB1D1B783A339BB29B00C8
:106B40009BB203339BB200211800FFF7BBF82F2341
:106B5000FB181B781800BD460DB0F0BDDB0A002005
:106B6000F01B00200C1C0020E80A0020982D0020BB
:106B700080B586B000AF0200FB1D1A701723FB180A
:106B800000221A70FB1D1A78574913005B009B18EE
:106B9000CB18013300221A70FB1D1A7852491300DA
:106BA0005B009B1800225A54FB1D1A784E491300B3
:106BB0005B009B18CB18023300221A70FB1D1B7858
:106BC0003A339BB29B009BB20E22BA1811001800F8
:106BD000FFF757F803001A0014217B181A807B185E
:106BE0001B88002B2DD1FB1D1B783A339BB29B00D9
:106BF0009BB200211800FFF765F8FB1D1B783A33A4
:106C00009BB29B009BB201339BB200211800FFF79F
:106C100059F8FB1D1B783A339BB29B009BB20233A1
:106C20009BB200211800FFF74DF8FB1D1B783A338B
:106C30009BB29B009BB203339BB200211800FFF76D
:106C400041F8FB1D1B78180002F0F4F803003B61CB
:106C50003B691B68254A934202D101F05BFB2BE0A4
:106C60003B691B68224A934202D101F091FB23E069
:106C70003B691B681F4A934202D101F0C7FB1BE02E
:106C80003B691B681C4A934202D101F0FDFB13E0F3
:106C90003B691B68194A934202D101F025FC0BE0C5
:106CA0003B691B68164A934202D101F04DFC03E098
:106CB0001723FB18FF221A70FB1D1B78114A0021B5
:106CC000D154FB1D1B785A1E0F4B9200D2583B69C2
:106CD00011001800FEF72EFD1723FB181B78180073
:106CE000BD4606B080BDC046982D0020003801404A
:106CF0000044004000480040004C0040005000406C
:106D0000003C0140E80A0020C82C0020B0B584B047
:106D100000AF040008001100FB1D221C1A70BB1DEF
:106D2000021C1A707B1D0A1C1A700F23FB1800220C
:106D30001A70FB1D1A78514913005B009B18CB1881
:106D400001331B78002B01D10B2392E07B1D1B78B4
:106D5000012B07D07B1D1B78002B19D1BB1D1B7885
:106D6000052B15D1FB1D1A78444913005B009B18B5
:106D7000CB1802331B78FA1D127801210B43D8B2CD
:106D80003E4913005B009B18CB180233021C1A709B
:106D90007B1D1B78012B07D07B1D1B78002B19D185
:106DA000BB1D1B78062B15D1FB1D1A783349130028
:106DB0005B009B18CB1802331B78FA1D1278022156
:106DC0000B43D8B22D4913005B009B18CB1802333C
:106DD000021C1A70FB1D1B783A339BB29B009BB2BE
:106DE00008243A1911001800FEF74BFF03001A009F
:106DF0000C217B181A807B181B88002B34D13B197F
:106E00001B881B0A9AB20B257B191A703B191B8829
:106E1000D9B2FB1D1A78194813005B009B18C318E0
:106E200002331B78994221D07B191B781B0219B2BF
:106E3000FB1D1A78114813005B009B18C31802331E
:106E40001B781BB20B431BB29AB23B191A80FB1D75
:106E50001B783A339BB29B009AB23B191B881900EE
:106E60001000FEF72FFF01E00B2302E00F23FB18B9
:106E70001B781800BD4604B0B0BDC046982D002058
:106E800080B584B000AF0200FB1D1A700F23FB1801
:106E900000221A70FB1D1B78022B03D0FB1D1B78F0
:106EA000012B22D1FB1D1B78022B03D1164B012293
:106EB0001A7002E0144B01225A70FB1D1B78180057
:106EC00001F0B8FF030018000EF094F8FB1D1B78CA
:106ED0000E4A0621D1540E4B1B78002B0CD1FFF724
:106EE0000DF90C4B00221A7006E00F217B181922B5
:106EF0001A707B181B7802E00F23FB181B78180010
:106F0000BD4604B080BDC046B02D0020E80A002078
:106F1000B22D0020CC2D002090B587B000AFB96015
:106F20007A600F217B18021C1A701723FB180022AD
:106F30001A707B181B78022B04D07B181B78012B4E
:106F400000D07BE0404B1B78012B55D10F243B191F
:106F50001B78180001F06EFF0200BB6819001000DA
:106F6000FFF76CF903009AB2384B1A80BA683B19E4
:106F70001B7811001800FFF7B5F903001A00344B15
:106F80001A70324B1B881A00324B1A60314B0122A7
:106F90005A60304B06229A602E4A2F4B110018007F
:106FA0000AF0F8F82C4B180009F0CAFF2A4B6421AC
:106FB00018000AF04FF8284B18000AF0DFF801001B
:106FC000234B1B781A0089B2244B5200D152224B1A
:106FD00018000AF003F81D4B1B881A001D4B1A609D
:106FE0001C4B02225A601B4B06229A60194A1A4B0C
:106FF000110018000AF0CEF8154B1B781A00174B39
:107000005200D35A1800ECF713F8154A154BEBF75A
:107010004DF902000B00100019000022124BEAF794
:1070200001FD02000B0010001900ECF79BF8021C98
:107030007B681A601723FB181B7800E019231800DF
:10704000BD4607B090BDC046B22D0020B42D002033
:10705000B32D0020342E0020D02D0020B82D00208C
:107060006666666666660A4000FEAF40B0B582B0EE
:1070700000AF78603960634B1B78002B04D1FFF7B9
:107080003DF8614B00221A70604B614A1A605F4BF9
:1070900001225A605D4B02229A605C4A5D4B1100EE
:1070A00018000AF077F85B4B180009F049FF594BBC
:1070B0006421180009F0CEFF564B18000AF05EF864
:1070C00003009AB2544B1A80534B1B881800EBF7FD
:1070D000AFFF524A524BEBF7E9F802000B001000E9
:1070E000190000224F4BEAF79DFC02000B00100034
:1070F00019004D4A4D4BEBF7A1FB02000B001000AD
:1071000019004B4A4B4BEAF78DFC02000B001000B4
:1071100019000022484BEAF721F902000B00100089
:107120001900ECF71FF8021C7B681A60394B180035
:1071300009F054FF354B364A1A60344B02225A602C
:10714000324B02229A60314A324B110018000AF089
:1071500021F82E4B394A1A602C4B01225A602B4BD6
:1071600006229A60294A2B4B110018000AF012F8E7
:10717000284B180009F0E4FE264B6421180009F0A2
:1071800069FF244B180009F0F9FF03009AB22C4B59
:107190001A802C4B1B881800EBF74AFF1F4A204B24
:1071A000EBF784F802000B0014001D00244B1B8831
:1071B0001800EBF73DFF02000B0020002900EAF762
:1071C00031FC02000B0010001900EBF7CBFF021C92
:1071D0003B681A600F4B180009F000FF0B4B174A71
:1071E0001A600A4B02225A60084B02229A60074A30
:1071F000084B1100180009F0CDFFC046BD4602B093
:10720000B0BDC046B22D0020CC2D0020342E002071
:10721000001000B0D02D0020C02D002066666666EC
:1072200066660A4000FEAF408FC2F5285C8FF63FCD
:10723000333333333333114000003940002000B47E
:10724000C22D0020AA75FF1FB0B586B000AFB9608F
:107250007A600F243B19021C1A7017257B19002233
:107260001A7000233B611023FA18B9683B191B7888
:107270001800FFF751FE031E18D13B690E49181C78
:10728000E9F7DCFC031C181CEBF724FF0B4A0C4B42
:10729000EAF7C8FB02000B0010001900EBF762FFD1
:1072A000021C7B681A607B191B7800E01923180008
:1072B000BD4606B0B0BDC0460000C8426666666600
:1072C00066660A4080B582B000AF0200FB1D1A70EE
:1072D000C046BD4602B080BD80B582B000AF02009E
:1072E000FB1D1A70C046BD4602B080BD80B582B09D
:1072F00000AF0200FB1D1A70C046BD4602B080BD43
:1073000080B500AFBFF34F8FC046044B044ADA602C
:10731000BFF34F8FC046C046FDE7C04600ED00E01A
:107320000400FA0580B500AF09F0A0FA06F032F8C3
:10733000C046BD4680BD000080B584B002AF0B4B97
:107340007B600B4B18787968FF230093FF23112291
:1073500001F0BAFC064B1878064B1968FF2300931E
:10736000FF230F2201F0B0FCFFF7CAFFCC16030881
:10737000D80A00206802002080B584B000AF786091
:107380000A00BB1C1A80144BBA1C12881A80134BBB
:107390001B780133DAB2114B1A707B681800FAF7C8
:1073A0003BFF03001A000E4B9B5C022B10D0002306
:1073B000FB600C4B1B680C22BA181100180008F077
:1073C00007FEFB68002B03D0074B802252051A6092
:1073D000C046BD4604B080BD942E0020962E0020ED
:1073E000E80A0020E81B002004ED00E080B58AB028
:1073F00000AF00237B62264B18000EF023F8244BCD
:107400001B681B6880221340802B36D1204B8822BA
:107410009B58202B31D1EFF310837B607B683B625C
:107420000123BB60BB6883F31088C046184B1B6800
:107430001A68174B1B6880218A431A603B6AFB60FD
:10744000FB6883F31088C046EFF310833B613B6910
:10745000FB6101237B617B6983F31088C0460C4B81
:107460001B681A680A4B1B6840210A431A60FB69B3
:10747000BB61BB6983F31088C0467B6A002B03D0D5
:10748000044B802252051A60C046BD460AB080BD3A
:107490004426002004ED00E080B58AB000AF002350
:1074A0007B62264B18000DF0CDFF244B1B681B6838
:1074B00080221340802B36D1204B88229B58202BD2
:1074C00031D1EFF310837B607B683B620123BB60AB
:1074D000BB6883F31088C046184B1B681A68174BAB
:1074E0001B6880218A431A603B6AFB60FB6883F358
:1074F0001088C046EFF310833B613B69FB610123B9
:107500007B617B6983F31088C0460C4B1B681A684B
:107510000A4B1B6840210A431A60FB69BB61BB69C7
:1075200083F31088C0467B6A002B03D0044B802273
:1075300052051A60C046BD460AB080BDD82600205C
:1075400004ED00E080B5A2B000AF00238422BA1899
:1075500013608C4B18000DF075FF8A4B1B681B687D
:1075600080221340802B39D1864B88229B58202BB8
:1075700034D1EFF31083FB64FB6C80203A18136066
:1075800001233B653B6D83F31088C0467D4B1B6830
:107590001A687C4B1B6880218A431A603B181B6861
:1075A0007B657B6D83F31088C046EFF31083BB656A
:1075B000BB6DFB670123FB65FB6D83F31088C04641
:1075C000704B1B681A686F4B1B6840210A431A6096
:1075D000FB6F3B663B6E83F31088C0466A4B180016
:1075E0000DF030FF684B1B681B6880221340802B16
:1075F00036D1654B88229B58202B31D1EFF3108375
:107600007B637B6BBB670123BB63BB6B83F310881E
:10761000C0465D4B1B681A685B4B1B6880218A4320
:107620001A60BB6FFB63FB6B83F31088C046EFF3FC
:1076300010833B643B6C7B6701237B647B6C83F32F
:107640001088C046504B1B681A684F4B1B6840217E
:107650000A431A607B6FBB64BB6C83F31088C0461F
:107660004A4B18000DF0EEFE484B1B681B68802249
:107670001340802B36D1454B88229B58202B31D18B
:10768000EFF31083FB61FB693B6701233B623B6ABD
:1076900083F31088C0463D4B1B681A683B4B1B6840
:1076A00080218A431A603B6F7B627B6A83F3108878
:1076B000C046EFF31083BB62BB6AFB660123FB622B
:1076C000FB6A83F31088C046304B1B681A682F4B47
:1076D0001B6840210A431A60FB6E3B633B6B83F3DC
:1076E0001088C0462A4B18000DF0ACFE284B1B68D2
:1076F0001B6880221340802B36D1254B88229B5853
:10770000202B31D1EFF310837B607B68BB660123B4
:10771000BB60BB6883F31088C0461D4B1B681A68AA
:107720001B4B1B6880218A431A60BB6EFB60FB68A1
:1077300083F31088C046EFF310833B613B697B669F
:1077400001237B617B6983F31088C046104B1B6863
:107750001A680F4B1B6840210A431A607B6EBB619D
:10776000BB6983F31088C0468423FB181B68002B79
:1077700003D0084B802252051A60C046BD4622B095
:1077800080BDC0466C2700200028002094280020DF
:107790002829002004ED00E080B500AF054B18005B
:1077A000FAF73AFD03001800F2F738FFC046BD466D
:1077B00080BDC0464426002080B500AF104B1B683A
:1077C00010221340102B07D10E4B1800FAF724FD9E
:1077D00003001800F2F722FF094B1A6880235B00B0
:1077E0001A4080235B009A4207D1074B1800FAF732
:1077F00013FD03001800F2F711FFC046BD4680BD1F
:1078000000000240D82600206C27002080B500AF81
:107810001F4B1A6880235B011A4080235B019A4248
:1078200007D11C4B1800FAF7F7FC03001800F2F719
:10783000F5FE174B1A6880235B021A4080235B0217
:107840009A4207D1144B1800FAF7E6FC030018001F
:10785000F2F7E4FE0E4B1A6880235B031A40802384
:107860005B039A4207D10D4B1800FAF7D5FC0300D1
:107870001800F2F7D3FE0A4B1B6801221340012BBC
:1078800003D1084B18000AF095FCC046BD4680BDE8
:107890000000024000280020942800202829002011
:1078A00000040240CC2F002080B584B000AF786087
:1078B0000023FB607B681800FAF7AEFC03001A0097
:1078C000064B9200D3580C22BA181100180006F08B
:1078D0006EFCC046BD4604B080BDC0460C1C0020F6
:1078E000B0B584B000AF78607B68882220219950C1
:1078F0000F257C197B681800FAF78EFC03002370B3
:1079000029007B181B78254AD35C022B13D17B18E6
:107910001B785A1E224B9200D3581B68283319003B
:107920007B6880229B581B685B689AB27B68180052
:107930000FF0A4FB2EE00F243B191B78013B194AE2
:107940000021D1543B191B78013B174A0021D15427
:107950003B191B785A1E13005B009B189B01134AAE
:107960009B18C0220021180011F0D7F83B191B7892
:107970005A1E13005B009B189B010C4A99187B68E8
:10798000C02218000FF07AFB3B191B78013B084A14
:107990000121D154C046BD4604B0B0BDE80A002064
:1079A000201B0020342400202C240020A0160020BE
:1079B000681B002080B582B000AF7860C046BD462D
:1079C00002B080BD80B582B000AF7860104B01225C
:1079D0001A707B681B680F4A934203D17B681800BA
:1079E0000FF05FFA7B681B680B4A934203D17B68F8
:1079F00018000FF056FA7B681B68084A934203D1BF
:107A00007B6818000FF04DFAC046BD4602B080BD3D
:107A1000C01B0020003801400044004000480040E6
:107A200080B586B002AF786039600B4BFB600B4BC2
:107A30001878F968FF230093FF23102201F044F91E
:107A4000064B1878064B1968FF230093FF230F227B
:107A500001F03AF9FFF754FCE0160308D80A0020B9
:107A60006802002080B584B002AF0B4B7B600B4BEB
:107A700018787968FF230093FF23142201F024F97A
:107A8000064B1878064B1968FF230093FF230F223B
:107A900001F01AF9FFF734FCF4160308D80A0020A5
:107AA0006802002080B500AF2F4B304A1A602E4B81
:107AB00000229A602C4B7F22DA602B4BFF221A6146
:107AC000294B00225A61284B00229A61264B002242
:107AD000DA61254B8022D2051A62234B00225A62BA
:107AE000214B882212025A601F4B180000F01EFA28
:107AF0001D4B002118000CF0A3FC0300012B02D148
:107B0000194B40229A60184B18000CF069F8031EBC
:107B100001D0FF2325E0144B012118000CF090FC4C
:107B20000300134A934202D000F028F811E0114BF1
:107B30001A6E80231B05134002D00F4B00221A70CF
:107B40000C4B1A6E8023DB04134002D00A4B012237
:107B50001A70084B1A6E074B802109040A431A66F3
:107B600000231800BD4680BDEC2E002000280040F8
:107B7000F232000000100240E82E0020B0B58EB0B6
:107B800000AF0C257B195A4A13CA13C33B00594A4C
:107B900003CA03C312781A707B19093318000FF057
:107BA000BCFB02003523FB181A707B1900229A7166
:107BB0007B19043318000FF0B0FB02003423FB18CC
:107BC0001A707B190022DA703623FB1800221A7013
:107BD00019E036243B191A78474B9200D2580C23EF
:107BE000FB1811001800E8F78FFA031E05D13723A0
:107BF000FB183A19127801321A7036217B181A785C
:107C00007B1801321A703623FB181B780B2BE0D936
:107C10003B00063318000FF080FB02003323FB18F3
:107C20001A700C243B1900225A713B0003331800D0
:107C30000FF073FB02003223FB181A703B1900226D
:107C40009A703B0018000FF068FB02003123FB180C
:107C50001A702C217B183522BA181278DA707B182A
:107C60003722BA1812785A707B183422BA18127850
:107C70009A707B1801221A707918204B0022180084
:107C80000CF0F0F9031E01D0FF232CE018217B1823
:107C90003122BA1812781A707B183222BA18127868
:107CA0005A707B183322BA1812789A707B18002207
:107CB000DA70134B18225A737B180022DA607B1893
:107CC00000221A6179180D4B002218000CF0C6F83A
:107CD000031E01D0FF2306E00A4A084B01211800C9
:107CE0000CF091FB00231800BD460EB0B0BDC0469D
:107CF00014170308201703081C000020EC2E002096
:107D000080130020F2320000B0B588B000AF05004B
:107D10000C0010001900FB1D2A1C1A70BB1D221C30
:107D20001A703B1D021C1A80FB1C0A1C1A703B1D9A
:107D30001B88DBB23033DAB21C217B18DA707B1877
:107D4000FA1D12785A707B18BA1D12789A707B1837
:107D5000FA1C12781A7008243B1938217A18127804
:107D60001A703B193422BA1812785A703A19302313
:107D7000FB181B7893703B1900221A613C23FB18F7
:107D80001B78012B1BD17B181B780C2B17D8404B71
:107D90000122002118000CF036FB3B190022DA709A
:107DA0003C4B0C225A733A4B18000BF0BBFF384B7C
:107DB00040229A60364B18000BF012FF36E03C234D
:107DC000FB181B78022B1DD13823FB181B780C2BBA
:107DD00018D82F4B0122002118000CF014FB0823A7
:107DE000FB180122DA702B4B0C225A73284B180017
:107DF0000BF098FF264B40229A60254B18000BF0A1
:107E0000EFFE13E0224B0022002118000CF0FBFAD9
:107E1000204B18225A731E4B18000BF083FF1C4B8B
:107E200000229A601A4B18000BF0DAFE0823F918AA
:107E3000174B002218000CF011F8031E01D0FF238D
:107E400021E01C23F918124B002218000CF00AF94B
:107E5000031E01D0FF2316E00E4B5B7B1B021AB200
:107E60000C4B1B791BB213431BB29AB28D235B00E0
:107E700011001800FDF726FF074A054B01211800E5
:107E80000CF0C1FA00231800BD4608B0B0BDC046D2
:107E9000EC2E002080130020F232000090B587B055
:107EA00000AF39001F4B002218000CF07FF814249B
:107EB00039191C4B002218000CF066F93B00DB78E6
:107EC000DB09DBB20133DAB2174BDA743B005B68D3
:107ED0005B089AB2144BDA813B009A78124B1A7401
:107EE0003B005A78104B5A743B001A780E4B9A7428
:107EF0003B199A780C4B5A753B195A780A4B9A756C
:107F00003B191A78084B1A753B19DB78FA22D20014
:107F1000944663449AB2044B1A83C046BD4607B0E8
:107F200090BDC046EC2E00208013002090B597B085
:107F300000AF78600C243B1918004C231A00002174
:107F400010F0EBFD7B681B68134A934220D13B196C
:107F5000802292021A603B19802292001A643B1917
:107F600018000BF001FC0D4BDA6D0C4B802109025F
:107F70000A43DA65094BDA6B084B8021C9000A43D2
:107F8000DA63064BDA6B8023DB001340BB60BB680F
:107F9000C046BD4617B090BD00280040001002400A
:107FA00080B582B000AF78607B681B68094A934255
:107FB0000BD1094BDA6D084B08490A40DA65064BCC
:107FC000DA6B054B06490A40DA63C046BD4602B08B
:107FD00080BDC0460028004000100240FF7FFFFF28
:107FE000FFFBFFFF80B500AF1A4B1B4A1A60194B0D
:107FF000822252005A60174B802212029A60154B5F
:10800000E022D200DA60134B00221A61114B0022E9
:108010005A61104B802292009A610E4B1822DA614D
:108020000C4B00221A620B4B00225A62094B0022B1
:108030009A62084B0722DA62064B00221A63054B4C
:1080400008225A63034B18000CF016FAC046BD46CE
:1080500080BDC046682F00200030014090B58BB035
:1080600000AF786014243B19180014231A00002173
:1080700010F053FD7B681B682D4A934254D12D4B61
:108080001A6C2C4B802149010A431A64294B1A6C43
:1080900080235B0113403B613B69264B5A6B254BA8
:1080A00002210A435A63234B5B6B02221340FB609D
:1080B000FB6821007B1828221A607B1802225A6074
:1080C0007B1800229A607B180022DA607B1800225D
:1080D0001A617B18184A190010000AF095FB174B1B
:1080E000174A1A60154B11225A60144B10229A60DD
:1080F000124B0022DA60114B80221A610F4B0022D2
:108100005A610E4B00229A610C4B2022DA610B4B14
:1081100000221A62094B180009F052FE7B68074AD8
:108120005A65064B7A689A62C046BD460BB090BD50
:10813000003001400010024000040050CC2F00200D
:108140000804024090B587B000AFF860B960BB1D6D
:108150001A8017243B19FF221A70FB68002B0FD0DE
:10816000BB68002B0CD0BB1D1A88B968FB681800CF
:108170000CF068FA031E07D13B1900221A7003E0C5
:108180001723FB18FF221A701723FB181B781800FF
:10819000BD4607B090BD000080B582B000AF174B60
:1081A0001A6C164B802189020A431A64134B1A6C0D
:1081B00080239B0213407B607B68114B114A1A603D
:1081C0000F4B2F225A600E4B00229A600C4B0E4A26
:1081D000DA600B4B00221A61094B00225A61084BEE
:1081E00000229A61064B18000CF05CFD044B18004D
:1081F0000CF0B8FDC046BD4602B080BD0010024084
:108200007C30002000440140FFFF000080B582B0B8
:1082100000AF174B1A6C164B8021C9020A431A642F
:10822000134B1A6C8023DB0213407B607B68114B7D
:10823000114A1A600F4B114A5A600E4B00229A6085
:108240000C4B0F4ADA600B4B00221A61094B0022DB
:108250005A61084B00229A61064B18000CF022FD6F
:10826000044B18000CF07EFDC046BD4602B080BD38
:1082700000100240C8300020004801407FBB0000D1
:10828000FFFF000080B584B000AF0200BB1D1A8064
:108290000023FB6005F0C4FBBB1D1B88002B0DD029
:1082A000094B1B685B6AFB60C046074B1B685A6A38
:1082B000FB68D21ABB1D1B889A42F6D905F0C2FB97
:1082C000C046BD4604B080BD7C30002080B584B07F
:1082D00000AF0200BB1D1A800023FB6005F0A0FB6D
:1082E000BB1D1B88002B0DD0094B1B685B6AFB6014
:1082F000C046074B1B685A6AFB68D21ABB1D1B8815
:108300009A42F6D905F09EFBC046BD4604B080BD3A
:10831000C830002080B500AF1B4B1C4A1A601A4BB6
:10832000E12212035A60184B00229A60164B002279
:10833000DA60154B00221A61134B0C225A61124B62
:1083400000229A61104B0022DA610F4B00221A6260
:108350000D4B00225A620C4B00229A620A4B180005
:108360000CF0F2FD084B002118000EF005FE064B44
:10837000002118000EF040FE034B18000EF0C2FD65
:10838000C046BD4680BDC04644260020003801409E
:1083900080B500AF1B4B1C4A1A601A4BE122120336
:1083A0005A60184B00229A60164B0022DA60154B77
:1083B00000221A61134B0C225A61124B00229A615F
:1083C000104B0022DA610F4B00221A620D4B002283
:1083D0005A620C4B00229A620A4B18000CF0B4FD52
:1083E000084B002118000EF0C7FD064B00211800B5
:1083F0000EF002FE034B18000EF084FDC046BD4691
:1084000080BDC046D82600200044004080B500AFA3
:108410001B4B1C4A1A601A4BE12212035A60184B7C
:1084200000229A60164B0022DA60154B00221A6176
:10843000134B0C225A61124B00229A61104B0022FE
:10844000DA610F4B00221A620D4B00225A620C4B6C
:1084500000229A620A4B18000CF076FD084B0021AE
:1084600018000EF089FD064B002118000EF0C4FD27
:10847000034B18000EF046FDC046BD4680BDC04609
:108480006C2700200048004080B500AF144B154A0F
:108490001A60134BE12212035A60114B00229A60BA
:1084A0000F4B0022DA600E4B00221A610C4B0C229B
:1084B0005A610B4B00229A61094B0022DA61084B8A
:1084C00000221A62064B00225A62054B00229A6271
:1084D000034B18000CF038FDC046BD4680BDC046B9
:1084E00000280020004C004080B500AF144B154A16
:1084F0001A60134BE12212035A60114B00229A605A
:108500000F4B0022DA600E4B00221A610C4B0C223A
:108510005A610B4B00229A61094B0022DA61084B29
:1085200000221A62064B00225A62054B00229A6210
:10853000034B18000CF008FDC046BD4680BDC04688
:10854000942800200050004080B500AF144B154A1D
:108550001A60134BE12212035A60114B00229A60F9
:108560000F4B0022DA600E4B00221A610C4B0C22DA
:108570005A610B4B00229A61094B0022DA61084BC9
:1085800000221A62064B00225A62054B00229A62B0
:10859000034B18000CF0D8FCC046BD4680BDC04659
:1085A00028290020003C0140B0B5A6B000AF78609B
:1085B00084243B19180014231A00002110F0ADFA8E
:1085C00038257B1918004C231A00002110F0A5FA59
:1085D0007B681B68D84A934200D087E07B19012250
:1085E0001A607B1902225A607B1918000BF0BCF844
:1085F000D24B1A6CD14B8021C9010A431A64CF4B6C
:108600001A6C8023DB0113407B637B6BCB4B5A6B73
:10861000CA4B01210A435A63C84B5B6B01221340CA
:108620003B633B6B3B1940221A603B1902225A60A4
:108630003B1900229A603B190022DA603B190022A4
:108640001A613B19BE4A190010000AF0DDF821003A
:108650007B1880221A607B1802225A607B18002245
:108660009A607B180022DA607B1800221A617B185E
:10867000B34A190010000AF0C7F8B24BB24A1A60A8
:10868000B04B32225A60AF4B00229A60AD4B0022B1
:10869000DA60AC4B80221A61AA4B00225A61A94BC6
:1086A00000229A61A74B2022DA61A64B00221A62AF
:1086B0007B681800F9F7B0FD03005A1EA34B920027
:1086C000A049D1509F4B180009F07AFB7B688021AC
:1086D0009C4A5A509B4B7A689A62002200211B20C8
:1086E00009F002F91B2009F014F9CFE27B681B683E
:1086F000974A934200D08BE038217B1802221A60FF
:108700007B1808229A607B1818000BF02DF88B4B11
:10871000DA6B8A4B802189020A43DA63874BDA6B72
:1087200080239B021340FB62FB6A844B5A6B834B92
:1087300001210A435A63814B5B6B01221340BB62E8
:10874000BB6A84243B1904221A603B1902225A6036
:108750003B1900229A603B190022DA603B19012282
:108760001A613A19A023DB05110018000AF04CF831
:1087700021007B1808221A607B1802225A607B189D
:1087800000229A607B180022DA607B1801221A61AD
:108790007A18A023DB05110018000AF035F86D4B9C
:1087A0006D4A1A606B4B34225A606A4B00229A6001
:1087B000684B0022DA60674B80221A61654B002209
:1087C0005A61644B00229A61624B2022DA61614B4C
:1087D00000221A627B681800F9F71EFD03005A1E7A
:1087E0005A4B92005B49D1505A4B180009F0E8FAF5
:1087F0007B688021574A5A50564B7A689A62002209
:1088000000211C2009F070F81C2009F082F83DE2DC
:108810007B681B68514A934200D0A5E038217B1841
:1088200004221A607B182022DA607B1818000AF0F4
:108830009BFF424BDA6B414B8021C9020A43DA634A
:108840003E4BDA6B8023DB0213407B627B6A3B4B3F
:108850005A6B3A4B02210A435A63384B5B6B022234
:1088600013403B623B6A84217B188022D2001A604D
:108870000C003B1902225A603B1900229A603B19F6
:108880000022DA603B1904221A613B192C4A1900B4
:10889000100009F0B9FF21007B18802212011A6034
:1088A0007B1802225A607B1800229A607B180022F3
:1088B000DA607B1804221A617B18214A1900100023
:1088C00009F0A2FF264B274A1A60254B36225A6030
:1088D000234B00229A60224B0022DA60204B802238
:1088E0001A611F4B00225A611D4B00229A611C4BDA
:1088F0002022DA611A4B00221A627B681800F9F70D
:108900008BFC03005A1E114B92001549D150144B99
:10891000180009F055FA7B688021114A5A50104B13
:108920007A689A62002200211D2008F0DDFF1D20D8
:1089300008F0EFFFAAE1C0460038014000100240F5
:10894000000400507431002008000240C82C0020B0
:1089500000440040D43100201C0002400048004088
:1089600034320020300002407B681B68C94A9342C1
:1089700000D080E0C84BDA6BC74B802109030A4363
:10898000DA63C54BDA6B80231B031340FB61FB6981
:10899000C14B5A6BC04B01210A435A63BE4B5B6B00
:1089A00001221340BB61BB6984243B1901221A6078
:1089B0003B1902225A603B1900229A603B1900229F
:1089C000DA603B1904221A613A19A023DB05110071
:1089D000180009F019FF21007B1802221A607B1889
:1089E00002225A607B1800229A607B180022DA600B
:1089F0007B1804221A617A18A023DB0511001800E5
:108A000009F002FFA54BA64A1A60A44B38225A600F
:108A1000A24B00229A60A14B0022DA609F4B802279
:108A20001A619E4B00225A619C4B00229A619B4B1B
:108A30002022DA61994B00221A627B681800F9F74C
:108A4000EBFB03005A1E974B92009449D150934B75
:108A5000180009F0B5F97B688021904A5A508F4B75
:108A60007A689A62002200211D2008F03DFF1D2037
:108A700008F04FFF0AE17B681B688B4A93427ED166
:108A8000854BDA6B844B802149000A43DA63824BC1
:108A9000DA6B80235B0013407B617B697E4B5A6BF2
:108AA0007D4B08210A435A637B4B5B6B08221340C2
:108AB0003B613B6984243B1908221A603B1902225E
:108AC0005A603B1900229A603B190022DA603B1978
:108AD00003221A613B19754A1900100009F094FE2F
:108AE00021007B1804221A607B1802225A607B182E
:108AF00000229A607B180022DA607B1803221A6138
:108B00007B186A4A1900100009F07EFE684B694A1A
:108B10001A60674B4A225A60654B00229A60644B88
:108B20000022DA60624B80221A61614B00225A6196
:108B30005F4B00229A615E4B2022DA615C4B00227F
:108B40001A627B681800F9F767FB03005A1E554B41
:108B500092005749D150564B180009F031F97B6803
:108B60008021534A5A50524B7A689A62002200215F
:108B70001D2008F0B9FE1D2008F0CBFE86E07B68C2
:108B80001B684D4A934200D080E0434BDA6B424B66
:108B9000802189000A43DA633F4BDA6B80239B0014
:108BA0001340FB60FB683C4B5A6B3B4B02210A4372
:108BB0005A63394B5B6B02221340BB60BB68842154
:108BC0007B18802252001A600C003B1902225A6066
:108BD0003B1900229A603B190022DA603B190822F7
:108BE0001A613B19354A1900100009F00DFE2100E9
:108BF0007B18802292001A607B1802225A607B1830
:108C000000229A607B180022DA607B1808221A6121
:108C10007B182A4A1900100009F0F6FD284B294A52
:108C20001A60274B4C225A60254B00229A60244B35
:108C30000022DA60224B80221A61214B00225A6105
:108C40001F4B00229A611E4B2022DA611C4B00222E
:108C50001A627B681800F9F7DFFA03005A1E114BFD
:108C600092001749D150164B180009F0A9F87B68FB
:108C70008021134A5A50124B7A689A6200220021CE
:108C80001D2008F031FE1D2008F043FEC046BD4601
:108C900026B0B0BD004C00400010024094320020CD
:108CA00044000240C82C002000500040000C00503E
:108CB000F432002058000240003C01400004005003
:108CC000543300206C000240B0B586B000AFB960EC
:108CD00011007B600F243B19021C1A700C23FB1837
:108CE0000A1C1A801723FB1801221A703B191B78E3
:108CF000180000F09FF8031E32D03B191A781C4B65
:108D00009200D3587A681100180004F0C7FA031EC5
:108D100026D113E00F23FB181B78180000F08AF807
:108D200005001723FC18B86A0C23FB181A88B968C9
:108D3000030028000CF0A6F9030023701722BB18CB
:108D40001B78002B03D0BB181B78032BE2D10F2319
:108D5000FB181A78064B9200D358180004F0E8FA72
:108D60001723FB181B781800BD4606B0B0BDC046DF
:108D70000C1C0020F0B587B000AFB96011007B601B
:108D80000F243B19021C1A700C257B190A1C1A802F
:108D90001726BB1901221A703B191B78180000F026
:108DA00049F8031E19D03B191A78114B9200D35879
:108DB0007A681100180004F071FA031E0DD13B19F6
:108DC0001B78180000F036F8BC197B191A88BB68AC
:108DD00019000CF0FBF903002370052007F062FD79
:108DE0001723FB181B781800BD4607B0F0BDC0461E
:108DF0000C1C002090B585B000AF02003960FB1D4F
:108E00001A700F243B1900221A70FB1D1B781800E2
:108E100000F010F80300BB60BB683A685A60BB689A
:108E200018000CF091F83B191B781800BD4605B0EE
:108E300090BD000080B582B000AF0200FB1D1A702B
:108E4000FB1D1B78062B10D89A000A4BD3181B6801
:108E50009F46094B0AE0094B08E0094B06E0094B25
:108E600004E0094B02E0094B00E000231800BD4676
:108E700002B080BD3417030800280020D826002047
:108E80006C27002094280020442600202829002058
:108E900080B582B000AF78600A00FB1C1A707B6856
:108EA000002B76D0FB1C1B78012B37D17B68180078
:108EB000F9F7B2F90300013B802212021A411100B6
:108EC000364B1B785A1E364B5200D35A1AB20BB28D
:108ED000134319B2314B1B785A1E89B2304B5200E2
:108EE000D1527B6808229A627B68802212029A63C0
:108EF0007B6818000CF028F87B681800F9F78CF9EB
:108F000003005A1E13005B009B189B01254A991809
:108F10007B68C02218000EF0B1F83AE0FB1C1B7809
:108F2000002B36D17B681800F9F776F90300013B76
:108F3000802212021A411300D943184B1B785A1E83
:108F4000174B5200D35A1BB20AB2134019B2134B3B
:108F50001B785A1E89B2124B5200D1527B680822EC
:108F60009A627B6800229A637B6818000BF0ECFF22
:108F70007B681800F9F750F903005A1E13005B00D4
:108F80009B189B01074A99187B68C02218000EF0B5
:108F900075F8C046BD4602B080BDC0467C130020B7
:108FA00048130020A016002080B582B000AFFB1D42
:108FB00000221A70BB1D01221A7035E0204B1B786D
:108FC000BA1D12789A4211D0BB1D1B7800221321C2
:108FD0001800F2F741F93220FFF778F9194B1B78A6
:108FE000002B1CD0FB1D02221A7018E07B1D0122F1
:108FF0001A7010E0124B1B78591E114B1B785A1E29
:10900000114B4900C95A104B5200D1527B1D1A789E
:109010007B1D01321A707B1D1B78062BEAD9BB1D04
:109020001A78BB1D01321A70084B1B78BA1D1278D2
:109030009A42C3D9FB1D1B781800BD4602B080BD03
:109040007C1300209D130020481300207C0000208A
:1090500080B586B000AF0200FB1D1A700F23FB180D
:1090600000221A701623FB1800221A8001233B618C
:1090700018E03B69DBB21800FFF7DCFE03009A6BD7
:1090800080231B029A420AD11622BB181B88BA18E9
:10909000591C11801A003B69D9B20C4B99543B6999
:1090A00001333B613B69062BE3DD1623FB181A886D
:1090B000FB1D1B7814211800F2F7CEF80F23FB18C4
:1090C0001B781800BD4606B080BDC046400C00208D
:1090D00080B582B000AFBB1D00221A70FB1D0122BB
:1090E0001A7029E0194B1B785A1E194B5200D35A9B
:1090F0001900FB1D1B78013B802212021A4113004C
:109100000B400AD1FB1D1B781800FFF793FE0300EC
:1091100000211800FFF7BCFE09E0FB1D1B781800BA
:10912000FFF788FE030001211800FFF7B1FEFB1DC9
:109130001A78FB1D01321A70FB1D1B78062BD1D942
:10914000BB1D1B781800BD4602B080BD7C130020FB
:10915000481300201748854600F012FC16481749AE
:10916000174A002302E0D458C4500433C4188C4278
:10917000F9D3144A144C002301E013600432A242D4
:10918000FBD312481249026800608A4205D000F001
:10919000F7FB0FF0AFFD0EF05BF80E480E490160D3
:1091A0000E480D4901600E4801688D464068004731
:1091B000FEE700000040022000000020C40900205B
:1091C0002C1F0308C8090020749D0120F03F0220D5
:1091D000EFBEADDE40100240010000000000014083
:1091E0000000FF1FFEE7000080B582B000AF1E4BFD
:1091F00001221A7001237B602BE07B68013B1B4A34
:109200009B00D318DA78202149420A43DA707B6840
:10921000013B164A9B00D318DA781F218A43DA7083
:109220007B68013B114A9B00D318023300221A705D
:109230007B68013B0D4A9B00D318013300221A7052
:109240007B685A1E094B92000021D1547B68013380
:109250007B607B68402BD0DD002000F02DFAC046FB
:10926000BD4602B080BDC046043400201035002049
:1092700080B584B000AF0200FB1D1A70FB1D1B7887
:109280000D2B2DD89A00194BD3181B689F4600232D
:10929000FB6026E0164BFB6023E0FF231B04FB6012
:1092A0001FE0FF23FB601CE0124BFB6019E0124B38
:1092B000FB6016E0114BFB6013E0FF231B02FB6019
:1092C0000FE00D4BFB600CE00D4BFB6009E00D4B1C
:1092D000FB6006E00C4BFB6003E00C4BFB6000E026
:1092E000C046FB681800BD4604B080BD581703088F
:1092F000FFFFFF0000FFFF00FFFF0000FF00FF0077
:1093000080008000E6D8AD0000A5FF0082004B0081
:10931000B0B582B000AF05000C0010001900FB1DB5
:109320002A1C1A70BB1D221C1A707B1D021C1A708D
:109330003B1D0A1C1A70FB1D1B78002B02D1FB1D64
:1093400001221A70FB1D1B78180000F02BFA031E77
:1093500044D11822BB181B78642B02D9BB18642295
:109360001A70FB1D1B78013B204A9B00D318DA784A
:10937000202149420A43DA70FB1D1B78581E18232E
:10938000FB181B781F221340DAB218498300CB1850
:109390001F210A401000DA781F218A43111C021C89
:1093A0000A43DA70FB1D1B78013B104A9B00D3185F
:1093B00002333A1D12781A70FB1D1B78013B0B4AD1
:1093C0009B00D31801337A1D12781A70FB1D1B788D
:1093D0005A1E064B9200B91D0978D154044B012244
:1093E0001A70C046BD4602B0B0BDC0461035002060
:1093F00004340020B0B586B002AF05000C001000A8
:109400001900FB1D2A1C1A70BB1D221C1A707B1D23
:10941000021C1A703B1D0A1C1A700123FB6010E02D
:10942000FB68D8B27B1D1C78BB1D1A78FB1D197810
:109430003B1D1B7800932300FFF76AFFFB68013395
:10944000FB60FB68402BEBDDC046C046BD4604B068
:10945000B0BD000090B585B000AF04000800110059
:10946000FB1D221C1A70BB1D021C1A707B1D0A1CDE
:109470001A700023FB60BB1D1B781800FFF7F8FE75
:109480000300FB60FB1D1B78002B02D1FB1D01229A
:109490001A70FB1D1B78180000F084F9031E49D1D7
:1094A0007B1D1B78642B02D97B1D64221A70FB1D67
:1094B0001B78013B214A9B00D318DA7820214942CE
:1094C0000A43DA70FB1D1B78013B7A1D12781F21BD
:1094D0000A40D2B219499B00CB181F210A40100044
:1094E000DA781F218A43111C021C0A43DA70FB1D23
:1094F0001B78013BFA68D1B2104A9B00D3180233A3
:109500000A1C1A70FB681A0AFB1D1B78013BD1B2BA
:109510000A4A9B00D31801330A1C1A70FB68190C05
:10952000FB1D1B785A1EC9B2044B9200D154044B48
:1095300001221A70C046BD4605B090BD103500200E
:109540000434002080B584B000AF0200FB1D1A7007
:10955000BB1D0A1C1A700123FB600BE0FB68D8B22C
:10956000BB1D1A78FB1D1B781900FFF773FFFB6802
:109570000133FB60FB68402BF0DDC046C046BD46B2
:1095800004B080BD80B582B000AF0200FB1D1A7030
:10959000FB1D1B78002B02D1FB1D01221A70FB1D45
:1095A0001B78180000F0FEF8031E09D1FB1D1B7884
:1095B000013B074A9B00D318DA781F218A43DA70EF
:1095C000044B01221A70C046BD4602B080BDC046A1
:1095D000103500200434002080B582B000AF012394
:1095E0007B6007E07B68DBB21800FFF7CBFF7B688E
:1095F00001337B607B68402BF4DDC046C046BD462E
:1096000002B080BD80B582B000AF0200FB1D1A70B1
:10961000BB1D0A1C1A70FB1D1B78002B02D1FB1D01
:1096200001221A70BB1D1B78642B02D9BB1D64225A
:109630001A70FB1D1B78180000F0B4F8031E14D13B
:10964000FB1D1B78013BBA1D12781F210A40D2B2C4
:1096500009499B00CB181F210A401000DA781F210E
:109660008A43111C021C0A43DA70044B01221A704F
:10967000C046BD4602B080BD103500200434002035
:1096800080B584B000AF0200FB1D1A700123FB609F
:109690000AE0FB68DAB2FB1D1B7819001000FFF727
:1096A000B1FFFB680133FB60FB68402BF1DDC04676
:1096B000C046BD4604B080BD80B586B000AF020094
:1096C000FB1D1A70334B1A78FB1D1B781343DBB25A
:1096D000002B57D000237B6107E02F4A7B69D3180A
:1096E00000221A707B6901337B617B69032BF4DDF7
:1096F00000233B610023FB602BE03B6904332749D7
:10970000FA6892008A1803321178234AD1543B69CF
:1097100005332249FA6892008A18023211781E4AEB
:10972000D1543B6906331D49FA6892008A18013208
:109730001178194AD1543B690733184AF9688900EE
:10974000895C154AD1543B6904333B61FB680133A2
:10975000FB60FB683F2BD0D90023BB6008E0BB68EF
:109760000533FF330C4AFF21D154BB680133BB6082
:10977000BB68032BF3DD84235A000749084B18000C
:10978000FEF7E0FC034B00221A70C046BD4606B04F
:1097900080BDC0460434002008340020103500206D
:1097A000682F002080B584B000AF0200FB1D1A7046
:1097B0000F217B1801221A70FB1D1B78402B02D849
:1097C0007B1800221A700F23FB181B781800BD4667
:1097D00004B080BDB0B584B000AF05000C0010002F
:1097E0001900FB1D2A1C1A70BB1D221C1A707B1D40
:1097F000021C1A70BB1C0A1C1A807B1D1A78FB1DE8
:109800001B7811001800FFF79DFE0120FFF754FFA1
:10981000BB1C1B88180003F007FD0123FB6001231C
:10982000BB600123FB6029E07B1D1A78FB1D1B78C0
:1098300011001800FFF786FE0120FFF73DFFFB68CF
:10984000BB600EE0BB68D8B27B1D1A78BB1D1B78CD
:109850001900FFF7FFFD0120FFF72EFFBB68013362
:10986000BB60FB680733BA689A42EBDDBB1C1B8800
:10987000180003F0D9FCFB680833FB60FB68402B41
:10988000D2DDC046C046BD4604B0B0BDB0B582B062
:1098900000AF05000C0010001900FB1D2A1C1A70F7
:1098A000BB1D221C1A707B1D021C1A70BB1C0A1CDB
:1098B0001A807B1D1A78FB1D1B7811001800FFF71A
:1098C00041FE0120FFF7F8FEBB1C1B88180003F0C7
:1098D000ABFCFFF781FE0120FFF7EEFE18243B19D9
:1098E0001B88180003F0A0FC7B1D1A78BB1D1B7899
:1098F00011001800FFF726FE0120FFF7DDFEBB1C5C
:109900001B88180003F090FCFFF766FE0120FFF7AC
:10991000D3FE3B191B88180003F086FCC046BD46E9
:1099200002B0B0BD90B585B000AF040008001100D2
:10993000FB1D221C1A703B1D021C1A80BB1D0A1C39
:109940001A700123FB6013E0FB68D8B2BB1D1A78C4
:10995000FB1D1B781900FFF77DFD0120FFF7ACFE12
:109960003B1D1B88180003F05FFCFB680133FB60A4
:10997000FB68402BE8DDC046C046BD4605B090BD43
:1099800080B500AFC046BD4680BD80B582B000AF97
:1099900078607B689B6801221A437B689A60C046A6
:1099A000BD4602B080BD80B582B000AF786039603E
:1099B0007B689B68182293431A003B681A437B68B4
:1099C0009A60C046BD4602B080BD80B582B000AF8F
:1099D000786039607B683A685A61C046BD4602B01B
:1099E00080BD80B582B000AF786039607B683A682E
:1099F0001A60C046BD4602B080BD80B584B000AFDD
:109A000078600A00BB1C1A807B68FB60FB68BA1C8C
:109A100012881A80C046BD4604B080BD80B582B0B1
:109A200000AF78607B681B689BB21800BD4602B02F
:109A300080BD000080B584B000AF7860074B996BA3
:109A4000064B7A680A439A63044B9B6B7A6813400F
:109A5000FB60FB68C046BD4604B080BD00100240FC
:109A6000B0B590B000AF0200FB1D1A701A23FB18AE
:109A700005221A700023FB630023BB6300237B6372
:109A800000233B630023FB620023BB6200237B6255
:109A900000233B620023FB61002200233A617B61CB
:109AA0001B23FB1800221A700E23FB1800221A80B9
:109AB00003F098FB031E02D00E2301F0FDFB03F020
:109AC00063FAC44B01221A70C34B1A68C0239B046B
:109AD00013400ED0C04B1A68C0239B041A40802349
:109AE0005B049A420BD1BD4B1A6880239B03134041
:109AF00005D1BB4B1B689B02BA4A134005E0B84B2B
:109B00001B689B025B08B84A1340F722D202190077
:109B10001000E6F7A5FB0B00DB0AFB636BE0FB6BB9
:109B20008022520294466344DC02AB4B1A68C02385
:109B30009B0413400ED0A84B1A68C0239B041A4004
:109B400080235B049A420BD1A44B1A6880239B03A9
:109B5000134005D1A24B1B689B02A24A134005E0AB
:109B60009F4B1B689B025B089F4A13401900F72319
:109B7000D802E6F7EFFA03001900974B1A68C023E2
:109B80009B0413400ED0944B1A68C0239B041A40C8
:109B900080235B049A420BD1904B1A6880239B036D
:109BA000134005D18E4B1B689B028E4A134005E083
:109BB0008B4B1B689B025B088B4A13404B43E3189B
:109BC000BB6300237B630EE0BA6B7B6BD218874BC1
:109BD0001A60BA6B7B6BD3181A685B683A617B6159
:109BE0007B6B08337B637A6B80231B019A42EBD338
:109BF000FB6B0133FB63784B1A68C0239B04134053
:109C00000ED0754B1A68C0239B041A4080235B0456
:109C10009A420BD1714B1A6880239B03134005D1E4
:109C20006F4B1B689B026F4A134005E06C4B1B682F
:109C30009B025B086C4A1340F722D2021900100005
:109C4000E6F70EFB0B00DB0A0833FA6B9A4200D2F0
:109C500065E7604B00221A705F4B1A68C0239B04B3
:109C600013400ED05C4B1A68C0239B041A4080231B
:109C70005B049A420BD1594B1A6880239B03134013
:109C800005D1574B1B689B02564A134005E0544BC5
:109C90001B689B025B08544A1340F722D20219004A
:109CA0001000E6F7DDFA0B00DB0AFB6377E0FB6BE5
:109CB0008022520294466344DC02474B1A68C02358
:109CC0009B0413400ED0444B1A68C0239B041A40D7
:109CD00080235B049A420BD1404B1A6880239B037C
:109CE000134005D13E4B1B689B023E4A134005E0E2
:109CF0003B4B1B689B025B083B4A13401900F72350
:109D0000D802E6F727FA03001900334B1A68C0237C
:109D10009B0413400ED0304B1A68C0239B041A409A
:109D200080235B049A420BD12C4B1A6880239B033F
:109D3000134005D12A4B1B689B022A4A134005E0B9
:109D4000274B1B689B025B08274A13404B43E318D1
:109D5000BB631A257C19BB6B180003F0C5F8030020
:109D600023707B191B78022B03D07B191B78012BE6
:109D700003D1FB6A0133FB620EE01A23FB181B7848
:109D8000032B09D1BB6A002B01D1FB6B3B62FB6B40
:109D90007B62BB6A0133BB62FB6B0133FB630E4B1F
:109DA0001A68C0239B0413400ED00B4B1A68C023C3
:109DB0009B041A4080235B049A4219D1074B1A680E
:109DC00080239B03134013D1054B1B689B02054A5C
:109DD000134013E0183600200075FF1F20200240BA
:109DE000E075FF1F00FC0F0000FE07001436002086
:109DF000BE4B1B689B025B08BD4A1340F722D20290
:109E000019001000E6F72CFA0B00DB0A0833FA6B96
:109E10009A4200D24BE7FB6A002B00D01AE1BB6AE2
:109E2000002B00D110E1B34B1A68C0239B041340F0
:109E30000ED0B04B1A68C0239B041A4080235B04E9
:109E40009A420BD1AC4B1A6880239B03134005D177
:109E5000A64B1B689B02A94A134005E0A34B1B6855
:109E60009B025B08A24A1340F722D202190010009D
:109E7000E6F7F6F90B00DB0A3A6AD31A0733072232
:109E800013401C009B4B1A68C0239B0413400ED048
:109E9000984B1A68C0239B041A4080235B049A42A3
:109EA0000BD1954B1A6880239B03134005D18F4B30
:109EB0001B689B02914A134005E08C4B1B689B0278
:109EC0005B088B4A1340F722D20219001000E6F714
:109ED000C7F90B00DB0AE318802252029446634460
:109EE000DC02844B1A68C0239B0413400ED0814BC4
:109EF0001A68C0239B041A4080235B049A420BD14A
:109F00007D4B1A6880239B03134005D1774B1B6858
:109F10009B027A4A134005E0744B1B689B025B0866
:109F2000734A13401900F723D802E6F713F9030028
:109F30001900704B1A68C0239B0413400ED06D4B60
:109F40001A68C0239B041A4080235B049A420BD1F9
:109F5000694B1A6880239B03134005D1634B1B6830
:109F60009B02664A134005E0604B1B689B025B083E
:109F70005F4A13404B43E318180002F0B5FF03009B
:109F8000042B67D15B4B1A68C0239B0413400ED08F
:109F9000584B1A68C0239B041A4080235B049A42E2
:109FA0000BD1554B1A6880239B03134005D14F4BAF
:109FB0001B689B02514A134005E04C4B1B689B02F7
:109FC0005B084B4A1340F722D20219001000E6F753
:109FD00047F90B00DB0A7A6AD31A013307221340D0
:109FE0001C00444B1A68C0239B0413400ED0414B05
:109FF0001A68C0239B041A4080235B049A420BD149
:10A000003D4B1A6880239B03134005D1374B1B68D7
:10A010009B023A4A134005E0344B1B689B025B08E5
:10A02000334A1340F722D20219001000E6F718F95C
:10A030000B00DB0AE3180121180002F0A3FD031E48
:10A0400008D0022301F038F9002001F043F90300A1
:10A0500001F032F9274B1A68C0239B0413400ED03D
:10A06000244B1A68C0239B041A4080235B049A4245
:10A070000BD1214B1A6880239B03134005D11B4B46
:10A080001B689B021D4A134005E0184B1B689B028E
:10A090005B08174A1340F722D20219001000E6F7B6
:10A0A000DFF80B00DB0AFB635AE2FB6B80225202F3
:10A0B00094466344DC020F4B1A68C0239B04134090
:10A0C0000ED00C4B1A68C0239B041A4080235B04FB
:10A0D0009A4215D1084B1A6880239B0313400FD175
:10A0E000024B1B689B02054A13400FE0E075FF1FFF
:10A0F00000FE07000075FF1F2020024000FC0F003B
:10A10000CD4B1B689B025B08CC4A13401900F72318
:10A11000D802E6F71FF803001900C94B1A68C023DC
:10A120009B0413400ED0C64B1A68C0239B041A40F0
:10A1300080235B049A420BD1C24B1A6880239B0395
:10A14000134005D1BC4B1B689B02BF4A134005E07E
:10A15000B94B1B689B025B08B84A13404B43E3189A
:10A16000BB631A257C19BB6B180002F0BDFE03000F
:10A1700023707B191B78012B00D0EEE1B04B1A68DD
:10A18000C0239B0413400ED0AD4B1A68C0239B0420
:10A190001A4080235B049A420BD1AA4B1A68802391
:10A1A0009B03134005D1A44B1B689B02A64A134096
:10A1B00005E0A14B1B689B025B08A04A1340F722F5
:10A1C000D20219001000E6F74BF80B00DB0AFA6B1D
:10A1D0009A4200D1E6E09A4B1A68C0239B041340D0
:10A1E0000ED0974B1A68C0239B041A4080235B044F
:10A1F0009A420BD1934B1A6880239B03134005D1DD
:10A200008D4B1B689B02904A134005E08A4B1B68EC
:10A210009B025B08894A1340F722D2021900100002
:10A22000E6F71EF80B00DB0A0433FA6B9A4200D102
:10A23000B8E0834B1A68C0239B0413400ED0804BB8
:10A240001A68C0239B041A4080235B049A420BD1F6
:10A250007C4B1A6880239B03134005D1764B1B6807
:10A260009B02794A134005E0734B1B689B025B0815
:10A27000724A1340F722D20219001000E5F7F0FFEE
:10A280000B00DB0AFA6BD31A0733072213401C00BA
:10A290006B4B1A68C0239B0413400ED0684B1A689E
:10A2A000C0239B041A4080235B049A420BD1654B68
:10A2B0001A6880239B03134005D15F4B1B689B02E8
:10A2C000614A134005E05C4B1B689B025B085B4ADC
:10A2D0001340F722D20219001000E5F7C1FF0B006E
:10A2E000DB0AE3188022520294466344DC02544B9A
:10A2F0001A68C0239B0413400ED0514B1A68C02328
:10A300009B041A4080235B049A420BD14D4B1A6880
:10A3100080239B03134005D1474B1B689B024A4A8D
:10A32000134005E0444B1B689B025B08434A134003
:10A330001900F723D802E5F70DFF03001900404B81
:10A340001A68C0239B0413400ED03D4B1A68C023EB
:10A350009B041A4080235B049A420BD1394B1A6844
:10A3600080239B03134005D1334B1B689B02364A65
:10A37000134005E0304B1B689B025B082F4A1340DB
:10A380004B43E318180002F0AFFD0300032B04D188
:10A390001B23FB1800221A70C5E01B23FB180122A7
:10A3A0001A70C0E0264B1A68C0239B0413400ED0DD
:10A3B000234B1A68C0239B041A4080235B049A42F3
:10A3C0000BD1204B1A6880239B03134005D11A4BF5
:10A3D0001B689B021C4A134005E0174B1B689B023D
:10A3E0005B08164A1340F722D20219001000E5F765
:10A3F00037FF0B00DB0AFA6BD31A01330722134035
:10A400001C000F4B1A68C0239B0413400ED00C4B4A
:10A410001A68C0239B041A4080235B049A4215D11A
:10A42000084B1A6880239B0313400FD1024B1B6813
:10A430009B02054A13400FE0E075FF1F00FE070076
:10A440000075FF1F2020024000FC0F00C54B1B6859
:10A450009B025B08C44A1340F722D2021900100085
:10A46000E5F7FEFE0B00DB0AE31880225202944659
:10A470006344DC02BD4B1A68C0239B0413400ED01A
:10A48000BA4B1A68C0239B041A4080235B049A428B
:10A490000BD1B74B1A6880239B03134005D1B14BF6
:10A4A0001B689B02B34A134005E0AE4B1B689B023E
:10A4B0005B08AD4A13401900F723D802E5F74AFEBE
:10A4C00003001900A94B1A68C0239B0413400ED047
:10A4D000A64B1A68C0239B041A4080235B049A424F
:10A4E0000BD1A34B1A6880239B03134005D19D4BCE
:10A4F0001B689B029F4A134005E09A4B1B689B0216
:10A500005B08994A13404B43E318180002F0ECFC37
:10A51000031E04D11B23FB1800221A7003E01B2327
:10A52000FB1801221A701B23FB181B78002B14D177
:10A53000FB6BDAB2904B1A7001220021002001F06F
:10A54000D5FD03001A0080235B009A4202D00C2341
:10A5500000F0B2FE0123FB6130E0FB6B0133FB63D3
:10A56000824B1A68C0239B0413400ED07F4B1A689D
:10A57000C0239B041A4080235B049A420BD17C4B7E
:10A580001A6880239B03134005D1764B1B689B02FE
:10A59000784A134005E0734B1B689B025B08724AC4
:10A5A0001340F722D20219001000E5F759FE0B0004
:10A5B000DB0A0833FA6B9A4200D276E500233B634C
:10A5C0006A4B1A68C0239B0413400ED0674B1A686D
:10A5D000C0239B041A4080235B049A420BD1644B36
:10A5E0001A6880239B03134005D15E4B1B689B02B6
:10A5F000604A134005E05B4B1B689B025B085A4AAC
:10A600001340F722D20219001000E5F729FE0B00D3
:10A61000DB0AFB635EE2FB6B8022520294466344DA
:10A62000DC02524B1A68C0239B0413400ED04F4BE0
:10A630001A68C0239B041A4080235B049A420BD102
:10A640004B4B1A6880239B03134005D1454B1B6875
:10A650009B02484A134005E0424B1B689B025B0883
:10A66000414A13401900F723D802E5F773FD0300B0
:10A6700019003E4B1A68C0239B0413400ED03B4B7D
:10A680001A68C0239B041A4080235B049A420BD1B2
:10A69000374B1A6880239B03134005D1314B1B684D
:10A6A0009B02344A134005E02E4B1B689B025B085B
:10A6B0002D4A13404B43E318BB631A257C19BB6B2F
:10A6C000180002F011FC030023707B191B78022B89
:10A6D00000D0F5E1254B1A68C0239B0413400ED02F
:10A6E000224B1A68C0239B041A4080235B049A42C1
:10A6F0000BD11F4B1A6880239B03134005D1194BC4
:10A700001B689B021B4A134005E0164B1B689B020B
:10A710005B08154A1340F722D20219001000E5F732
:10A720009FFD0B00DB0AFA6B9A4200D1F2E00F4B5F
:10A730001A68C0239B0413400ED00C4B1A68C02328
:10A740009B041A4080235B049A4217D1084B1A6875
:10A7500080239B03134011D1024B1B689B02054AC7
:10A76000134011E0E075FF1F00FE07000075FF1F9A
:10A770002020024000FC0F0012360020CA4B1B684C
:10A780009B025B08C94A1340F722D202190010004D
:10A79000E5F766FD0B00DB0A0433FA6B9A4200D141
:10A7A000B8E0C34B1A68C0239B0413400ED0C04BC3
:10A7B0001A68C0239B041A4080235B049A420BD181
:10A7C000BC4B1A6880239B03134005D1B64B1B6812
:10A7D0009B02B94A134005E0B34B1B689B025B0820
:10A7E000B24A1340F722D20219001000E5F738FDF3
:10A7F0000B00DB0AFA6BD31A0733072213401C0045
:10A80000AB4B1A68C0239B0413400ED0A84B1A68A8
:10A81000C0239B041A4080235B049A420BD1A54BB2
:10A820001A6880239B03134005D19F4B1B689B0232
:10A83000A14A134005E09C4B1B689B025B089B4AA6
:10A840001340F722D20219001000E5F709FD0B00B2
:10A85000DB0AE3188022520294466344DC02944BE4
:10A860001A68C0239B0413400ED0914B1A68C02372
:10A870009B041A4080235B049A420BD18D4B1A68CB
:10A8800080239B03134005D1874B1B689B028A4A98
:10A89000134005E0844B1B689B025B08834A13400E
:10A8A0001900F723D802E5F755FC03001900804B87
:10A8B0001A68C0239B0413400ED07D4B1A68C02336
:10A8C0009B041A4080235B049A420BD1794B1A688F
:10A8D00080239B03134005D1734B1B689B02764A70
:10A8E000134005E0704B1B689B025B086F4A1340E6
:10A8F0004B43E318180002F0F7FA0300032B04D1CE
:10A900001B23FB1800221A70BBE01B23FB1801223B
:10A910001A70B6E0664B1A68C0239B0413400ED031
:10A92000634B1A68C0239B041A4080235B049A423D
:10A930000BD1604B1A6880239B03134005D15A4BFF
:10A940001B689B025C4A134005E0574B1B689B0247
:10A950005B08564A1340F722D20219001000E5F7AF
:10A960007FFC0B00DB0AFA6BD31A0133072213407A
:10A970001C004F4B1A68C0239B0413400ED04C4B55
:10A980001A68C0239B041A4080235B049A420BD1AF
:10A99000484B1A6880239B03134005D1424B1B6828
:10A9A0009B02454A134005E03F4B1B689B025B0836
:10A9B0003E4A1340F722D20219001000E5F750FC7E
:10A9C0000B00DB0AE3188022520294466344DC0247
:10A9D000374B1A68C0239B0413400ED0344B1A68BF
:10A9E000C0239B041A4080235B049A420BD1314B55
:10A9F0001A6880239B03134005D12B4B1B689B02D5
:10AA00002D4A134005E0284B1B689B025B08274A30
:10AA100013401900F723D802E5F79CFB0300190047
:10AA2000234B1A68C0239B0413400ED0204B1A6896
:10AA3000C0239B041A4080235B049A420BD11D4B18
:10AA40001A6880239B03134005D1174B1B689B0298
:10AA5000194A134005E0144B1B689B025B08134A1C
:10AA600013404B43E318180002F03EFA031E04D1D2
:10AA70001B23FB1800221A7003E01B23FB18012282
:10AA80001A701B23FB181B78002B20D13B6B002B6B
:10AA900007D1FB6BDAB2094B1A703B6B01333B6396
:10AAA00015E00A2300F008FCE075FF1F00FE070018
:10AAB0000075FF1F2020024000FC0F00123600200E
:10AAC0001A23FB181B78032B01D1FB6B7B62FB6BFA
:10AAD0000133FB63CD4B1A68C0239B0413400ED097
:10AAE000CA4B1A68C0239B041A4080235B049A4215
:10AAF0000BD1C74B1A6880239B03134005D1C54B6C
:10AB00001B689B02C44A134005E0C24B1B689B02B2
:10AB10005B08C24A1340F722D20219001000E5F781
:10AB20009FFB0B00DB0A0833FA6B9A4200D272E5F6
:10AB30003B6B002B00D06BE07B6ADCB2B34B1A6836
:10AB4000C0239B0413400ED0B04B1A68C0239B0453
:10AB50001A4080235B049A420BD1AD4B1A688023C4
:10AB60009B03134005D1AB4B1B689B02AA4A1340C1
:10AB700005E0A84B1B689B025B08A84A1340F7221C
:10AB8000D20219001000E5F76BFB0B00DB0ADBB209
:10AB9000E31ADBB20133DBB207221340DCB29B4B7A
:10ABA0001A68C0239B0413400ED0984B1A68C02328
:10ABB0009B041A4080235B049A420BD1944B1A6881
:10ABC00080239B03134005D1924B1B689B02924A42
:10ABD000134005E08F4B1B689B025B088F4A1340B4
:10ABE000F722D20219001000E5F73AFB0B00DB0A4E
:10ABF000DBB2E318DAB28A4B1A70894B1B78022158
:10AC0000180001F0BFFF031E02D0022300F054FB26
:10AC1000844B00221A80844B20221A6020237B63FD
:10AC20006DE07F4B1B788022520294466344DC0225
:10AC3000764B1A68C0239B0413400ED0734B1A68DE
:10AC4000C0239B041A4080235B049A420BD1704BB3
:10AC50001A6880239B03134005D16E4B1B689B022F
:10AC60006D4A134005E06B4B1B689B025B086B4A07
:10AC700013401900F723D802E5F76CFA0300190016
:10AC8000624B1A68C0239B0413400ED05F4B1A68B6
:10AC9000C0239B041A4080235B049A420BD15C4B77
:10ACA0001A6880239B03134005D15A4B1B689B02F3
:10ACB000594A134005E0574B1B689B025B08574AF3
:10ACC00013404B43E2187B6BD3181A685B683A61F8
:10ACD0007B613B69013303D17B69013300D113E010
:10ACE000504B1B8801339AB24E4B1A804E4B1B6857
:10ACF00008331A004C4B1A607B6B08337B637A6B0A
:10AD000080231B019A428CD3454B1B78FB63444B39
:10AD10001B783B62D0E03D4B1A68C0239B04134074
:10AD20000ED03A4B1A68C0239B041A4080235B0460
:10AD30009A420BD1364B1A6880239B03134005D1EE
:10AD4000344B1B689B02344A134005E0314B1B68AF
:10AD50009B025B08314A1340F722D202190010000F
:10AD6000E5F77EFA0B00DB0AFA6BD31A07330722EA
:10AD700013401C00254B1A68C0239B0413400ED0BF
:10AD8000224B1A68C0239B041A4080235B049A421A
:10AD90000BD11F4B1A6880239B03134005D11D4B19
:10ADA0001B689B021C4A134005E01A4B1B689B0260
:10ADB0005B081A4A1340F722D20219001000E5F787
:10ADC0004FFA0B00DB0AE318FB63FB6B8022520295
:10ADD00094466344DC020D4B1A68C0239B04134065
:10ADE0000ED00A4B1A68C0239B041A4080235B04D0
:10ADF0009A421BD1064B1A6880239B03134015D13E
:10AE0000044B1B689B02044A134015E00075FF1FAA
:10AE100020200240E075FF1F00FC0F0000FE07002D
:10AE2000123600201036002070020020C44B1B6830
:10AE30009B025B08C34A13401900F723D802E5F7C9
:10AE400089F903001900C04B1A68C0239B04134002
:10AE50000ED0BD4B1A68C0239B041A4080235B04AC
:10AE60009A420BD1B94B1A6880239B03134005D13A
:10AE7000B34B1B689B02B64A134005E0B04B1B68FE
:10AE80009B025B08AF4A13404B43E3181A257C1919
:10AE9000180002F029F8030023707B191B78032B9C
:10AEA00008D1AC4B1B88FC339AB2AA4B1A80FB6BBF
:10AEB0003B6201E00A23FFE1A34B1A68C0239B0415
:10AEC00013400ED0A04B1A68C0239B041A40802365
:10AED0005B049A420BD19D4B1A6880239B0313405D
:10AEE00005D1974B1B689B02994A134005E0944B90
:10AEF0001B689B025B08934A1340F722D202190099
:10AF00001000E5F7ADF90B00DB0AFA6B9A422DD081
:10AF10008D4B1A68C0239B0413400ED08A4B1A68CD
:10AF2000C0239B041A4080235B049A420BD1874BB9
:10AF30001A6880239B03134005D1814B1B689B0239
:10AF4000834A134005E07E4B1B689B025B087D4AE9
:10AF50001340F722D20219001000E5F781F90B0027
:10AF6000DB0A0433FA6B9A4200D0D4E67A4B1B78A2
:10AF70001C00754B1A68C0239B0413400ED0724B03
:10AF80001A68C0239B041A4080235B049A420BD1A9
:10AF90006E4B1A6880239B03134005D1684B1B68D6
:10AFA0009B026B4A134005E0654B1B689B025B08E4
:10AFB000644A1340F722D20219001000E5F750F955
:10AFC0000B00DB0AE31A0133072213401C005E4B1F
:10AFD0001A68C0239B0413400ED05B4B1A68C02331
:10AFE0009B041A4080235B049A420BD1574B1A688A
:10AFF00080239B03134005D1514B1B689B02544A8D
:10B00000134005E04E4B1B689B025B084D4A134002
:10B01000F722D20219001000E5F722F90B00DB0A33
:10B02000E318FB63FB6B8022520294466344DC020C
:10B03000454B1A68C0239B0413400ED0424B1A683C
:10B04000C0239B041A4080235B049A420BD13F4BE0
:10B050001A6880239B03134005D1394B1B689B0260
:10B060003B4A134005E0364B1B689B025B08354AA0
:10B0700013401900F723D802E5F76CF80300190014
:10B08000314B1A68C0239B0413400ED02E4B1A6814
:10B09000C0239B041A4080235B049A420BD12B4BA4
:10B0A0001A6880239B03134005D1254B1B689B0224
:10B0B000274A134005E0224B1B689B025B08214A8C
:10B0C00013404B43E318BB63D9E0FB1D1B78002BF7
:10B0D00008D1FB6B0121180001F0A6FF031E14D05C
:10B0E0000123E9E080231A01BB6B1100180000F076
:10B0F000B4FD0300102B08D1FB6B0121180001F0F7
:10B1000093FF031E01D00123D6E00F4B1A68C02322
:10B110009B0413400ED00C4B1A68C0239B041A40AA
:10B1200080235B049A4219D1084B1A6880239B0341
:10B13000134013D1024B1B689B02054A134013E0D6
:10B14000E075FF1F00FE07000075FF1F2020024072
:10B1500000FC0F001036002012360020584B1B68F0
:10B160009B025B08574A1340F722D20219001000D5
:10B17000E5F776F80B00DB0AFA6BD31A01330722E6
:10B1800013401C00504B1A68C0239B0413400ED080
:10B190004D4B1A68C0239B041A4080235B049A42DB
:10B1A0000BD14A4B1A6880239B03134005D1444BB3
:10B1B0001B689B02464A134005E0414B1B689B02FB
:10B1C0005B08404A1340F722D20219001000E5F74D
:10B1D00047F80B00DB0AE318FB63FB6B802252028B
:10B1E00094466344DC02384B1A68C0239B04134026
:10B1F0000ED0354B1A68C0239B041A4080235B0491
:10B200009A420BD1314B1A6880239B03134005D11E
:10B210002B4B1B689B022E4A134005E0284B1B68F2
:10B220009B025B08274A13401900F723D802E4F772
:10B2300091FF03001900244B1A68C0239B0413409C
:10B240000ED0214B1A68C0239B041A4080235B0454
:10B250009A420BD11D4B1A6880239B03134005D1E2
:10B26000174B1B689B021A4A134005E0144B1B68DE
:10B270009B025B08134A13404B43E318BB63FA6B12
:10B280003B6A9A4200D020E701F05EFFFB69002B89
:10B2900011D10E257C190021002001F09DFB030037
:10B2A00023807B191B88002B05D07B191B88122B50
:10B2B00001D0022300E000231800BD4610B0B0BD4D
:10B2C000E075FF1F00FE07000075FF1F20200240F1
:10B2D00000FC0F0090B585B000AF0200FB1D1A7096
:10B2E0000023FB6001F07EFF031E01D00E2331E13D
:10B2F0009A4B1A68C0239B0413400ED0974B1A68D0
:10B30000C0239B041A4080235B049A420BD1944BC8
:10B310001A6880239B03134005D1924B1B689B0244
:10B32000914A134005E08F4B1B689B025B088F4AD4
:10B330001340F722D20219001000E4F791FF0B002E
:10B34000DB0AFB6072E0FB1D1B78002B08D1FB6859
:10B350000121180001F068FE031E64D00123F9E00A
:10B36000FB688022520294466344DC027B4B1A68DD
:10B37000C0239B0413400ED0784B1A68C0239B0453
:10B380001A4080235B049A420BD1754B1A688023C4
:10B390009B03134005D1734B1B689B02724A1340F9
:10B3A00005E0704B1B689B025B08704A1340190054
:10B3B000F723D802E4F7CEFE03001900674B1A68A2
:10B3C000C0239B0413400ED0644B1A68C0239B0417
:10B3D0001A4080235B049A420BD1614B1A68802388
:10B3E0009B03134005D15F4B1B689B025E4A1340D1
:10B3F00005E05C4B1B689B025B085C4A13404B43B7
:10B40000E318802212011100180000F026FC03004E
:10B41000102B08D1FB680121180001F005FE031E66
:10B4200001D0012396E0FB680133FB604B4B1A68A7
:10B43000C0239B0413400ED0484B1A68C0239B04C2
:10B440001A4080235B049A420BD1454B1A68802333
:10B450009B03134005D1434B1B689B02424A134098
:10B4600005E0404B1B689B025B08404A1340F722F3
:10B47000D20219001000E4F7F3FE0B00DB0A0833D8
:10B48000FA689A4200D25EE701F05EFE334B1A681A
:10B49000C0239B0413400ED0304B1A68C0239B047A
:10B4A0001A4080235B049A420BD12D4B1A688023EB
:10B4B0009B03134005D12B4B1B689B022A4A134068
:10B4C00005E0284B1B689B025B08284A1340F722C3
:10B4D000D20219001000E4F7C3FE0B00DB0A0221C0
:10B4E000180001F04FFB031E01D0022332E0204B75
:10B4F00000221A80194B1A68C0239B0413400ED0F7
:10B50000164B1A68C0239B041A4080235B049A429E
:10B510000BD1134B1A6880239B03134005D1114BA9
:10B520001B689B02104A134005E00E4B1B689B02F0
:10B530005B080E4A1340F722D20219001000E4F70C
:10B540008FFE0B00DB0ADAB20A4B1A700A4B20227C
:10B550001A6000231800BD4605B090BD0075FF1F9E
:10B5600020200240E075FF1F00FC0F0000FE0700D6
:10B57000103600201236002070020020B0B584B0D2
:10B5800000AF02003960BB1D1A80BB1D1B88002B59
:10B590001CD0BB1D1B88104A934217D00023BB60F0
:10B5A0000E257B1900221A807C190823FA18BB1D6E
:10B5B0001B881100180000F087F903002380BB6886
:10B5C0009AB23B681A807B191B8800E00823180098
:10B5D000BD4604B0B0BDC046FFFF000080B582B0DC
:10B5E00000AF0200BB1D1A803B1D0A1C1A80BB1D48
:10B5F0001B88002B0ED0BB1D1B88094A934209D023
:10B600003B1D1A88BB1D1B881100180000F0FCFAB6
:10B61000030000E008231800BD4602B080BDC0460C
:10B62000FFFF000090B587B000AF00237B610023CF
:10B630003B610023FB600023BB60FB1D05221A70E9
:10B64000BB1D05221A709B4B1A68C0239B04134034
:10B650000ED0984B1A68C0239B041A4080235B04C9
:10B660009A420BD1944B1A6880239B03134005D157
:10B67000924B1B689B02924A134005E08F4B1B685C
:10B680009B025B088F4A1340F722D2021900100078
:10B69000E4F7E6FD0B00DB0A7B61D8E07B698022E2
:10B6A000520294466344DC02824B1A68C0239B0416
:10B6B00013400ED07F4B1A68C0239B041A4080238E
:10B6C0005B049A420BD17C4B1A6880239B03134086
:10B6D00005D17A4B1B689B02794A134005E0774BF2
:10B6E0001B689B025B08774A13401900F723D802B6
:10B6F000E4F730FD030019006E4B1A68C0239B0469
:10B7000013400ED06B4B1A68C0239B041A40802351
:10B710005B049A420BD1684B1A6880239B03134049
:10B7200005D1664B1B689B02654A134005E0634BDD
:10B730001B689B025B08634A13404B43E318FB60A2
:10B74000FC1DFB68180001F0CFFB03002370FB1DFC
:10B750001B78042B00D077E07B6901333B6161E00B
:10B760003B698022520294466344DC02514B1A68C2
:10B77000C0239B0413400ED04E4B1A68C0239B0479
:10B780001A4080235B049A420BD14B4B1A688023EA
:10B790009B03134005D1494B1B689B02484A134049
:10B7A00005E0464B1B689B025B08464A13401900A4
:10B7B000F723D802E4F7CEFC030019003D4B1A68CA
:10B7C000C0239B0413400ED03A4B1A68C0239B043D
:10B7D0001A4080235B049A420BD1374B1A688023AE
:10B7E0009B03134005D1354B1B689B02344A134021
:10B7F00005E0324B1B689B025B08324A13404B4307
:10B80000E318BB60BC1DBB68180001F06DFB0300B2
:10B810002370BB1D1B78042B01D0052346E03B6938
:10B8200001333B617B6904333A699A4298D37B695F
:10B830000421180001F0F8FB031E01D0012335E0BC
:10B8400001F082FC002331E07B6904337B61194BFA
:10B850001A68C0239B0413400ED0164B1A68C023ED
:10B860009B041A4080235B049A420BD1124B1A6846
:10B8700080239B03134005D1104B1B689B02104A89
:10B88000134005E00D4B1B689B025B080D4A1340FB
:10B89000F722D20219001000E4F7E2FC0B00DB0AE9
:10B8A00008337A699A4200D2F8E605231800BD46AB
:10B8B00007B090BD0075FF1F20200240E075FF1FFC
:10B8C00000FC0F0000FE0700F0B58FB000AF0200D3
:10B8D00039611623FB181A80002200233A627B622A
:10B8E00000237B6300233B630023FB620023FB6197
:10B8F0001B2310229B18DB1905221A70002000F070
:10B90000D3F903007B637B6B013301D103236CE12B
:10B910007B6B8022520294466344DE02B54B1A6868
:10B92000C0239B0413400ED0B24B1A68C0239B0463
:10B930001A4080235B049A420BD1AF4B1A688023D4
:10B940009B03134005D1AD4B1B689B02AC4A1340CF
:10B9500005E0AA4B1B689B025B08AA4A134019002A
:10B96000F723D802E4F7F6FB03001900A14B1A688D
:10B97000C0239B0413400ED09E4B1A68C0239B0427
:10B980001A4080235B049A420BD19B4B1A68802398
:10B990009B03134005D1994B1B689B02984A1340A7
:10B9A00005E0964B1B689B025B08964A13404B438D
:10B9B000F3183B631B2310229B18DE193B6B180006
:10B9C00001F092FA03003370FAE0FF23DB00FB6220
:10B9D0003DE03A6BFB6AD3181A685B683A627B6297
:10B9E0003B6A013302D17B6A01332DD03A6A7B6A0C
:10B9F000131C9BB21622BA1812889A4224D17B6A71
:10BA00001B00BB600023FB60B8683A6A7B6A131CAA
:10BA10009BB2190001F0D2FA0300FB617B6A1B04A0
:10BA20003A6A140C1C437B6A1D0CA3B21A00FB6912
:10BA3000934209D17B6A1B003B6000237B603A681C
:10BA40003B691A600023D0E0FB6A083BFB62FB6A9B
:10BA50001F2BBED8674B1A68C0239B0413400ED01F
:10BA6000644B1A68C0239B041A4080235B049A42EB
:10BA70000BD1614B1A6880239B03134005D15F4BA8
:10BA80001B689B025E4A134005E05C4B1B689B02EF
:10BA90005B085C4A1340F722D20219001000E4F759
:10BAA000DFFB0B00DB0A7A6BD31A07330722134044
:10BAB0001E00504B1A68C0239B0413400ED04D4B00
:10BAC0001A68C0239B041A4080235B049A420BD15E
:10BAD000494B1A6880239B03134005D1474B1B68D1
:10BAE0009B02474A134005E0444B1B689B025B08DE
:10BAF000444A1340F722D20219001000E4F7B0FBC9
:10BB00000B00DB0AF3187B637B6B802252029446A6
:10BB10006344DE02374B1A68C0239B0413400ED0E7
:10BB2000344B1A68C0239B041A4080235B049A425A
:10BB30000BD1314B1A6880239B03134005D12F4B47
:10BB40001B689B022E4A134005E02C4B1B689B028E
:10BB50005B082C4A13401900F723D802E4F7FAFADD
:10BB600003001900234B1A68C0239B0413400ED016
:10BB7000204B1A68C0239B041A4080235B049A421E
:10BB80000BD11D4B1A6880239B03134005D11B4B1F
:10BB90001B689B021A4A134005E0184B1B689B0266
:10BBA0005B08184A13404B43F3183B631B231022D6
:10BBB0009B18DE193B6B180001F096F903003370F7
:10BBC0001B2210215318DB191B78022B00D1FCE635
:10BBD0005318DB191B78032B00D1F6E65318DB1939
:10BBE0001B78042B00D1F0E607231800BD460FB0E8
:10BBF000F0BDC0460075FF1F20200240E075FF1F0A
:10BC000000FC0F0000FE0700B0B584B000AF0200DA
:10BC10003960BB1D1A800E257B1900221A807C1901
:10BC20003A68BB1D1B881100180000F0D5FE030008
:10BC300023807B191B88122B08D13968BB1D1B88F8
:10BC40000022180000F052FA030002E00E23FB1855
:10BC50001B881800BD4604B0B0BD80B584B000AFED
:10BC6000786039600E23FB1811221A800023BB6014
:10BC70000FE07A68BB68D3181A685B68511C01D161
:10BC8000013303D00E23FB1810221A80BB6808333F
:10BC9000BB60BA683B689A42EBD30E23FB181B8843
:10BCA0001800BD4604B080BD90B587B000AF02005B
:10BCB000FB1D1A701723FB1805221A701623FB1898
:10BCC00005221A7000233B610023FB600023BB6048
:10BCD000CB4B1B783B613B69802252029446634404
:10BCE000DC02C84B1A68C0239B0413400ED0C54B1E
:10BCF0001A68C0239B041A4080235B049A420BD12C
:10BD0000C14B1A6880239B03134005D1BF4B1B68AE
:10BD10009B02BF4A134005E0BC4B1B689B025B08BB
:10BD2000BC4A13401900F723D802E4F713FA0300C2
:10BD30001900B44B1A68C0239B0413400ED0B14BBA
:10BD40001A68C0239B041A4080235B049A420BD1DB
:10BD5000AD4B1A6880239B03134005D1AB4B1B6886
:10BD60009B02AB4A134005E0A84B1B689B025B0893
:10BD7000A84A13404B43E3181722BC18180001F0DF
:10BD8000B3F8030023709F4B1A68C0239B04134031
:10BD90000ED09C4B1A68C0239B041A4080235B047E
:10BDA0009A420BD1984B1A6880239B03134005D10C
:10BDB000964B1B689B02964A134005E0934B1B6809
:10BDC0009B025B08934A1340F722D202190010002D
:10BDD000E4F746FA0B00DB0A3A69D31A013307226B
:10BDE00013401C00874B1A68C0239B0413400ED0DD
:10BDF000844B1A68C0239B041A4080235B049A4238
:10BE00000BD1814B1A6880239B03134005D17F4BD4
:10BE10001B689B027E4A134005E07C4B1B689B021B
:10BE20005B087C4A1340F722D20219001000E4F7A5
:10BE300017FA0B00DB0AE318FB60FB688022520252
:10BE400094466344DC026F4B1A68C0239B04134082
:10BE50000ED06C4B1A68C0239B041A4080235B04ED
:10BE60009A420BD1684B1A6880239B03134005D17B
:10BE7000664B1B689B02664A134005E0634B1B68D8
:10BE80009B025B08634A13401900F723D802E4F7CA
:10BE900061F9030019005B4B1A68C0239B0413402F
:10BEA0000ED0584B1A68C0239B041A4080235B04B1
:10BEB0009A420BD1544B1A6880239B03134005D13F
:10BEC000524B1B689B02524A134005E04F4B1B68C4
:10BED0009B025B084F4A13404B43E3181622BC18E1
:10BEE000180001F001F803002370464B1A68C023C4
:10BEF0009B0413400ED0434B1A68C0239B041A4086
:10BF000080235B049A420BD13F4B1A6880239B032A
:10BF1000134005D13D4B1B689B023D4A134005E091
:10BF20003A4B1B689B025B083A4A1340F722D20245
:10BF300019001000E4F794F90B00DB0A3A69D31AF0
:10BF40000733072213401C002E4B1A68C0239B04A2
:10BF500013400ED02B4B1A68C0239B041A40802339
:10BF60005B049A420BD1284B1A6880239B03134031
:10BF700005D1264B1B689B02254A134005E0234B45
:10BF80001B689B025B08234A1340F722D202190068
:10BF90001000E4F765F90B00DB0AE318BB60FB1D3A
:10BFA0001B78022B00D18EE000DD96E0002B00D143
:10BFB00078E0012B00D090E01723FB181B78022BB0
:10BFC0003BD1154B1A6880231B019A4201D23B6971
:10BFD00085E01623FB181B78042B06D1FFF722FB04
:10BFE000031E02D001235B4279E03B690321180064
:10BFF00000F0C8FD031E11D001235B426FE0C04674
:10C00000123600200075FF1F20200240E075FF1F40
:10C0100000FC0F0000FE070070020020FB680221F8
:10C02000180000F0AFFD031E02D001235B4256E072
:10C030002D4B20221A60FB6851E01723FB181B7858
:10C04000012B2CD1284B1A6880231B019A4201D264
:10C050003B6944E01623FB181B78042B06D1FFF73D
:10C06000E1FA031E02D001235B4238E03B69032161
:10C07000180000F087FD031E02D001235B422EE072
:10C08000FB680121180000F07DFD031E02D0012392
:10C090005B4224E0144B20221A60FB681FE001235E
:10C0A0005B421CE01723FB181B78022B01D13B6974
:10C0B00015E01723FB181B78012B01D1BB680EE09C
:10C0C00001235B420BE01623FB181B78002B01D1E8
:10C0D000FB6804E001235B4201E001235B4218009E
:10C0E000BD4607B090BDC04670020020B0B58AB012
:10C0F00000AF39601100BB1D021C1A807B1D0A1C99
:10C100001A702723FB1805221A700023BB61002335
:10C110003B620023FB61002200233A617B610E2316
:10C12000FB1800221A800023BB607B1D1B78002BAC
:10C1300001D1022300E001231800FFF7B5FD030041
:10C140003B623B6A013302D1042300F032FCCC4B4A
:10C1500000221A803B6ADAB2CA4B1A70CA4B2022FC
:10C160001A607B1D1B78002B09D13B6A0121180046
:10C1700000F008FD031E02D0022300F01AFCC34B9E
:10C180001A68C0239B0413400ED0C04B1A68C0230A
:10C190009B041A4080235B049A420BD1BC4B1A6863
:10C1A00080239B03134005D1BA4B1B689B02BA4AFC
:10C1B000134005E0B74B1B689B025B08B74A13406E
:10C1C000F722D20219001000E4F74AF80B00DB0A4C
:10C1D0003A6AD31A0733072213401C00AB4B1A6884
:10C1E000C0239B0413400ED0A84B1A68C0239B04A5
:10C1F0001A4080235B049A420BD1A54B1A68802316
:10C200009B03134005D1A34B1B689B02A24A13401A
:10C2100005E0A04B1B689B025B08A04A1340F72275
:10C22000D20219001000E4F71BF80B00DB0AE31838
:10C230003B623B6A8022520294466344DC02934B89
:10C240001A68C0239B0413400ED0904B1A68C02379
:10C250009B041A4080235B049A420BD18C4B1A68D2
:10C2600080239B03134005D18A4B1B689B028A4A9B
:10C27000134005E0874B1B689B025B08874A13400D
:10C280001900F723D802E3F765FF030019007F4B7D
:10C290001A68C0239B0413400ED07C4B1A68C0233D
:10C2A0009B041A4080235B049A420BD1784B1A6896
:10C2B00080239B03134005D1764B1B689B02764A73
:10C2C000134005E0734B1B689B025B08734A1340E5
:10C2D0004B43E318BB6127257C19BB69180000F0AC
:10C2E00003FE030023707B191B78022B04D07B19FB
:10C2F0001B78042B00D0A1E12723FB181B78022B0D
:10C3000009D13B6A0421180000F03CFC031E02D056
:10C31000022300F04EFB5D4B1A68C0239B041340C0
:10C320000ED05A4B1A68C0239B041A4080235B042A
:10C330009A420BD1564B1A6880239B03134005D1B8
:10C34000544B1B689B02544A134005E0514B1B6839
:10C350009B025B08514A1340F722D20219001000D9
:10C36000E3F77EFF0B00DB0A3A6AD31A0733072292
:10C3700013401C00454B1A68C0239B0413400ED089
:10C38000424B1A68C0239B041A4080235B049A42E4
:10C390000BD13F4B1A6880239B03134005D13D4BC3
:10C3A0001B689B023C4A134005E03A4B1B689B020A
:10C3B0005B083A4A1340F722D20219001000E3F753
:10C3C0004FFF0B00DB0AE3183B623B6A80225202FC
:10C3D00094466344DC022D4B1A68C0239B0413402F
:10C3E0000ED02A4B1A68C0239B041A4080235B049A
:10C3F0009A420BD1264B1A6880239B03134005D128
:10C40000244B1B689B02244A134005E0214B1B6808
:10C410009B025B08214A13401900F723D802E3F777
:10C4200099FE03001900194B1A68C0239B0413409E
:10C430000ED0164B1A68C0239B041A4080235B045D
:10C440009A420BD1124B1A6880239B03134005D1EB
:10C45000104B1B689B02104A134005E00D4B1B68F4
:10C460009B025B080D4A13404B43E318BB61272333
:10C47000FC18BB69180000F037FD03002370D1E001
:10C480001036002012360020700200200075FF1FB9
:10C4900020200240E075FF1F00FC0F0000FE070097
:10C4A0002723FB181B78032B08D13B6A04211800B3
:10C4B00000F068FB031E01D002237AE2CA4B1A681F
:10C4C000C0239B0413400ED0C74B1A68C0239B04A3
:10C4D0001A4080235B049A420BD1C44B1A68802314
:10C4E0009B03134005D1C24B1B689B02C14A1340FA
:10C4F00005E0BF4B1B689B025B08BF4A1340F72255
:10C50000D20219001000E3F7ABFE0B00DB0A3A6A17
:10C51000D31A0733072213401C00B34B1A68C023F9
:10C520009B0413400ED0B04B1A68C0239B041A40E2
:10C5300080235B049A420BD1AC4B1A6880239B0387
:10C54000134005D1AA4B1B689B02AA4A134005E081
:10C55000A74B1B689B025B08A74A1340F722D20235
:10C5600019001000E3F77CFE0B00DB0AE3183B62C6
:10C570003B6A8022520294466344DC029A4B1A685A
:10C58000C0239B0413400ED0974B1A68C0239B0412
:10C590001A4080235B049A420BD1944B1A68802383
:10C5A0009B03134005D1924B1B689B02914A134099
:10C5B00005E08F4B1B689B025B088F4A13401900F4
:10C5C000F723D802E3F7C6FD03001900864B1A686B
:10C5D000C0239B0413400ED0834B1A68C0239B04D6
:10C5E0001A4080235B049A420BD1804B1A68802347
:10C5F0009B03134005D17E4B1B689B027D4A134071
:10C6000005E07B4B1B689B025B087B4A13404B4356
:10C61000E318BB612723FC18BB69180000F064FC19
:10C62000030023702722BB181B78032B00D137E7A8
:10C63000BB181B78042B00D132E70AE07B1D1B7866
:10C64000012B04D12723FB181B78032B01D00A23CD
:10C65000AFE17B1D1B78012B00D050E12023FB6153
:10C660006DE0664B1B788022520294466344DC02E4
:10C670005D4B1A68C0239B0413400ED05A4B1A68B6
:10C68000C0239B041A4080235B049A420BD1574B72
:10C690001A6880239B03134005D1554B1B689B02EE
:10C6A000544A134005E0524B1B689B025B08524AF8
:10C6B00013401900F723D802E3F74CFD03001900DB
:10C6C000494B1A68C0239B0413400ED0464B1A688E
:10C6D000C0239B041A4080235B049A420BD1434B36
:10C6E0001A6880239B03134005D1414B1B689B02B2
:10C6F000404A134005E03E4B1B689B025B083E4AE4
:10C7000013404B43E218FB69D3181A685B683A611F
:10C710007B613B69013303D17B69013300D113E0B5
:10C72000374B1B8801339AB2354B1A80354B1B6847
:10C7300008331A00334B1A60FB690833FB61FA694E
:10C7400080231B019A428CD32C4B1B783B62002325
:10C75000FB61CEE0244B1A68C0239B0413400ED02B
:10C76000214B1A68C0239B041A4080235B049A4221
:10C770000BD11E4B1A6880239B03134005D11C4B21
:10C780001B689B021B4A134005E0194B1B689B0268
:10C790005B08194A1340F722D20219001000E3F790
:10C7A0005FFD0B00DB0A3A6AD31A073307221340F6
:10C7B0001C000D4B1A68C0239B0413400ED00A4B7B
:10C7C0001A68C0239B041A4080235B049A421BD141
:10C7D000064B1A6880239B03134015D1044B1B683A
:10C7E0009B02044A134015E00075FF1F2020024001
:10C7F000E075FF1F00FC0F0000FE0700123600204E
:10C8000010360020700200206C4B1B689B025B08F6
:10C810006B4A1340F722D20219001000E3F720FD03
:10C820000B00DB0AE3183B623B6A8022520294460B
:10C830006344DC02634B1A68C0239B0413400ED090
:10C84000604B1A68C0239B041A4080235B049A4201
:10C850000BD15D4B1A6880239B03134005D1574BC6
:10C860001B689B02594A134005E0544B1B689B020E
:10C870005B08534A13401900F723D802E3F76AFC18
:10C88000030019004F4B1A68C0239B0413400ED0BD
:10C890004C4B1A68C0239B041A4080235B049A42C5
:10C8A0000BD1494B1A6880239B03134005D1434B9E
:10C8B0001B689B02454A134005E0404B1B689B02E6
:10C8C0005B083F4A13404B43E31827257C191800A7
:10C8D00000F00AFB030023707B191B78032B0DD19A
:10C8E0003B4B1B88FC339AB2394B1A80FB690133EE
:10C8F000FB61FB69072B00D82CE700E0C0463A68D3
:10C90000BB1D1B881100180000F066F8031E01D043
:10C9100002234EE02E4B1B88022B03D92C4B1B8885
:10C92000023B00E00123FB6132E0BB1D1B88FA697A
:10C930009A422AD0FB699BB20E257C190822BA18AC
:10C9400011001800FEF7C0FF0300238029007B18A8
:10C950001B88002B11D1FB699BB2BA680D007C18B3
:10C960001100180000F038F8030023807B191B88A1
:10C97000002B0AD07B191B881BE00E22BB181B88DA
:10C98000072B02D0BB181B8813E0FB690133FB6146
:10C99000FA69FA239B009A42C7D90E4B1B780221F1
:10C9A000180000F0EFF8031E01D0022301E08023FD
:10C9B0005B001800BD460AB0B0BDC046E075FF1F61
:10C9C00000FE07000075FF1F2020024000FC0F0042
:10C9D0001036002012360020F0B591B000AF0300F1
:10C9E000B9622E22BA1813800023FB635E4B1A88AB
:10C9F000FC239B009A4201D31223B1E00120FFF7F0
:10CA000053F90300BB6300237B63BB6B013301D18C
:10CA10000323A5E0BB6B8022520294466344DE02EE
:10CA2000524B1A68C0239B0413400ED04F4B1A6818
:10CA3000C0239B041A4080235B049A420BD14C4BC9
:10CA40001A6880239B03134005D14A4B1B689A0246
:10CA5000494B134005E0474B1B689B025A08474B64
:10CA600013401900F723D802E3F774FB0300190001
:10CA70003E4B1A68C0239B0413400ED03B4B1A68F0
:10CA8000C0239B041A4080235B049A420BD1384B8D
:10CA90001A6880239B03134005D1364B1B689A020A
:10CAA000354B134005E0334B1B689B025A08334B50
:10CAB00013404B43F3187B63BB6A002B07D12E2333
:10CAC000FB181B88002B02D10023FB6309E02E23F7
:10CAD000FB181A88BB6A1100180000F06FFA0300F7
:10CAE000FB63274B1A687B6BD118BB6ABB610023C1
:10CAF000FB61BB691B007B6200233B62FB6B1B0479
:10CB00003B6100237B61386A3A697B6916003043D8
:10CB10000400786A184305002E23FB181B889BB27B
:10CB2000BB600023FB60BA68FB68100020433860DC
:10CB30002B437B603A687B68080000F063FA031EB1
:10CB400001D002230CE00E4B1B6808331A000C4B7B
:10CB50001A60054B1B8801339AB2034B1A800023DD
:10CB60001800BD4611B0F0BD103600200075FF1F43
:10CB700020200240E075FF1F00FC0F0000FE0700B0
:10CB80007002002090B587B000AF78600A00FB1CEF
:10CB90001A7000237B6100233B610023FB600023AC
:10CBA000BB607B688022520294466344DC02C44B23
:10CBB0001A68C0239B0413400ED0C14B1A68C023CF
:10CBC0009B041A4080235B049A420BD1BD4B1A6828
:10CBD00080239B03134005D1BB4B1B689B02BB4AC0
:10CBE000134005E0B84B1B689B025B08B84A134032
:10CBF0001900F723D802E3F7ADFA03001900B04B90
:10CC00001A68C0239B0413400ED0AD4B1A68C02392
:10CC10009B041A4080235B049A420BD1A94B1A68EB
:10CC200080239B03134005D1A74B1B689B02A74A97
:10CC3000134005E0A44B1B689B025B08A44A134009
:10CC40004B43E3187B617B68802252029446634425
:10CC5000DC029B4B1A68C0239B0413400ED0984BF8
:10CC60001A68C0239B041A4080235B049A420BD1AC
:10CC7000944B1A6880239B03134005D1924B1B6889
:10CC80009B02924A134005E08F4B1B689B025B0896
:10CC90008F4A13401900F723D802E3F75BFA030029
:10CCA0001900874B1A68C0239B0413400ED0844B95
:10CCB0001A68C0239B041A4080235B049A420BD15C
:10CCC000804B1A6880239B03134005D17E4B1B6861
:10CCD0009B027E4A134005E07B4B1B689B025B086E
:10CCE0007B4A13404B43E31808333B617B68802247
:10CCF000520294466344DC02714B1A68C0239B04C1
:10CD000013400ED06E4B1A68C0239B041A40802338
:10CD10005B049A420BD16B4B1A6880239B03134030
:10CD200005D1694B1B689B02684A134005E0664BBE
:10CD30001B689B025B08664A13401900F723D80260
:10CD4000E3F708FA030019005D4B1A68C0239B043F
:10CD500013400ED05A4B1A68C0239B041A408023FC
:10CD60005B049A420BD1574B1A6880239B031340F4
:10CD700005D1554B1B689B02544A134005E0524BAA
:10CD80001B689B025B08524A13404B43E318103365
:10CD9000FB607B688022520294466344DC02484B6D
:10CDA0001A68C0239B0413400ED0454B1A68C02359
:10CDB0009B041A4080235B049A420BD1414B1A68B2
:10CDC00080239B03134005D13F4B1B689B023F4AC6
:10CDD000134005E03C4B1B689B025B083C4A134038
:10CDE0001900F723D802E3F7B5F903001900344B13
:10CDF0001A68C0239B0413400ED0314B1A68C0231D
:10CE00009B041A4080235B049A420BD12D4B1A6875
:10CE100080239B03134005D12B4B1B689B022B4A9D
:10CE2000134005E0284B1B689B025B08284A13400F
:10CE30004B43E3181833BB60FB1C1B78042B30D02A
:10CE400039DC032B23D036DC012B02D0022B0FD090
:10CE500031E0204A1F4B7969080000F0D3F8031E27
:10CE600001D002233CE07B68DAB21B4B1A7036E03B
:10CE7000184A184B3969080000F0C4F8031E01D0A5
:10CE800002232DE07B68DAB2134B1A7027E0114AB7
:10CE9000104BF968080000F0B5F8031E0DD002230E
:10CEA0001EE00C4A0B4BB968080000F0ABF8031EFB
:10CEB00014D0022314E0C04611E0C0460FE0C04683
:10CEC0000075FF1F20200240E075FF1F00FC0F00CF
:10CED00000FE0700AAAAAAAA12360020C046002314
:10CEE0001800BD4607B090BD80B58AB000AF78602D
:10CEF000002200233A627B6200220023BA61FB61B8
:10CF0000002200233A617B6100220023BA60FB60AB
:10CF10007B681A685B683A627B627B6808331A68D0
:10CF20005B68BA61FB617B6810331A685B683A61C1
:10CF30007B617B6818331A685B68BA60FB60BB680A
:10CF4000013302D1FB68013301D0042318E03B69AF
:10CF5000013302D17B69013301D0032310E0BB69A7
:10CF6000013302D1FB69013301D0022308E03B6A9F
:10CF7000013302D17B6A013301D0012300E0002399
:10CF80001800BD460AB080BD80B500AF80235B01AC
:10CF90001800FCF74FFD074A074B11001800FCF77B
:10CFA00014FD054B08211800FCF7FDFCC046BD46EA
:10CFB00080BDC046058000000030024080B582B0D0
:10CFC00000AF78600A00BB1C1A800D4B1800FCF7FC
:10CFD000DCFC7B680A4A19001000FCF702FDBB1C50
:10CFE0001B88074A19001000FCF707FD044B1800C6
:10CFF000FCF714FD03001800BD4602B080BDC0461A
:10D000000030024080B584B000AFF8603A607B60C9
:10D010003A687B68F968012005F044FA03001800BB
:10D02000BD4604B080BD000090B58BB000AF786005
:10D030000A00BB1C1A802623FB1800221A8000233A
:10D04000FB607B688022520294466344DC02394BC9
:10D050001A68C0239B0413400ED0364B1A68C023B5
:10D060009B041A4080235B049A420BD1324B1A680E
:10D0700080239B03134005D1304B1B689B02304A31
:10D08000134005E02D4B1B689B025B082D4A1340A3
:10D090001900F723D802E3F75DF803001900254BC8
:10D0A0001A68C0239B0413400ED0224B1A68C02379
:10D0B0009B041A4080235B049A420BD11E4B1A68D2
:10D0C00080239B03134005D11C4B1B689B021C4A09
:10D0D000134005E0194B1B689B025B08194A13407B
:10D0E0004B43E318180000F035F803003B621021B1
:10D0F0007B183A6A5A607B1802221A60BB1C1A8895
:10D100007B18DA607B187A689A600C23FA187B180F
:10D110001100180005F0C8FA031E03D02623FB18DF
:10D1200001221A802623FB181B881800BD460BB06D
:10D1300090BDC0460075FF1F20200240E075FF1F14
:10D1400000FC0F0000FE070080B500AFC046BD46E2
:10D1500080BD000080B584B000AF78600023FB6024
:10D160001B4B1A68C0239B0413400ED0184B1A683F
:10D17000C0239B041A4080235B049A420FD1154BB5
:10D180001A6880239B03134009D1134B1B689B0231
:10D19000124A1340802212059446634409E00E4B64
:10D1A0001B689B025B080E4A1340802212059446BE
:10D1B00063447A68934202D90423FB6002E080232F
:10D1C0001B02FB60FB681800BD4604B080BDC04672
:10D1D0000075FF1F20200240E075FF1F00FC0F00BC
:10D1E00000FE070080B582B000AFBB1D00221A8090
:10D1F000BB1D1B881800BD4602B080BD80B582B043
:10D2000000AFEFF305837B607B685A1E9341DBB26E
:10D210001800BD4602B080BD80B500AF01F0A0FD92
:10D2200000231800BD4680BD80B584B000AF786093
:10D230007B68FB60FB68002B01D0FB6800E00123EA
:10D24000180001F065FC00231800BD4604B080BD45
:10D2500080B584B000AF786039603B68012B11D194
:10D2600003220021012000F052FE0300FB60FB6856
:10D27000002B05D0F86800230022002100F0AFFE4B
:10D28000FB6806E03B683A681100180000F08FFE6A
:10D2900003001800BD4604B080BD000080B584B016
:10D2A00000AF786039600023BB607B68002B01D140
:10D2B000802336E00023FB603B68013303D1012368
:10D2C0005B42FB6009E03B68002B06D03B68FB60DB
:10D2D000FB68002B01D10123FB60FFF78FFF031ECA
:10D2E00013D00823FA187B680021180001F0FAF81F
:10D2F0000300012B01D0FF2313E0BB68002B0FD0EC
:10D300000A4B802252051A600AE0FA687B68110015
:10D31000180001F02BF80300012B01D0FF2300E0DF
:10D3200000231800BD4604B080BDC04604ED00E0F7
:10D3300080B584B000AF78600023FB600023BB6041
:10D34000FFF75CFF031E13D00823FA187B68110057
:10D35000180000F02CFF0300012B01D0FF2313E085
:10D36000BB68002B0FD00A4B802252051A600AE0DE
:10D37000786800230022002100F031FE0300012B19
:10D3800001D0FF23FB60FB681800BD4604B080BDE0
:10D3900004ED00E080B500AF02F018FA0300012BA5
:10D3A00001D000F091FBC046BD4680BD80B584B081
:10D3B00000AF78600023FB60082000F0C1FB030091
:10D3C000BB60BB68002B12D000F02AFBBB687A68F8
:10D3D0001A60BB6800225A60074B1B68BA685A6023
:10D3E000054BBA681A6000F02DFB0123FB60FB6857
:10D3F0001800BD4604B080BD7C02002080B588B016
:10D4000000AFF860B9607A600123FB613E4B1B6896
:10D41000002B46D13C4B3D4A1A603CE03A4B1B681E
:10D420001B681B68BB61BB691800E2F777FE03004D
:10D430007B61FA687B69D3181B785BB2202B06D01E
:10D44000FA687B69D3181B785BB2002B1ED17A690E
:10D45000B969FB6818000BF083FB031E16D12A4B39
:10D460001B681B681B7B5BB2002B19DBFB68180079
:10D4700000F062F903001A00234B1B681B681B7B3A
:10D480005BB29A420CD00023FB6109E01E4B1B6883
:10D490005A681D4B1A601C4B1B68002BBED100E064
:10D4A000C046194B1B68002B0CD0FB69002B09D11F
:10D4B0007A681749BB6818000BF063FB124B002217
:10D4C0001A601CE0104B1B68002B10D00E4B1B6821
:10D4D0001B689B68FA687968B86898470300FB6125
:10D4E000FB69002B0BD1084B00221A6007E07A6819
:10D4F0000849BB6818000BF044FB0023FB61FB6983
:10D500001800BD4608B080BDD0380020740200204D
:10D5100094180308EC18030880B500AF014B1800FD
:10D52000BD4680BD6C36002080B586B000AFF86087
:10D53000B9607A6000237B6100233B617B68002235
:10D540001A6042E0FB680133FB60FB681B785BB24A
:10D55000002B08D0FB681B785BB2202BF2D102E0D5
:10D56000FB680133FB60FB681B785BB2002B04D0C7
:10D57000FB681B785BB2202BF2D0FB681B785BB298
:10D58000002B27D07B6901337B617A69BB689A42A3
:10D590001BD1FB683B6107E07B681B685A1C7B68FA
:10D5A0001A60FB680133FB60FB681B785BB2002BE1
:10D5B00004D0FB681B785BB2202BEDD17B681B6825
:10D5C000002B09D100233B6106E07A69BB689A42CF
:10D5D000BBD302E0C04600E0C0463B691800BD4630
:10D5E00006B080BD80B586B000AFF860B9607A60E3
:10D5F00000233B611023FA187B6801211800FFF714
:10D6000093FF0200434B1A60424B1B68002B2BD048
:10D61000404B1B684049062218000BF0A1FA031E7C
:10D6200022D13E4B1B78072B02D13C4B00221A70B3
:10D630003A4B1B785A1CD1B2384A11701A00384B39
:10D640009200D158BA68FB6818000BF09AFA334B75
:10D650001B78072B05D100237B61304B00221A7009
:10D6600052E001237B614FE02A4B1B68002B4BD11A
:10D670002C4B1B68002B05D12A4B2B4A1A602B4BD5
:10D6800001221A70294B1A78294B1B789A421ED90D
:10D69000FB6808331800234B1B681B685968BB687C
:10D6A000083B1A000BF06DFAFB680133214A1100A8
:10D6B00018000BF052FBFB6828221A70FB68063337
:10D6C00029221A70FB68073320221A7008E0154BD4
:10D6D0001B681B685968BA68FB6818000BF051FAA0
:10D6E000104B1B685A680F4B1A60104B1B780133A4
:10D6F000DAB20E4B1A700B4B1B68002B02D10023C1
:10D700007B6101E001237B617B691800BD4606B0A7
:10D7100080BDC046D43800203C190308D83800200A
:10D720004C000020DC38002074020020E03800208B
:10D73000DC0A00202ED9020880B584B000AF7860E2
:10D740000F23FB1800221A700023BB6018E07B68CF
:10D750001B785BB2202B0ED1BB68012B0DD00F21A3
:10D760007B181B785BB2DBB20133DAB27B181A701C
:10D770000123BB6001E00023BB607B6801337B6059
:10D780007B681B785BB2002BE1D1BB68012B08D111
:10D790000F217B181B785BB2DBB2013BDAB27B183E
:10D7A0001A700F23FB181B785BB21800BD4604B03B
:10D7B00080BD80B582B000AF78607B6808331A0006
:10D7C0007B685A607B68012252429A607B6808330A
:10D7D0001A007B68DA607B6808331A007B681A617C
:10D7E0007B6800221A60C046BD4602B080BD80B58D
:10D7F00082B000AF78607B6800221A61C046BD46E7
:10D8000002B080BD80B584B000AF786039607B68BD
:10D810005B68FB603B68FA685A60FB689A683B6823
:10D820009A60FB689B683A685A60FB683A689A603D
:10D830003B687A681A617B681B685A1C7B681A60AF
:10D84000C046BD4604B080BD80B584B000AF7860EE
:10D8500039603B681B68BB60BB68013303D17B68E0
:10D860001B69FB600CE07B680833FB6002E0FB682F
:10D870005B68FB60FB685B681B68BA689A42F6D21B
:10D88000FB685A683B685A603B685B683A689A6014
:10D890003B68FA689A60FB683A685A603B687A6845
:10D8A0001A617B681B685A1C7B681A60C046BD46BB
:10D8B00004B080BD80B584B000AF78607B681B6920
:10D8C000FB607B685B687A6892689A607B689B689B
:10D8D0007A6852685A60FB685B687A689A4203D13A
:10D8E0007B689A68FB685A607B6800221A61FB6853
:10D8F0001B685A1EFB681A60FB681B681800BD464F
:10D9000004B080BD80B584B000AFF860B9607A60C3
:10D91000FB68043BFB60FB68802252041A60FB68D2
:10D92000043BFB60BA68FB681A60FB68043BFB6061
:10D93000084AFB681A60FB68143BFB607A68FB6866
:10D940001A60FB68203BFB60FB681800BD4604B012
:10D9500080BDC04659D9010880B582B000AF002310
:10D960007B6072B6C0467B68002BFCD0C046C046C8
:10D97000BD4602B080BD80B500AFC046BD4680BD8B
:10D980000B4A13681868203080F30988022080F35E
:10D990001488BFF36F8F3FBCAE4608BC04BC62B6B0
:10D9A0001847C046C046C046C046C046C046C046EE
:10D9B000D4980120C046C04680B500AF0E4B1A680F
:10D9C0000D4BFF2109040A431A600B4B1A680A4BDE
:10D9D000FF2109060A431A6000F090F8074B002265
:10D9E0001A60FFF7CDFF01F0DDFBFFF7B5FF002365
:10D9F0001800BD4680BDC04620ED00E0800200203A
:10DA000080B500AF054B802252051A60BFF34F8FDF
:10DA1000BFF36F8FC046BD4680BDC04604ED00E039
:10DA200080B500AF72B6064B1B685A1C044B1A60D7
:10DA3000BFF34F8FBFF36F8FC046BD4680BDC0465A
:10DA40008002002080B500AF064B1B685A1E054BB4
:10DA50001A60044B1B68002B00D162B6C046BD465D
:10DA600080BDC04680020020EFF3108072B6704780
:10DA7000C046180080F310887047C04600000000C0
:10DA8000EFF309800E4B1A6820381060F0C044464E
:10DA90004D4656465F46F0C008B572B601F082FBAF
:10DAA00062B60CBC116808681030F0C8A046A946E0
:10DAB000B246BB4680F309882038F0C81847C046F4
:10DAC000D4980120C046C04680B582B000AFFFF7B1
:10DAD000CBFF03007B6001F0BDFA031E03D0064BB1
:10DAE000802252051A607B681800FFF7C3FFC0460A
:10DAF000BD4602B080BDC04604ED00E080B500AF79
:10DB00000B4B00221A600B4B00221A600A4B1B6859
:10DB1000FA2291001800E2F71DFB03001A00074BE0
:10DB2000013A1A60024B07221A60C046BD4680BD0A
:10DB300010E000E018E000E06C02002014E000E0DB
:10DB400080B586B000AF78600023FB6001F042F939
:10DB5000454B1B68002B01D100F0D2F8434B1B68EA
:10DB60007A68134000D072E07B68002B0CD008224A
:10DB70007B689B187B607B680722134004D07B681E
:10DB80000722934308337B607B68002B5FD0384BC0
:10DB90001B687A689A425AD8364B3B61354B1B68F2
:10DBA0007B6104E07B693B617B691B687B617B690E
:10DBB0005B687A689A4203D97B691B68002BF1D1B4
:10DBC000294B1B687A699A4241D03B691B6808223D
:10DBD0009B18FB607B691A683B691A607B695A680D
:10DBE0007B68D21A08235B009A4210D97A697B6855
:10DBF000D318BB607B695A687B68D21ABB685A60CD
:10DC00007B697A685A60BB68180000F0D9F8184B35
:10DC10001A687B695B68D21A154B1A60144B1A6834
:10DC2000154B1B689A4203D2114B1A68124B1A60AB
:10DC30007B695A680D4B1B681A437B695A607B6984
:10DC400000221A600D4B1B685A1C0C4B1A6001F025
:10DC5000CDF8FB68002B01D1F9F704FFFB68180031
:10DC6000BD4606B080BDC0467C980120909801203A
:10DC700080980120749801208498012088980120C0
:10DC800080B584B000AF78607B68FB607B68002B58
:10DC90002CD008235B42FA68D318FB60FB68BB609A
:10DCA000BB685A68134B1B6813401FD0BB681B68C6
:10DCB000002B1BD1BB685A680E4B1B68DB431A4014
:10DCC000BB685A6001F086F8BB685A680A4B1B684B
:10DCD000D218094B1A60BB68180000F071F8074BA6
:10DCE0001B685A1C054B1A6001F080F8C046BD46FF
:10DCF00004B080BD90980120809801208C9801206C
:10DD000080B584B000AF274BBB60274BFB60FB683E
:10DD1000072213400CD0FB680733FB60FB68072227
:10DD20009343FB60BA68FB68D21A1F4BD318BB60E1
:10DD3000FB687B601D4B7A681A601C4B00225A609E
:10DD40007B68BA68D318FB600822FB689B1AFB60EB
:10DD5000FB6807229343FB60FA68154B1A60144B6B
:10DD60001B6800225A60124B1B6800221A607B68F5
:10DD70003B603B68FA68D21A3B685A600C4B1A68E1
:10DD80003B681A603B685A680A4B1A603B685A68DD
:10DD9000094B1A60094B802212061A60C046BD4624
:10DDA00004B080BD905F0100E43800207498012029
:10DDB0007C9801208498012080980120909801206F
:10DDC00080B584B000AF7860274BFB6002E0FB6851
:10DDD0001B68FB60FB681B687A689A42F7D8FB688F
:10DDE000BB60FB685B68BA68D3187A689A4208D14E
:10DDF000FB685A687B685B68D218FB685A60FB68EE
:10DE00007B607B68BB607B685B68BA68D218FB6824
:10DE10001B689A4218D1FB681A68144B1B689A4217
:10DE20000DD07B685A68FB681B685B68D2187B68FA
:10DE30005A60FB681B681A687B681A6008E00B4B25
:10DE40001A687B681A6003E0FB681A687B681A60CE
:10DE5000FA687B689A4202D0FB687A681A60C0460A
:10DE6000BD4604B080BDC046749801207C98012056
:10DE700080B584B000AF786039607B68FB60FFF7E5
:10DE8000CFFDFB681A68FB68D96BFB681B6C4B43C2
:10DE9000D218FB689A60FB6800229A63FB681A68D4
:10DEA000FB685A60FB681A68FB68DB6B591EFB68ED
:10DEB0001B6C4B43D218FB68DA60FB684422FF21DD
:10DEC0009954FB684522FF2199543B68002B0DD1E2
:10DED000FB681B69002B13D0FB681033180001F09E
:10DEE0002FFA031E0CD0FFF78BFD09E0FB681033FF
:10DEF0001800FFF75EFCFB6824331800FFF759FC9D
:10DF0000FFF7A0FD01231800BD4604B080BD90B509
:10DF10008BB002AFF860B960FB1D1A70FB68BA687D
:10DF20005343FB61FB6950331800FFF709FE030000
:10DF3000BB61BB69002B0ED0BB697B617B69503331
:10DF40007B61FB1D1C787A69B968F868BB6900932E
:10DF5000230000F005F8BB691800BD4609B090BD6C
:10DF600080B584B000AFF860B9607A601A00FB1C1D
:10DF70001A70BB68002B03D1BB69BA691A6002E052
:10DF8000BB697A681A60BB69FA68DA63BB69BA6808
:10DF90001A64BB6901211800FFF76AFFBB69FA1C0C
:10DFA0004C2112785A54C046BD4604B080BD80B59D
:10DFB00084B000AF786039607B68022200211800CD
:10DFC000FFF7A5FF0300FB60FB68002B02D0FB6896
:10DFD0003A689A63FB681800BD4604B080BD80B5FE
:10DFE0008AB000AFF860B9607A603B6000237B6262
:10DFF000FB683B62FFF714FD3B6A9A6B3B6ADB6B85
:10E000009A4202D33B68022B1ED13A68B9683B6A38
:10E01000180000F0CDFA0300FB613B6A5B6A002B3D
:10E0200009D03B6A2433180001F08AF9031E07D097
:10E03000FFF7E6FC04E0FB69002B01D0FFF7E0FCF2
:10E04000FFF700FD01235BE07B68002B03D1FFF7A6
:10E05000F9FC002354E07B6A002B06D11423FB1843
:10E06000180001F0C5F901237B62FFF7EBFC00F01B
:10E07000B1FEFFF7D5FC3B6A44229B5C5BB20133E7
:10E0800003D13B6A4422002199543B6A45229B5CA0
:10E090005BB2013303D13B6A452200219954FFF75B
:10E0A000D1FC3A1D1423FB181100180001F0B4F93B
:10E0B000031E1ED13B6A180000F07FFB031E11D027
:10E0C0003B6A10337A681100180001F0FDF83B6AD2
:10E0D000180000F0FEFA00F089FE031E8AD1FFF757
:10E0E0008FFC87E73B6A180000F0F3FA00F07EFE31
:10E0F00080E73B6A180000F0ECFA00F077FE00239E
:10E100001800BD460AB080BD90B58BB000AFF86076
:10E11000B9607A603B60FB683B62FFF7A5FC0300D7
:10E12000FB613B6A9A6B3B6ADB6B9A4202D33B68AA
:10E13000022B31D11B243B193A6A4521525C1A70DB
:10E140003B6A9B6B7B613A68B9683B6A180000F0D8
:10E150002FFA3B191B785BB2013311D13B6A5B6A22
:10E16000002B16D03B6A2433180001F0E9F8031E97
:10E170000FD07B68002B0CD07B6801221A6008E06E
:10E180001B23FB181B780133DBB259B23B6A4522D3
:10E19000995401237B6201E000237B62FB69180034
:10E1A000FFF768FC7B6A1800BD460BB090BD80B5D8
:10E1B00088B000AF786039607B68BB61FFF754FCC2
:10E1C00003007B61BB699B6B3B61BB69DB6B3A699D
:10E1D0009A422CD20F203B18BA694521525C1A7022
:10E1E0003B695A1CBB699A633B181B785BB20133CD
:10E1F00011D1BB695B6A002B16D0BB6924331800B0
:10E2000001F09EF8031E0FD03B68002B0CD03B683A
:10E2100001221A6008E00F23FB181B780133DBB2E0
:10E2200059B2BB69452299540123FB6101E00023E7
:10E23000FB617B691800FFF71DFCFB691800BD46F8
:10E2400008B080BD80B58AB000AFF860B9607A6070
:10E2500000237B62FB683B62FFF7E2FB3B6A9B6B40
:10E26000FB61FB69002B1AD0BA683B6A11001800E9
:10E2700000F009FAFB695A1E3B6A9A633B6A1B6904
:10E28000002B08D03B6A1033180001F059F8031E28
:10E2900001D0FFF7B5FBFFF7D5FB012362E07B68F8
:10E2A000002B03D1FFF7CEFB00235BE07B6A002B42
:10E2B00006D11423FB18180001F09AF801237B62A1
:10E2C000FFF7C0FB00F086FDFFF7AAFB3B6A442284
:10E2D0009B5C5BB2013303D13B6A44220021995419
:10E2E0003B6A45229B5C5BB2013303D13B6A45220A
:10E2F00000219954FFF7A6FB3A1D1423FB181100C7
:10E30000180001F089F8031E1ED13B6A180000F0C6
:10E310003EFA031E11D03B6A24337A6811001800BC
:10E3200000F0D2FF3B6A180000F0D3F900F05EFD68
:10E33000031E91D1FFF764FB8EE73B6A180000F0E3
:10E34000C8F900F053FD87E73B6A180000F0C1F9F7
:10E3500000F04CFD3B6A180000F019FA031E00D1D2
:10E360007AE700231800BD460AB080BD80B58AB0A8
:10E3700000AF7860396000237B627B68FB6100231B
:10E380003B62FFF74DFBFB699B6BBB61BB69002BDD
:10E390001DD0BB695A1EFB699A63FB691B68002B81
:10E3A00004D101F09FFC0200FB699A60FB691B69C4
:10E3B000002B08D0FB691033180000F0C1FF031ECA
:10E3C00001D0FFF71DFBFFF73DFB012386E03B6813
:10E3D000002B03D1FFF736FB00237FE07B6A002B85
:10E3E00006D10C23FB18180001F002F801237B6210
:10E3F000FFF728FB00F0EEFCFFF712FBFB6944225D
:10E400009B5C5BB2013303D1FB6944220021995428
:10E41000FB6945229B5C5BB2013303D1FB6945225A
:10E4200000219954FFF70EFB3A000C23FB18110052
:10E43000180000F0F1FF031E2ED1FB69180000F058
:10E44000A6F9031E21D0FB691B68002B0AD1FFF738
:10E45000E7FAFB699B68180001F0D4F903003B62FE
:10E46000FFF7F0FAFB6924333A681100180000F056
:10E470002BFFFB69180000F02CF900F0B7FC031E1D
:10E4800000D07EE7FFF7BCFA7BE7FB69180000F0DD
:10E4900020F900F0ABFC74E7FB69180000F019F9F3
:10E4A00000F0A4FCFB69180000F071F9031E00D114
:10E4B00067E73B6A002B10D0FFF7B2FAFB69180040
:10E4C00000F060F803007B61FB699B687A691100CA
:10E4D000180001F04BFAFFF7B5FA00231800BD460B
:10E4E0000AB080BD90B58BB000AFF860B9607A60BB
:10E4F000FB683B62FFF7B8FA0300FB613B6A9B6B6A
:10E50000BB61BB69002B32D017243B193A6A442106
:10E51000525C1A70BA683B6A1100180000F0B3F838
:10E52000BB695A1E3B6A9A633B191B785BB2013385
:10E5300011D13B6A1B69002B16D03B6A10331800BF
:10E5400000F0FEFE031E0FD07B68002B0CD07B6812
:10E5500001221A6008E01723FB181B780133DBB295
:10E5600059B23B6A4422995401237B6201E00023A3
:10E570007B62FB691800FFF77DFA7B6A1800BD46D5
:10E580000BB090BD80B584B000AF78607B685B6AEB
:10E59000002B06D07B681B6B1B680722D31AFB601D
:10E5A00001E00023FB60FB681800BD4604B080BD9D
:10E5B00080B586B000AFF860B9607A6000237B61F7
:10E5C000FB689B6B3B61FB681B6C002B0ED1FB68EF
:10E5D0001B68002B4ED1FB689B68180001F07AF98C
:10E5E00003007B61FB6800229A6043E07B68002B9C
:10E5F00019D1FB685868FB681A6CBB6819000AF0EF
:10E60000B4FBFB685A68FB681B6CD218FB685A6045
:10E61000FB685A68FB689B689A422BD3FB681A68B0
:10E62000FB685A6026E0FB68D868FB681A6CBB6818
:10E6300019000AF09AFBFB68DA68FB681B6C5B4206
:10E64000D218FB68DA60FB68DA68FB681B689A42DC
:10E6500007D2FB689A68FB681B6C5B42D218FB68A8
:10E66000DA607B68022B05D13B69002B02D03B6945
:10E67000013B3B613B695A1CFB689A637B6918004C
:10E68000BD4606B080BD80B582B000AF786039600D
:10E690007B681B6C002B18D07B68DA687B681B6C6E
:10E6A000D2187B68DA607B68DA687B689B689A427C
:10E6B00003D37B681A687B68DA607B68D9687B68FB
:10E6C0001A6C3B6818000AF050FBC046BD4602B009
:10E6D00080BD80B584B000AF7860FFF7A1F90F234B
:10E6E000FB187A684521525C1A7013E07B685B6AFC
:10E6F000002B16D07B682433180000F021FE031E87
:10E7000001D000F0CFFE0F217B181B78013BDAB25D
:10E710007B181A700F23FB181B785BB2002BE5DC0B
:10E7200000E0C0467B684522FF219954FFF78AF933
:10E73000FFF776F90E23FB187A684421525C1A70B1
:10E7400013E07B681B69002B16D07B681033180020
:10E7500000F0F6FD031E01D000F0A4FE0E217B1890
:10E760001B78013BDAB27B181A700E23FB181B785A
:10E770005BB2002BE5DC00E0C0467B684422FF2151
:10E780009954FFF75FF9C046BD4604B080BD80B51F
:10E7900084B000AF7860FFF743F97B689B6B002B78
:10E7A00002D10123FB6001E00023FB60FFF74AF97F
:10E7B000FB681800BD4604B080BD80B584B000AFD2
:10E7C0007860FFF72DF97B689A6B7B68DB6B9A4268
:10E7D00002D10123FB6001E00023FB60FFF732F967
:10E7E000FB681800BD4604B080BD000080B584B051
:10E7F00000AF786039600023FB6015E00E4BFA68CB
:10E80000D200D358002B0CD10B4BFA68D2003968D8
:10E81000D150094AFB68DB00D31804337A681A60C8
:10E8200006E0FB680133FB60FB68072BE6D9C046B6
:10E83000C046BD4604B080BD9498012080B586B026
:10E8400000AFF860B9607A60FB687B61FFF7E8F8B9
:10E850007B6944229B5C5BB2013303D17B69442218
:10E86000002199547B6945229B5C5BB2013303D143
:10E870007B69452200219954FFF7E4F87B699B6B83
:10E88000002B06D17B6924337A68B968180000F040
:10E8900035FD7B691800FFF71CFFC046BD4606B07A
:10E8A00080BD90B58DB004AFF860B9603B60BB1D12
:10E8B0001A80BB1D1B889B001800FFF741F903005D
:10E8C0007B617B69002B10D06020FFF739F90300D2
:10E8D000FB61FB69002B03D0FB697A691A6306E0D0
:10E8E0007B691800FFF7CCF901E00023FB61FB69AD
:10E8F000002B16D0BB1D1A883C68B968F868002345
:10E900000393FB6902937B6B01933B6B00932300A2
:10E9100000F010F8FB69180000F092F80123BB61C9
:10E9200002E001235B42BB61BB691800BD4609B030
:10E9300090BD000080B586B000AFF860B9607A6025
:10E940003B60BB6A186B7B689B001A00A5210AF02C
:10E95000E4F8BB6A1A6B7B6838498C4663449B00B9
:10E96000D3183B613B69072293433B61BB68002B93
:10E9700020D000237B6113E0BA687B69D318187834
:10E98000BA6A34217B69D3185B18021C1A70BA6802
:10E990007B69D3181B78002B06D07B6901337B6120
:10E9A0007B690C2BE8D900E0C046BB6A40220021FD
:10E9B000995403E0BB6A3422002199543B6A062B28
:10E9C00001D906233B62BB6A3A6ADA62BB6A3A6AD9
:10E9D000DA64BB6A00221A65BB6A04331800FEF7CA
:10E9E00006FFBB6A18331800FEF701FFBB6ABA6A5C
:10E9F0001A613B6A0722D21ABB6A9A61BB6ABA6A79
:10EA00005A62BB6A00225A65BB6A00229A65BB6AD9
:10EA10005C22002199543A68F9683B691800FEF7B6
:10EA200071FF0200BB6A1A607B6A002B02D07B6A0E
:10EA3000BA6A1A60C046BD4606B080BDFFFFFF3F00
:10EA400080B582B000AF7860FEF7EAFF2A4B1B6802
:10EA50005A1C294B1A60294B1B68002B09D1274BE4
:10EA60007A681A60244B1B68012B10D100F034FD2A
:10EA70000DE0234B1B68002B09D1204B1B68DA6A81
:10EA80007B68DB6A9A4202D81C4B7A681A601D4B7D
:10EA90001B685A1C1B4B1A601A4B1A687B685A6415
:10EAA0007B68DA6A184B1B689A4203D97B68DA6A7A
:10EAB000154B1A607B68DA6A13009B009B189B0059
:10EAC000124A9A187B68043319001000FEF79AFE68
:10EAD000FEF7B8FF0A4B1B68002B08D0074B1B68DA
:10EAE000DA6A7B68DB6A9A4201D2FEF789FFC04688
:10EAF000BD4602B080BDC046D4990120D498012003
:10EB0000E0990120F0990120DC990120D89801209A
:10EB100080B584B000AF78600023FB607B68002B79
:10EB20000AD000F057F97B680021180001F0BCFA08
:10EB300000F05CF90300FB60FB68002B01D1FEF7DD
:10EB40005FFFC046BD4604B080BD000080B588B000
:10EB500000AF78607B68BB612B4B1B68BA699A4237
:10EB600004D11F23FB1800221A7046E0FEF758FF5D
:10EB7000BB695B697B61254B1B683B61244B1B6850
:10EB8000FB60FEF75FFF7A693B699A4203D07A69BE
:10EB9000FB689A4204D11F23FB1802221A702CE052
:10EBA0007A691C4B9A4218D1BB699B6A002B0FD122
:10EBB000BB695C229B5CDBB2012B04D11F23FB18D9
:10EBC00002221A7019E01F23FB1803221A7014E0A6
:10EBD0001F23FB1802221A700FE07A690E4B9A422B
:10EBE00002D07B69002B04D11F23FB1804221A706A
:10EBF00003E01F23FB1801221A701F23FB181B7848
:10EC00001800BD4608B080BDD49801208C99012021
:10EC100090990120C0990120A899012080B584B065
:10EC200000AF7860FEF7FCFE7B68002B02D1074B3B
:10EC30001B6800E07B68FB60FB68DB6ABB60FEF77B
:10EC400001FFBB681800BD4604B080BDD498012008
:10EC500080B586B000AF7860396000237B613B6887
:10EC6000062B01D906233B60FEF7DAFE7B68002BFA
:10EC700002D1384B1B6800E07B683B613B69DB6C71
:10EC8000FB60FA683B689A425DD03A68FB689A423A
:10EC90000DD9304B1B683A699A420FD02D4B1B6837
:10ECA000DB6A3A689A4209D301237B6106E0294B6B
:10ECB0001B683A699A4201D101237B613B69DB6A97
:10ECC000BB603B69DA6C3B69DB6A9A4202D13B6903
:10ECD0003A68DA623B693A68DA643B699B69002BFF
:10ECE00004DB3B680722D21A3B699A613B69596988
:10ECF000BA6813009B009B189B00174A9B18994207
:10ED00001CD13B6904331800FEF7D4FD3B69DA6A75
:10ED1000124B1B689A4203D93B69DA6A0F4B1A609F
:10ED20003B69DA6A13009B009B189B000A4A9A18F9
:10ED30003B69043319001000FEF764FD7B69002B6A
:10ED400001D0FEF75DFEFEF77DFEC046BD4606B073
:10ED500080BDC046D4980120D8980120DC990120BC
:10ED600080B584B002AF144A14491548154B01937D
:10ED7000002300930023FFF794FD03007B607B6872
:10ED8000012B03D101F0E4F903007B607B68012BC8
:10ED90000ED172B60C4B012252421A600B4B01226B
:10EDA0001A600B4B00221A60EBF7A2FEFEF704FE7E
:10EDB000C046BD4602B080BDC40900004419030826
:10EDC000B9F40108F8990120F4990120E099012093
:10EDD000D899012080B500AF034B1B685A1C024B29
:10EDE0001A60C046BD4680BDFC99012080B584B044
:10EDF00000AF0023FB600023BB60FEF711FE364B23
:10EE00001B685A1E344B1A60334B1B68002B5BD1B6
:10EE1000324B1B68002B57D02FE0314BDB68DB688F
:10EE2000FB60FB6818331800FEF744FDFB680433F1
:10EE30001800FEF73FFDFB68DA6A2A4B1B689A420E
:10EE400003D9FB68DA6A274B1A60FB68DA6A130099
:10EE50009B009B189B00244A9A18FB6804331900F6
:10EE60001000FEF7CFFCFB68DA6A204B1B68DB6AF8
:10EE70009A4202D31E4B01221A60194B1B68002BC9
:10EE8000CBD1FB68002B01D000F082FC194B1B6832
:10EE90007B607B68002B0FD000F0DCF8031E02D0F3
:10EEA000134B01221A607B68013B7B607B68002B5F
:10EEB000F2D1104B00221A600D4B1B68002B03D0BF
:10EEC0000123BB60FEF79CFDFEF7BCFDBB6818008C
:10EED000BD4604B080BDC046FC990120D4990120F4
:10EEE00094990120DC990120D8980120D498012020
:10EEF000E8990120E499012080B582B000AF044B6D
:10EF00001B687B607B681800BD4602B080BDC046B0
:10EF1000D899012080B582B000AF00237B60044BFC
:10EF20001B683B603B681800BD4602B080BDC04610
:10EF3000D899012080B586B000AFF860B9607A60DA
:10EF400000237B6107233B61FFF744FF3B4B1B68BA
:10EF5000BA689A426AD33B69013B3B617A69130004
:10EF6000DB009B189B001A00FB6898183A69130095
:10EF70009B009B189B00324A9B180122190000F04D
:10EF800089FB02007B699B187B613B69002BE2D106
:10EF90007A691300DB009B189B001A00FB68981825
:10EFA000284B1B680222190000F074FB02007B69E9
:10EFB0009B187B617A691300DB009B189B001A0089
:10EFC000FB689818204B1B680222190000F062FBB6
:10EFD00002007B699B187B617A691300DB009B1838
:10EFE0009B001A00FB689B1818490422180000F0C7
:10EFF00051FB02007B699B187B617A691300DB007F
:10F000009B189B001A00FB689B18114903221800EB
:10F0100000F040FB02007B699B187B617B68002B42
:10F0200004D0EBF77BFD02007B681A60FFF7DEFE81
:10F030007B691800BD4606B080BDC046D49901204A
:10F04000D89801208C99012090990120A89901203D
:10F05000C099012080B586B000AF00237B61464B8C
:10F060001B68002B00D07DE0444B1B6801333B61E3
:10F07000424B3A691A603B69002B10D1404B1B6828
:10F08000FB60404B1A683E4B1A603E4BFA681A60B0
:10F090003D4B1B685A1C3C4B1A6000F079FB3B4B04
:10F0A0001B683A699A4249D3354B1B681B68002B91
:10F0B00004D1364B012252421A603FE0304B1B68AC
:10F0C000DB68DB68BB60BB685B687B603A697B6858
:10F0D0009A4203D22D4B7A681A602FE0BB68043342
:10F0E0001800FEF7E7FBBB689B6A002B04D0BB68E7
:10F0F00018331800FEF7DEFBBB68DA6A244B1B6886
:10F100009A4203D9BB68DA6A214B1A60BB68DA6A93
:10F1100013009B009B189B001E4A9A18BB6804337F
:10F1200019001000FEF76EFBBB68DA6A1A4B1B6809
:10F13000DB6A9A42B8D301237B61B5E7164B1B68A3
:10F14000DA6A144913009B009B189B005B58012B43
:10F1500001D901237B61114B1B68002B07D00123D0
:10F160007B6104E00E4B1B685A1C0D4B1A607B69D7
:10F170001800BD4606B080BDFC990120D899012039
:10F180008C99012090990120EC990120F49901209B
:10F19000DC990120D8980120D4980120E899012019
:10F1A000E499012080B584B000AF3F4B1B68002B71
:10F1B00003D03E4B01221A6071E03C4B00221A60E2
:10F1C000EBF7ACFC02003A4B1A60394B1A68394B2A
:10F1D0001B689A4209D9384B1B68596D344A10682C
:10F1E000344A1268821A8A185A65314B1A68314BB0
:10F1F0001A60314B1B681B6BBB60304B7B60BB687C
:10F200001B687A689A4211D1BB6804331B687A681C
:10F210009A420BD1BB6808331B687A689A4205D1C1
:10F22000BB680C331B687A689A4208D0224B1A6874
:10F23000214B1B68343319001000F8F7F1FB204B09
:10F240001B68FB6002E0FB68013BFB601D49FA683C
:10F2500013009B009B189B005B58002BF3D0FA68AF
:10F2600013009B009B189B00164A9B183B603B6851
:10F270005B685A683B685A603B685A683B68083369
:10F280009A4204D13B685B685A683B685A603B68A5
:10F290005B68DA68084B1A60094BFA681A60C04666
:10F2A000BD4604B080BDC046FC990120E89901200C
:10F2B000049A0120009A0120D4980120A5A5A5A5B3
:10F2C000DC990120D898012080B582B000AF786029
:10F2D0003960094B1B6818331A007B68110018004D
:10F2E000FEF7B2FA3B680121180000F0DDFEC046CF
:10F2F000BD4602B080BDC046D498012080B584B020
:10F3000000AFF860B9607A600C4B1B6818331A00C4
:10F31000FB6811001800FEF775FA7B68002B02D01D
:10F3200001235B42BB607A68BB681100180000F0E3
:10F33000BBFEC046BD4604B080BDC046D498012087
:10F3400080B584B000AF78607B68DB68DB68BB6049
:10F35000BB6818331800FEF7ADFA1F4B1B68002B73
:10F360001DD1BB6804331800FEF7A4FABB68DA6A43
:10F370001A4B1B689A4203D9BB68DA6A174B1A60AA
:10F38000BB68DA6A13009B009B189B00144A9A180A
:10F39000BB68043319001000FEF734FA07E0BB68BD
:10F3A00018331A000F4B11001800FEF72BFABB6838
:10F3B000DA6A0D4B1B68DB6A9A4205D90123FB60B0
:10F3C0000A4B01221A6001E00023FB60FB68180071
:10F3D000BD4604B080BDC046FC990120DC990120E7
:10F3E000D898012094990120D4980120E89901200F
:10F3F00080B582B000AF7860054B1A687B681A60F0
:10F40000044B1A687B685A60C046BD4602B080BD96
:10F41000EC990120D899012080B586B000AF7860C2
:10F420003960FEF7FDFA1D4B1B683B617B685B682A
:10F430003A69D31AFB603B681B68013302D1002391
:10F440007B6124E07B681A68154B1B689A4207D0E1
:10F450007B685B683A699A4202D301237B6116E0BC
:10F460003B681B68FA689A420CD23B681A68FB68D2
:10F47000D21A3B681A607B681800FFF7B9FF0023B7
:10F480007B6104E03B6800221A6001237B61FEF788
:10F49000D9FA7B691800BD4606B080BDD899012015
:10F4A000EC99012080B500AF024B01221A60C046E2
:10F4B000BD4680BDE899012080B582B000AF78607C
:10F4C00000F04EF8034B1B68012BF9D9FEF798FAB0
:10F4D000F6E7C046D898012080B582B000AF00237F
:10F4E0007B600CE07A6813009B009B189B00144A19
:10F4F0009B181800FEF75DF97B6801337B607B6821
:10F50000062BEFD90F4B1800FEF753F90E4B1800DE
:10F51000FEF74FF90D4B1800FEF74BF90C4B180096
:10F52000FEF747F90B4B1800FEF743F90A4B054A63
:10F530001A600A4B044A1A60C046BD4602B080BD3C
:10F54000D89801206499012078990120949901208C
:10F55000A8990120C09901208C990120909901203F
:10F5600080B582B000AF1AE0FEF75AFA104BDB68A4
:10F57000DB687B607B6804331800FEF79BF90D4B5A
:10F580001B685A1E0B4B1A600B4B1B685A1E0A4B0A
:10F590001A60FEF757FA7B68180000F0E8F8064B8F
:10F5A0001B68002BE0D1C046C046BD4602B080BDFE
:10F5B000A8990120D4990120BC99012080B586B07A
:10F5C00000AFF860B9607A601A00FB1C1A70FB6823
:10F5D000002B02D12E4B1B6800E0FB687B61BB68EF
:10F5E0007A691A607B6934331A00BB685A607B6998
:10F5F000DA6ABB681A617B691A6BBB68DA617B697E
:10F600005A6CBB689A607B69DA6CBB685A617B692B
:10F610005A6DBB689A61FB1C1B78052B1CD01C4BD8
:10F620001B687A699A4203D1BB6800221A731BE0F7
:10F63000BB68FA1C12781A73FB1C1B78032B13D1BE
:10F64000FFF7C8FB7B699B6A002B02D0BB680222D4
:10F650001A73FFF7CBFB07E07B691800FFF776FA18
:10F6600003001A00BB681A737B68002B09D07B6902
:10F670001B6B180000F061F803001A00BB681A84C5
:10F6800002E0BB6800221A84C046BD4606B080BDB9
:10F69000D498012080B58AB000AFF860B960FB1D36
:10F6A0001A7000237B62BB681B68002B40D0BB68CC
:10F6B0003B623B6A5B685A683B6A5A603B6A5A68BD
:10F6C0003B6A08339A4204D13B6A5B685A683B6ADA
:10F6D0005A603B6A5B68DB68FB61BB68BB61BB6906
:10F6E0005B685A68BB695A60BB695A68BB69083372
:10F6F0009A4204D1BB695B685A68BB695A60BB69AE
:10F700005B68DB687B617A6A1300DB009B189B00F7
:10F710001A00FB689918FB1D1B7878690122FFF716
:10F720004DFF7B6A01337B627A69FB699A42D4D1CF
:10F730007B6A1800BD460AB080BD80B584B000AFBA
:10F7400078600023FB6005E07B6801337B60FB6829
:10F750000133FB607B681B78A52BF5D0FB689B0809
:10F76000FB60FB689BB21800BD4604B080BD80B54D
:10F7700082B000AF78607B681B6B1800FEF780FAE0
:10F780007B681800FEF77CFAC046BD4602B080BD1B
:10F7900080B582B000AF0B4B1B681B68002B04D1F7
:10F7A000094B012252421A6008E0064B1B68DB68D5
:10F7B000DB687B607B685A68034B1A60C046BD46B5
:10F7C00002B080BD8C990120F499012080B582B0EF
:10F7D00000AF0A4B1B68002B02D101237B6008E0BD
:10F7E000074B1B68002B02D102237B6001E0002342
:10F7F0007B607B681800BD4602B080BDE0990120A7
:10F80000FC99012080B584B000AF78607B68BB6054
:10F810000023FB607B68002B51D0BB68DA6A2A4B5F
:10F820001B68DB6A9A4241D2BB689B69002B06DBEE
:10F83000254B1B68DB6A0722D21ABB689A61BB683A
:10F840005969BB68DA6A13009B009B189B001F4A2A
:10F850009B18994222D1BB6804331800FEF72AF89E
:10F86000194B1B68DA6ABB68DA62BB68DA6A184B44
:10F870001B689A4203D9BB68DA6A154B1A60BB68E9
:10F88000DA6A13009B009B189B00104A9A18BB6809
:10F89000043319001000FDF7B5FF04E00A4B1B68A4
:10F8A000DA6ABB68DA620123FB6008E0BB68DA6CE5
:10F8B000054B1B68DB6A9A4201D20123FB60FB689F
:10F8C0001800BD4604B080BDD4980120D89801200E
:10F8D000DC99012080B584B000AF78607B68BB60A4
:10F8E0000023FB607B68002B37D0BB681B6D5A1E62
:10F8F000BB681A65BB68DA6ABB68DB6C9A422CD0BD
:10F90000BB681B6D002B28D1BB6804331800FDF7C2
:10F91000D1FFBB68DA6CBB68DA62BB68DB6A0722BE
:10F92000D21ABB689A61BB68DA6A0E4B1B689A42AE
:10F9300003D9BB68DA6A0B4B1A60BB68DA6A13003A
:10F940009B009B189B00084A9A18BB680433190057
:10F950001000FDF757FF0123FB60FB681800BD4650
:10F9600004B080BDDC990120D898012080B586B014
:10F9700000AF786039607B683B610123FB607B6886
:10F98000002B4BD03B69DB6C3A689A4202D93B684A
:10F990007B6102E03B69DB6C7B613B69DB6A7A6916
:10F9A0009A423BD03B691B6DFA689A4236D13B695B
:10F9B000DB6ABB603B697A69DA623B699B69002B51
:10F9C00004DB7B690722D21A3B699A613B6959695A
:10F9D000BA6813009B009B189B00124A9B1899421F
:10F9E0001CD13B6904331800FDF764FF3B69DA6AF8
:10F9F0000D4B1B689A4203D93B69DA6A0A4B1A60BD
:10FA00003B69DA6A13009B009B189B00054A9A1811
:10FA10003B69043319001000FDF7F4FEC046BD46F3
:10FA200006B080BDD8980120DC99012080B584B053
:10FA300000AF786039603A687B681100180009F0FF
:10FA40008CF97B681800E0F769FB0300FB6007E0B6
:10FA50007A68FB68D31820221A70FB680133FB60B8
:10FA6000FB680B2BF4D97A68FB68D31800221A7054
:10FA70007A68FB68D3181800BD4604B080BD00004A
:10FA8000F0B589B002AF78607B6800221A704C4BE9
:10FA90001B68FB604A4B1A681300DB009B189B0035
:10FAA0001800FEF74DF80300BB60BB68002B00D1C7
:10FAB00082E0F968BB6800221800FFF73BFA0300F8
:10FAC000FB6000237B616FE07A691300DB009B1809
:10FAD0009B001A00BB689B181B7B042B1DD89A0047
:10FAE000384BD3181B689F461323FB1858221A70F3
:10FAF00018E01323FB1852221A7013E01323FB188B
:10FB000042221A700EE01323FB1853221A7009E0E8
:10FB10001323FB1844221A7004E01323FB1800225D
:10FB20001A70C0467A691300DB009B189B001A000C
:10FB3000BB689B185A687B6811001800FFF776FFB6
:10FB400003007B601323FB181C787A691300DB0029
:10FB50009B189B001A00BB689B181D697A691300EB
:10FB6000DB009B189B001A00BB689B181B8C1E00B7
:10FB70007A691300DB009B189B001A00BB689B1876
:10FB80009B6811497868019300962B00220008F0C9
:10FB900045FF7B681800E0F7C1FA02007B689B18FC
:10FBA0007B607B6901337B617A69FB689A428BD306
:10FBB000BB681800FEF764F8C046BD4607B0F0BD4C
:10FBC000D49901205C1903084C19030880B588B04A
:10FBD00000AF78607B6800221A703F4B1B68BB61E6
:10FBE0003D4B1A681300DB009B189B001800FDF7C3
:10FBF000A7FF03007B617B69002B68D00C23FA18F8
:10FC0000B9697B691800FFF795F90300BB61FB68D0
:10FC100064211800E0F79EFA0300FB60FB68002BEC
:10FC200051D00023FB614AE0FA691300DB009B1806
:10FC30009B001A007B699B189B69FA6811001800E9
:10FC4000E0F788FA03003B61FA691300DB009B18B8
:10FC50009B001A007B699B185A687B68110018008A
:10FC6000FFF7E4FE03007B603B69002B0ED0FA69CE
:10FC70001300DB009B189B001A007B699B189A6994
:10FC80003B691649786808F0C9FE0DE0FA6913006F
:10FC9000DB009B189B001A007B699B189A6910492E
:10FCA0007B68180008F0BAFE7B681800E0F736FAA7
:10FCB00002007B689B187B60FB690133FB61FA697A
:10FCC000BB699A42B0D37B691800FDF7D9FFC046E3
:10FCD000BD4608B080BDC046D49901207019030804
:10FCE0007C19030880B500AF064B1B68002B04D0BD
:10FCF000044B1B681A6D01321A65024B1B68180011
:10FD0000BD4680BDD498012080B584B000AF786036
:10FD10003960FDF785FE1C4B1B689B6D002B0ED1D7
:10FD2000194B1B685C22012199543B68002B06D0BB
:10FD30003B680121180000F0B7F9FDF761FEFDF7FF
:10FD400081FEFDF76DFE104B1B689B6DFB60FB6831
:10FD5000002B0CD07B68002B04D00B4B1B680022BF
:10FD60009A6504E0084B1B68FA68013A9A65064BED
:10FD70001B685C2200219954FDF764FEFB681800A3
:10FD8000BD4604B080BDC046D498012080B588B07F
:10FD900000AFF860B9603B60FB1D1A700123FB6186
:10FDA000FB68BB61FDF73CFE3B68002B03D0BB69E1
:10FDB0009A6D3B681A601723FB18BA695C21525C84
:10FDC0001A70BB695C2202219954FB1D1B78042B1D
:10FDD00021D89A002A4BD3181B689F46BB699A6D9D
:10FDE000BB681A43BB699A6518E0BB699B6D5A1CD6
:10FDF000BB699A6512E0BB69BA689A650EE0172381
:10FE0000FB181B78022B03D0BB69BA689A6505E022
:10FE10000023FB6102E0C04600E0C0461723FB1848
:10FE20001B78012B25D1BB6904331800FDF742FD77
:10FE3000BB69DA6A134B1B689A4203D9BB69DA6A59
:10FE4000104B1A60BB69DA6A13009B009B189B0079
:10FE50000D4A9A18BB69043319001000FDF7D2FC53
:10FE6000BB69DA6A094B1B68DB6A9A4201D9FDF764
:10FE7000C7FDFDF7E7FDFB691800BD4608B080BD72
:10FE800088190308DC990120D8980120D498012012
:10FE900080B588B000AFF860B9603B60FB1D1A7098
:10FEA0000123FB61FB68BB61FDF7DEFD03007B61A5
:10FEB0003B68002B03D0BB699A6D3B681A60132323
:10FEC000FB18BA695C21525C1A70BB695C22022182
:10FED0009954FB1D1B78042B21D89A00354BD3185D
:10FEE0001B689F46BB699A6DBB681A43BB699A65DC
:10FEF00018E0BB699B6D5A1CBB699A6512E0BB692F
:10FF0000BA689A650EE01323FB181B78022B03D006
:10FF1000BB69BA689A6505E00023FB6102E0C04650
:10FF200000E0C0461323FB181B78012B39D1224B6C
:10FF30001B68002B1DD1BB6904331800FDF7BAFC08
:10FF4000BB69DA6A1D4B1B689A4203D9BB69DA6A3E
:10FF50001A4B1A60BB69DA6A13009B009B189B005E
:10FF6000174A9A18BB69043319001000FDF74AFCC0
:10FF700007E0BB6918331A00124B11001800FDF797
:10FF800041FCBB69DA6A104B1B68DB6A9A4208D9EC
:10FF9000BB6A002B02D0BB6A01221A600B4B012204
:10FFA0001A607B691800FDF765FDFB691800BD4606
:10FFB00008B080BD9C190308FC990120DC99012040
:10FFC000D898012094990120D4980120E899012023
:10FFD00080B586B000AF786039607B687B61FDF7E3
:10FFE00043FD03003B610F203B187A695C21525CA2
:10FFF0001A707B695C22022199547B699B6D5A1CA3
:020000040802F0
:100000007B699A653B181B78012B39D1204B1B6803
:10001000002B1DD17B6904331800FDF74BFC7B6975
:10002000DA6A1C4B1B689A4203D97B69DA6A194B5E
:100030001A607B69DA6A13009B009B189B00164AC2
:100040009A187B69043319001000FDF7DBFB07E009
:100050007B6918331A00114B11001800FDF7D2FB11
:100060007B69DA6A0E4B1B68DB6A9A4208D93B68E7
:10007000002B02D03B6801221A600A4B01221A6051
:100080003B691800FDF7F6FCC046BD4606B080BDD2
:10009000FC990120DC990120D89801209499012035
:1000A000D4980120E899012080B584B000AF786031
:1000B0003960214B1B68FB60204B1B680433180020
:1000C000FDF7F8FB7B6801330BD13B68002B08D0B0
:1000D0001A4B1B681A1D1A4B11001800FDF792FBF2
:1000E00026E0FA687B68D318BB60144B1B68BA68BB
:1000F0005A60BA68FB689A4209D2124B1A680F4BD1
:100100001B68043319001000FDF79EFB10E00E4B36
:100110001A680A4B1B68043319001000FDF794FBA2
:100120000A4B1B68BA689A4202D2084BBA681A6036
:10013000C046BD4604B080BDD8990120D4980120A6
:10014000C0990120909901208C990120F4990120F7
:1001500080B584B002AF00237B6000F0E3FA0A4B65
:100160001B68002B0BD0094A09490A480A4B019326
:10017000032300930023FEF794FB03007B607B685E
:100180001800BD4602B080BD389A0120C4090000A5
:10019000B0190308490302083C9A012090B589B0C0
:1001A00002AFF860B9607A603B602C20FDF7C8FCB4
:1001B00003007B617B69002B0ED07B692822002124
:1001C00099543C687A68B968F8687B690193BB6A9E
:1001D0000093230000F005F87B691800BD4607B0C6
:1001E00090BD80B584B000AFF860B9607A603B60C4
:1001F000FB69002B1ED000F095FAFB69FA681A60C3
:10020000FB69BA689A61FB693A68DA61FB69BA69A5
:100210001A62FB6904331800FDF7E9FA7B68002BCA
:1002200008D0FB6928229B5C04221343D9B2FB69E6
:1002300028229954C046BD4604B080BD90B58BB00D
:1002400000AFF860B9607A603B6000237B621D4BB1
:100250001B68002B30D014243B19BA681A603B1974
:100260007A685A603B19FA689A60BB68052B19DCFA
:10027000FFF7ACFA0300022B09D1124B1868BA6BD6
:1002800039190023FDF7ABFE03007B6214E00D4B30
:1002900018681423F91800230022FDF7A0FE0300BC
:1002A0007B6209E0074B18683A681423F9180023A9
:1002B000FDF72AFF03007B627B6A1800BD460BB086
:1002C00090BDC046389A012080B586B002AF7860F4
:1002D00039601C4B1B68DB68DB68FB60FB68043320
:1002E0001800FDF7E7FAFB6828229B5C1A0004233C
:1002F000134015D0FB689A697B68D1187B683A680F
:10030000F86800F0BFF8031E13D07A68F86800237D
:10031000009300230021FFF791FF0300BB6008E07A
:10032000FB6828229B5C01229343D9B2FB682822F8
:100330009954FB681B6AFA6810009847C046BD468E
:1003400004B080BD309A012080B584B000AF7860E1
:100350000823FB18180000F053F80300FB60BA688C
:10036000FB681100180000F003F800F0CDF8EFE78B
:1003700080B584B000AF78603960FEF72BFD0823AC
:10038000FB18180000F05EF80300FB60BB68002B50
:100390002BD13B68002B0CD17A68FB689A4208D8B5
:1003A000FEF724FDFA687B6811001800FFF78CFF48
:1003B0001DE03B68002B08D00F4B1B681B68002B0F
:1003C00001D1012300E000233B600C4B18687A68E0
:1003D000FB68D31A3A681900FEF730FAFEF706FDFB
:1003E000031E04D1FDF70CFB01E0FEF7FFFCC04645
:1003F000BD4604B080BDC046349A0120389A012021
:1004000080B584B000AF78600D4B1B681B68002B73
:1004100001D1012200E000227B681A607B681B6822
:10042000002B05D1064B1B68DB681B68FB6001E0F5
:100430000023FB60FB681800BD4604B080BDC046C9
:10044000309A012080B584B000AF7860FEF754FD8B
:100450000300FB600A4B1B68FA689A4205D200F061
:1004600009F97B6801221A6002E07B6800221A60A9
:10047000034BFA681A60FB681800BD4604B080BDE3
:10048000409A012080B586B000AFF860B9607A600C
:100490003B6000237B61FB68BA685A60FB68FA68BE
:1004A0001A61BA687B689A4212D87A683B68D21A95
:1004B000FB689B699A4202D301237B611BE0104BCE
:1004C0001A68FB68043319001000FDF7BDF912E04B
:1004D0007A683B689A4206D2BA683B689A4202D36D
:1004E00001237B6107E0074B1A68FB68043319009E
:1004F0001000FDF7A9F97B691800BD4606B080BD64
:10050000349A0120309A012090B58DB002AF9CE062
:100510000822BB181B68002B0ADABB1804337B6265
:100520007B6A1A687B6A58687B6A9B6819009047E7
:100530000822BB181B68002B00DA86E0BB189B68FA
:100540003B623B6A5B69002B04D03B6A04331800B2
:10055000FDF7B0F93B1D1800FFF774FF0300FB61C6
:100560000823FB181B68092B6ED89A003F4BD31841
:100570001B689F463B6A28229B5C01221343D9B229
:100580003B6A2822995408243B195A683B6A9B69A4
:10059000D1183B195B68FA69386AFFF773FF031ECD
:1005A00053D03B6A1B6A3A6A100098473B6A28227C
:1005B0009B5C1A000423134047D03B195A683B6ADE
:1005C0009B69D218386A0023009300230021FFF7AB
:1005D00035FE0300BB6138E03B6A28229B5C0122A8
:1005E0009343D9B23B6A282299542EE03B6A2822D1
:1005F0009B5C01221343D9B23B6A282299540823F9
:10060000FB185A683B6A9A613B6A9A69FB69D11880
:10061000FB69FA69386AFFF735FF16E03B6A282262
:100620009B5C1A000223134004D13B6A1800FDF7BB
:1006300027FB0AE03B6A28229B5C01229343D9B244
:100640003B6A2822995400E0C046094B1B680822E7
:10065000B91800221800FDF7F5FD031E00D057E77A
:10066000C046C046BD460BB090BDC046B819030891
:10067000389A012080B588B002AF3CE0274B1B6858
:10068000DB681B683B61254B1B68DB68DB68FB6034
:10069000FB6804331800FDF70DF9FB681B6AFA6864
:1006A00010009847FB6828229B5C1A000423134023
:1006B00021D0FB689B693A69D318BB60BA683B6973
:1006C0009A420ED9FB68BA685A60FB68FA681A61E8
:1006D000124B1A68FB68043319001000FDF7B4F8D8
:1006E00009E03A69F8680023009300230021FFF72E
:1006F000A5FD03007B60094B1B681B68002BBDD167
:10070000064B1B687B61064B1A68044B1A60044B4E
:100710007A691A60C046BD4606B080BD309A012095
:10072000349A012080B500AFFDF77AF9144B1B68AD
:10073000002B20D1134B1800FDF73BF8124B18008B
:10074000FDF737F8114B0F4A1A60114B0E4A1A6029
:10075000002210210420FDF7DAFB0200084B1A608A
:10076000074B1B68002B06D0054B1B68094A11007C
:100770001800FEF73BF8FDF765F9C046BD4680BDA1
:10078000389A0120089A01201C9A0120309A0120F1
:10079000349A0120E019030880B582B000AFFB1D38
:1007A00000221A700B4B1A680A4B802149000A4339
:1007B0001A60032000F010F8031E03D0FB1D012275
:1007C0001A7001E002F0E1F9FB1D1B781800BD462C
:1007D00002B080BD0020024090B585B000AF7860C7
:1007E0000F23FB1800221A701D4B1B78002B2BD0F7
:1007F0001C4B1C681A4B1B781900FA239800DFF772
:10080000A9FC030019002000DFF7A4FC0300180076
:1008100001F08FF8031E12D17B68032B0AD8796888
:1008200001235B420022180001F05EF80E4B7A684B
:100830001A600DE00F23FB1801221A7008E00F2345
:10084000FB1801221A7003E00F23FB1801221A7013
:100850000F23FB181B781800BD4605B090BDC0469D
:10086000880200206C0200208402002080B500AFC6
:10087000054B1B781A00054B1B68D218034B1A60F6
:10088000C046BD4680BDC04688020020449A012073
:1008900080B500AF024B1B681800BD4680BDC04646
:1008A000449A012080B584B000AF7860FFF7F0FF74
:1008B0000300BB607B68FB60FB68013305D00A4B1B
:1008C0001B781A00FB689B18FB60C046FFF7E0FF2F
:1008D0000200BB68D31AFA689A42F7D8C046C046ED
:1008E000BD4604B080BDC0468802002080B500AF80
:1008F000034B1B681B0C1B041B0C1800BD4680BD62
:100900000058014080B500AF034B1B681B051B0D51
:100910001800BD4680BDC0460058014080B582B079
:1009200000AF786039607B681B68054A1A403B68F5
:100930001A437B681A60C046BD4602B080BDC046FF
:10094000FFFF3FFE80B582B000AF78607B681A6819
:10095000E0235B0413401800BD4602B080BD80B5A3
:1009600084B000AFF860B9607A60FB685B69BA6810
:1009700004210A40072191400A00D2431A40BB6873
:1009800004210B40796899400B001A43FB685A61B7
:10099000C046BD4604B080BD80B582B000AF78606F
:1009A00039607B685B693A6804210A4007219140FD
:1009B0000A001A403B6804210B40DA40130018007B
:1009C000BD4602B080BD80B582B000AF78607B6864
:1009D000DA68C0231B01134001D1012300E000238A
:1009E0001800BD4602B080BD80B584B000AFF8608D
:1009F000B9607A60FB689B6ABA681F210A400F21C0
:100A000091400A00D2431A407B689B0E0F21194087
:100A1000BB681F20034099400B001A43FB689A6291
:100A2000C046BD4604B080BD80B582B000AF7860DE
:100A300039607B689A6A3B685B035B0B1A437B688F
:100A40009A62C046BD4602B080BD80B582B000AF9C
:100A5000786039607B689B6A3A685203520BD243D4
:100A60001A407B689A62C046BD4602B080BD000055
:100A700080B584B000AFF860B9607A60FB685B69EC
:100A8000BA681202D2431A40BB681B0279680B4055
:100A900004490B401A43FB685A61C046BD4604B086
:100AA00080BDC04600FFFF0780B582B000AF786010
:100AB0007B689B68054A1340802252051A437B6875
:100AC0009A60C046BD4602B080BDC046E8FFFF6FD9
:100AD00080B582B000AF78607B689A6880235B0540
:100AE0001A4080235B059A4201D1012300E00023D4
:100AF0001800BD4602B080BD80B582B000AF7860FE
:100B00007B689B68044A134001221A437B689A6001
:100B1000C046BD4602B080BDE8FFFF7F80B582B011
:100B200000AF78607B689B68044A134002221A4336
:100B30007B689A60C046BD4602B080BDE8FFFF7F7B
:100B400080B582B000AF78607B689B68012213405B
:100B5000012B01D1012300E000231800BD4602B0A3
:100B600080BD80B582B000AF78607B689B68022250
:100B70001340022B01D1012300E000231800BD46E1
:100B800002B080BD80B582B000AF78607B689B68A2
:100B9000044A134004221A437B689A60C046BD464B
:100BA00002B080BDE8FFFF7F80B582B000AF786003
:100BB0007B689B68044A134010221A437B689A6042
:100BC000C046BD4602B080BDE8FFFF7F80B582B061
:100BD00000AF78607B689B6804221340042B01D12E
:100BE000012300E000231800BD4602B080BD0000D4
:100BF00080B588B000AF78601F23FB1800221A7000
:100C00000023BB6100237B610023FB607B68002B1A
:100C100001D101237FE17B689B6D002B0AD17B68AA
:100C20001800F5F7AFFA7B680022DA657B6854227A
:100C3000002199547B681B681800FFF749FF031EC9
:100C400015D17B681B681800FFF72EFFB44B1B689B
:100C5000B4491800DFF77EFA030001335B00FB6044
:100C600002E0FB68013BFB60FB68002BF9D17B686D
:100C70001B681800FFF72CFF031E0FD17B689B6DCC
:100C800010221A437B689A657B68DB6D01221A4348
:100C90007B68DA651F23FB1801221A707B681B68CA
:100CA0001800FFF793FF03003B617B689B6D1022E8
:100CB000134000D022E13B69002B00D01EE17B688D
:100CC0009B6D994A134002221A437B689A657B68A0
:100CD0001B681800FFF734FF031E00D0ADE07B68EF
:100CE0009A687B681B7E9B031A437B685B7EDB03F1
:100CF0001A437B689B7E5B031A437B681B6B002B4C
:100D000002D080235B0100E000231A437B68DB688C
:100D10001A437B681B69002B04DA7B681B695B0044
:100D20005B0801E080239B031A437B682C215B5CFA
:100D30005B001343BA691343BB617B6820229B5C51
:100D4000012B15D17B689B7E002B05D1BB698022CE
:100D500052021343BB610BE07B689B6D20221A4358
:100D60007B689A657B68DB6D01221A437B68DA65D4
:100D70007B685B6A002B0AD07B685A6AE0235B00C1
:100D80001A407B689B6A1343BA691343BB617B6853
:100D90001B68DB68654A134019007B681B68BA69E9
:100DA0000A43DA607B685B689B0F9A077B68DB6CA1
:100DB00013437A6913437B617B683C229B5C012B64
:100DC00011D17B685B689B0F9A077B681B6C1A4389
:100DD0007B685B6C1A437B689B6C1A437B6913438B
:100DE000012213437B617B681B681B69504A1340D7
:100DF00019007B681B687A690A431A617B685A6824
:100E0000C0231B069A4218D07B685A688023DB05F2
:100E10009A4212D07B685A6880231B069A420CD0F3
:100E2000444B1B68444A134019007B685A68F023FE
:100E30009B031A403F4B0A431A607B6818687B6823
:100E40005B6B1A000021FFF78AFD7B6818687B68DE
:100E50009B6B3A491A00FFF782FD7B681B69002BE8
:100E600009D17B681B689A6A7B681B68102149421C
:100E70000A439A6218E07B681A6980239B039A42AE
:100E800012D17B681B689B6A7B68DB69013B9B0016
:100E90001C221340102252429A4011007B681A6EA5
:100EA0007B681B680A439A627B681B6800211800F4
:100EB000FFF772FD02007B685B6B9A420BD17B6887
:100EC0000022DA657B689B6D0322934301221A435B
:100ED0007B689A651CE07B689B6D1222934310220D
:100EE0001A437B689A657B68DB6D01221A437B6835
:100EF000DA651F23FB1801221A7009E07B689B6DDD
:100F000010221A437B689A651F23FB1801221A706E
:100F10001F23FB181B781800BD4608B080BDC046D3
:100F20006C020020400D0300FDFEFFFF0102DEFF0A
:100F300002FCFF1F08270140FFFFC3FF04FFFF075C
:100F4000B0B584B000AF78607B681B681800FFF70D
:100F50003DFE031E35D17B6854229B5C012B01D1E1
:100F6000022335E07B685422012199540F257C1916
:100F70007B68180000F028FB030023707B191B78A6
:100F8000002B19D17B689B6D134A134080225200BD
:100F90001A437B689A657B680022DA657B681B6868
:100FA0001C221A607B685422002199547B681B68BC
:100FB0001800FFF7E7FD08E07B68542200219954F0
:100FC00003E00F23FB1802221A700F23FB181B7873
:100FD0001800BD4604B0B0BDFEF0FFFFB0B584B050
:100FE00000AF78607B6854229B5C012B01D1022307
:100FF00029E07B685422012199540F257C197B68D4
:10100000180000F09FFA030023707B191B78002B57
:1010100012D17C197B68180000F05CFB0300237080
:101020007B191B78002B07D17B689B6D084A134006
:1010300001221A437B689A657B68542200219954E7
:101040000F23FB181B781800BD4604B0B0BDC04686
:10105000FEFEFFFF80B584B000AF786039607B682A
:101060005B69082B02D10823FB600FE07B681B68DB
:10107000DB680122134007D07B689B6D20221A4356
:101080007B689A65012372E00423FB60FFF700FC94
:101090000300BB601FE03B6801331CD0FFF7F8FB87
:1010A0000200BB68D31A3A689A4202D33B68002B0D
:1010B00011D17B681B681B68FA6813400BD17B68F1
:1010C0009B6D04221A437B689A657B685422002139
:1010D000995403234BE07B681B681B68FA68134034
:1010E000D9D07B689B6D802292001A437B689A65F9
:1010F0007B681B681800FFF766FC031E2ED07B6818
:101100009B7E002B2AD17B681B681B68082213403A
:10111000082B23D17B681B681800FFF757FD031EBF
:1011200010D17B681B685A687B681B680C218A4356
:101130005A607B689B6D104A134001221A437B68FA
:101140009A650BE07B689B6D20221A437B689A6549
:101150007B68DB6D01221A437B68DA657B681B7E46
:10116000002B03D17B681B680C221A600023180037
:10117000BD4604B080BDC046FEFEFFFF80B582B014
:1011800000AF78607B681B681B6C1800BD4602B01E
:1011900080BD000080B586B000AF7860396017234D
:1011A000FB1800221A700023FB607B6854229B5CB2
:1011B000012B01D10223C0E17B6854220121995403
:1011C0007B681B681800FFF701FD031E00D0A3E138
:1011D0003B685B68022B00D143E17B681A6980237E
:1011E0001B069A4204D07B681B69C14A934208D10E
:1011F0007B681A683B681B6819001000FFF714FC35
:10120000C9E07B681A6E3B685B681F210B400F21A9
:1012100099400B00DB43134019003B681B685B03DC
:101220005B0B05D13B681B689B0E1F22134098E0A7
:101230003B681B680122134000D091E03B681B68AB
:101240000222134000D089E03B681B68042213404F
:1012500000D081E03B681B680822134000D079E091
:101260003B681B681022134000D071E03B681B688C
:101270002022134000D069E03B681B6840221340E5
:1012800000D061E03B681B688022134000D059E029
:101290003B681A6880235B00134051D13B681A6891
:1012A00080239B00134049D13B681A688023DB00F0
:1012B000134041D13B681A6880231B01134039D188
:1012C0003B681A6880235B01134031D13B681A6880
:1012D00080239B01134029D13B681A688023DB01DE
:1012E000134021D13B681A6880231B02134019D197
:1012F0003B681A6880235B02134011D13B681A686F
:1013000080239B02134009D13B681A688023DB02CB
:10131000134001D0122324E0002322E0112320E017
:1013200010231EE00F231CE00E231AE00D2318E00B
:101330000C2316E00B2314E00A2312E0092310E02B
:1013400008230EE007230CE006230AE0052308E04B
:10135000042306E0032304E0022302E0012300E06B
:1013600000233A6852681F20024093400A001A4343
:101370007B681A663B685B689B085A1C7B68DB6964
:101380009A4208D87B6818683B6859683B681B68B4
:101390001A00FFF729FB7B6818683B6819683B68EF
:1013A0009B681A00FFF764FB3B681B68002B00DB9F
:1013B000BCE0504B1800FFF7C5FA03003B613B68E7
:1013C0001B684D4A934222D13A6980231B04134083
:1013D0001DD13B69802212041343464A19001000B4
:1013E000FFF79CFA454B1B6845491800DEF7B2FE33
:1013F00003005A1C13005B009B189B00FB6002E07B
:10140000FB68013BFB60FB68002BF9D18EE03B6879
:101410001B683C4A93420ED13A6980235B04134017
:1014200009D13B69802252041343324A190010004B
:10143000FFF774FA7AE03B681B68334A934200D0A6
:1014400074E03A698023DB03134000D06EE03B690F
:101450008022D2031343274A19001000FFF75EFAD7
:1014600064E07B681A6980231B069A4204D07B687B
:101470001B691F4A934207D17B681A683B681B6847
:1014800019001000FFF7E1FA3B681B68002B4DDAEA
:10149000184B1800FFF756FA03003B613B681B68C6
:1014A000154A934208D13B69184A1340114A190062
:1014B0001000FFF733FA39E03B681B68114A93428A
:1014C00008D13B69124A13400A4A19001000FFF77D
:1014D00025FA2BE03B681B680B4A934226D13B69F7
:1014E0000C4A1340034A19001000FFF717FA1DE0D9
:1014F0000400008008270140001000B06C020020AA
:10150000400D0300004000B8002000B4FFFF7FFF43
:10151000FFFFFFFEFFFFBFFF7B689B6D20221A438A
:101520007B689A651723FB1801221A707B68542286
:10153000002199541723FB181B781800BD4606B0EC
:1015400080BDC04680B584B000AF78607B681B6802
:101550001800FFF73BFB031E31D07B681B681800A7
:10156000FFF7FFFA031E04D17B681B681800FFF722
:101570001BFBFFF78DF90300FB601AE0FFF788F90A
:101580000200FB68D31A022B13D97B681B689B6887
:10159000042213400DD07B689B6D10221A437B6898
:1015A0009A657B68DB6D01221A437B68DA6501234B
:1015B00006E07B681B689B6804221340DED1002391
:1015C0001800BD4604B080BD80B584B000AF78601F
:1015D0000023BB607B681B681800FFF7B1FA031E8D
:1015E00000D069E07B681B689B68364A13400DD0C9
:1015F0007B689B6D10221A437B689A657B68DB6D64
:1016000001221A437B68DA65012356E07B681B6878
:101610001800FFF771FA2C4B1800FFF793F902003E
:1016200080231B0413400FD0284B1B682849180047
:10163000DEF790FD03000133BB6002E0BB68013BB5
:10164000BB60BB68002BF9D17B685B7E012B33D07C
:10165000FFF71EF90300FB6027E07B681B6818009A
:10166000FFF76EFA031E04D17B681B681800FFF7B2
:1016700043FAFFF70DF90200FB68D31A022B14D9C5
:101680007B681B681B6801221340012B0DD07B680F
:101690009B6D10221A437B689A657B68DB6D012283
:1016A0001A437B68DA65012307E07B681B681B68C7
:1016B00001221340012BD0D100231800BD4604B0F5
:1016C00080BDC04617000080082701406C02002042
:1016D000400D030080B584B000AF78607B681B6864
:1016E0001800FFF73EFA0300FB607B681B681800D8
:1016F000FFF726FA031E46D0FB68002B43D17B6818
:101700001B689B6805221340012B0DD17B681B6869
:101710001800FFF703FA7B681B6803221A60FFF7C3
:10172000B7F80300BB6028E07B689B6D10221A436A
:101730007B689A657B68DB6D01221A437B68DA65FA
:10174000012321E0FFF7A4F80200BB68D31A022BA3
:1017500013D97B681B689B68012213400DD07B68FE
:101760009B6D10221A437B689A657B68DB6D0122B2
:101770001A437B68DA65012306E07B681B689B6877
:1017800001221340DED100231800BD4604B080BD05
:1017900080B582B000AF0200FB1D1A70FB1D1B78E4
:1017A0007F2B09D8FB1D1B781A001F231A40044BFE
:1017B000012191400A001A60C046BD4602B080BDBA
:1017C00000E100E090B583B000AF02003960FB1D7E
:1017D0001A70FB1D1B787F2B28D82F4AFB1D1B7806
:1017E0005BB29B08C0339B009B58FA1D1278110016
:1017F00003220A40D200FF2191400A00D2431A403E
:1018000011003B689B01FF221A40FB1D1B7818004A
:1018100003230340DB009A401F48FB1D1B785BB28B
:101820009B080A43C0339B001A5031E01B4AFB1D42
:101830001B7819000F230B40083B9B0806339B00C5
:10184000D31804331B68FA1D1278110003220A40D2
:10185000D200FF2191400A00D2431A4011003B6898
:101860009B01FF221A40FB1D1B7818000323034035
:10187000DB009A400948FB1D1B781C000F23234006
:10188000083B9B080A4306339B00C31804331A60C5
:10189000C046BD4603B090BD00E100E000ED00E0B1
:1018A00080B582B000AF78607B685A1E80235B04ED
:1018B0009A4201D3012310E00A4B7A68013A5A6038
:1018C00001235B4203211800FFF77CFF054B002238
:1018D0009A60044B07221A6000231800BD4602B02C
:1018E00080BDC04610E000E080B584B000AFB960B4
:1018F0007A600F217B18021C1A70BA687B181B785B
:101900005BB211001800FFF75DFFC046BD4604B092
:1019100080BD80B582B000AF0200FB1D1A70FB1DB8
:101920001B785BB21800FFF733FFC046BD4602B01C
:1019300080BD80B582B000AF78607B681800FFF78B
:10194000AFFF03001800BD4602B080BD80B582B075
:1019500000AF78607B68002B01D1012356E07B68E3
:101960005B7FDBB2002B06D17B6800221A777B6895
:101970001800F4F787F87B6802225A777B681B7996
:10198000002B0CD17B681B68224A5A617B681B685C
:101990009A687B681B6818218A439A600BE07B6811
:1019A00099687B68DA687B68180000F093F9031E79
:1019B00001D001232AE07B685B79002B05D17B688D
:1019C0001B68012252421A6104E07B681B687A6836
:1019D00012691A617B681B689B6860229343190037
:1019E0007B685A697B681B680A439A607B681B683E
:1019F0009B688022934319007B689A697B681B6807
:101A00000A439A607B6801225A7700231800BD467A
:101A100002B080BDB71DC10480B586B000AFF860CC
:101A2000B9607A6000233B61FB6802225A77FB6849
:101A30001B6A032B05D02DD8012B19D0022B20D0E7
:101A400028E000237B610AE07B699B00BA68D2181A
:101A5000FB681B6812681A607B6901337B617A69D5
:101A60007B689A42F0D3FB681B681B683B6112E0FD
:101A70007A68B968FB68180000F064F803003B61FD
:101A800009E07A68B968FB68180000F0ECF8030018
:101A90003B6100E0C046FB6801225A773B691800B1
:101AA000BD4606B080BD80B586B000AFF860B960B5
:101AB0007A6000233B61FB6802225A77FB681B684F
:101AC0009A68FB681B6801210A439A60FB681B6ADD
:101AD000032B05D02DD8012B19D0022B20D028E0C4
:101AE00000237B610AE07B699B00BA68D218FB681F
:101AF0001B6812681A607B6901337B617A697B68B5
:101B00009A42F0D3FB681B681B683B6112E07A685D
:101B1000B968FB68180000F015F803003B6109E0A4
:101B20007A68B968FB68180000F09DF803003B6113
:101B300000E0C046FB6801225A773B691800BD46A9
:101B400006B080BD80B588B000AFF860B9607A603B
:101B50000023FB6123E0FB699B00BA68D3181B7864
:101B60001A06FB699B000133B968CB181B781B046C
:101B70001A43FB699B000233B968CB181B781B0220
:101B80001A43FB699B000333B968CB181B78190013
:101B9000FB681B680A431A60FB690133FB617B68C1
:101BA0009B08FA699A42D6D37B680322134053D02C
:101BB0007B6803221340012B07D1FB699B00BA68A5
:101BC000D218FB681B6812781A707B6803221340D6
:101BD000022B19D1FB699B00BA68D3181B781B0232
:101BE0001AB2FB699B000133B968CB181B781BB292
:101BF00013431AB21A217B181A80FB681B687B6199
:101C00007B697A1812881A807B6803221340032BA1
:101C100022D1FB699B00BA68D3181B781B021AB249
:101C2000FB699B000133B968CB181B781BB21343C7
:101C30001AB21A217B181A80FB681B687B617B69CA
:101C40007A1812881A80FB699B000233BA68D2188E
:101C5000FB681B6812781A70FB681B681B68180009
:101C6000BD4608B080BD80B586B000AFF860B960F1
:101C70007A6000237B6113E07B699B00BA68D3180C
:101C80001B881A047B699B000233B968CB181B8838
:101C90001900FB681B680A431A607B6901337B618A
:101CA0007B685B087A699A42E6D37B68012213401D
:101CB00009D0FB681B683B617B699B00BA68D3183D
:101CC0001A883B691A80FB681B681B681800BD46B0
:101CD00006B080BD80B586B000AFF860B9607A60AC
:101CE00017217B1800221A701F233B61BB68012259
:101CF000134003D17B1801221A7045E0C0463B69AE
:101D00005A1E3A61002B08D03B691F221340BA6863
:101D1000DA40130001221340F1D07B68182B0FD05A
:101D20007B68182B24D87B68102B11D07B68102B74
:101D30001ED87B68002B20D07B68082B10D017E0C2
:101D40003B69062B1BD91723FB1801221A7016E0DA
:101D50003B69072B15D91723FB1801221A7010E0D5
:101D60003B690F2B0FD91723FB1801221A700AE0C9
:101D70001723FB1801221A7006E0C04604E0C04693
:101D800002E0C04600E0C0461723FB181B78002B7A
:101D90000ED1FB681B68BA685A61FB681B689B68B8
:101DA000182293431900FB681B687A680A439A60FB
:101DB0001723FB181B781800BD4606B080BD000035
:101DC00080B582B000AF78607B68002B01D1012321
:101DD00091E07B681B681A00494B9A4210D87B68D7
:101DE0001B68484A9446634414211800DEF7B2F990
:101DF00003009A007B685A647B68434A1A640FE0C8
:101E00007B681B68414A9446634414211800DEF73E
:101E1000A1F903009A007B685A647B683C4A1A6403
:101E20007B682522022199547B681B681A687B68AD
:101E30001B6838490A401A607B681B6819687B6810
:101E40009A687B68DB681A437B681B691A437B6866
:101E50005B691A437B689B691A437B68DB691A4399
:101E60007B681B6A1A437B681B680A431A607B689D
:101E7000180000F0A9FA7B689A688023DB019A4277
:101E800002D17B6800225A607B685A687B689B6C31
:101E90007F210A401A607B68DB6C7A68126D5A6099
:101EA0007B685B68002B11D07B685B68042B0DD8C6
:101EB0007B68180000F0D2FA7B685B6D00221A6024
:101EC0007B689B6D7A68D26D5A6008E07B6800225F
:101ED0005A657B6800229A657B680022DA657B6818
:101EE0000022DA637B682522012199547B68242231
:101EF0000021995400231800BD4602B080BDC046A1
:101F000007040240F8FFFDBF00000240F8FBFDBFE0
:101F1000000402400F80FFFF80B586B000AFF8607C
:101F2000B9607A603B601723FB1800221A70FB68C7
:101F300024229B5C012B01D102236FE0FB68242249
:101F400001219954FB6825229B5CDBB2012B57D100
:101F5000FB68252202219954FB680022DA63FB68A2
:101F60001B681A68FB681B6801218A431A603B687A
:101F70007A68B968F86800F0EBF9FB681B6B002B16
:101F800008D0FB681B681A68FB681B680E210A43AF
:101F90001A600FE0FB681B681A68FB681B68042165
:101FA0008A431A60FB681B681A68FB681B680A2171
:101FB0000A431A60FB689B6C1A6880235B0213401B
:101FC00008D0FB689B6C1A68FB689B6C80214900F9
:101FD0000A431A60FB685B6D002B08D0FB685B6DE1
:101FE0001A68FB685B6D802149000A431A60FB6830
:101FF0001B681A68FB681B6801210A431A600AE023
:10200000FB688022DA63FB6824220021995417239D
:10201000FB1801221A701723FB181B781800BD4605
:1020200006B080BD80B582B000AF78607B68002BC1
:1020300001D101234FE07B6825229B5CDBB2022BA0
:1020400008D07B680422DA637B682422002199543B
:10205000012340E07B681B681A687B681B680E21BF
:102060008A431A607B689B6C1A687B689B6C1C496E
:102070000A401A607B681B681A687B681B6801212C
:102080008A431A607B685B6C1C221A407B681B6C5D
:10209000012191400A005A607B68DB6C7A68126DFE
:1020A0005A607B685B6D002B0CD07B685B6D1A6897
:1020B0007B685B6D0A490A401A607B689B6D7A6891
:1020C000D26D5A607B682522012199547B682422B5
:1020D0000021995400231800BD4602B080BDC046BF
:1020E000FFFEFFFF80B584B000AF78600F217B1842
:1020F00000221A707B6825229B5CDBB2022B06D083
:102100007B680422DA637B1801221A7048E07B683E
:102110001B681A687B681B680E218A431A607B68FB
:102120001B681A687B681B6801218A431A607B68F8
:102130009B6C1A687B689B6C1D490A401A607B681F
:102140005B6C1C221A407B681B6C012191400A00C9
:102150005A607B68DB6C7A68126D5A607B685B6DD5
:10216000002B0CD07B685B6D1A687B685B6D104937
:102170000A401A607B689B6D7A68D26D5A607B68F2
:102180002522012199547B682422002199547B68DF
:102190009B6B002B04D07B689B6B7A681000984780
:1021A0000F23FB181B781800BD4604B080BDC04645
:1021B000FFFEFFFF80B584B000AF78607B681B6CCA
:1021C0001B68FB607B681B681B68BB607B685B6C83
:1021D0001C22134004229A401300FA68134026D0B0
:1021E000BB680422134022D07B681B681B68202236
:1021F000134007D17B681B681A687B681B68042141
:102200008A431A607B685B6C1C221A407B681B6CDB
:10221000042191400A005A607B681B6B002B00D19F
:1022200080E07B681B6B7A68100098477AE07B68D7
:102230005B6C1C22134002229A401300FA68134080
:102240003CD0BB680222134038D07B681B681B68F7
:10225000202213400BD17B681B681A687B681B68BF
:102260000A218A431A607B682522012199547B68E0
:102270001B681A002E4B9A4209D97B685B6C1C22A2
:102280001A402C4B022191400A005A6008E07B68FA
:102290005B6C1C221A40284B022191400A005A60B4
:1022A0007B682422002199547B68DB6A002B39D09B
:1022B0007B68DB6A7A681000984733E07B685B6C68
:1022C0001C22134008229A401300FA6813402AD0B7
:1022D000BB680822134026D07B681B681A687B689D
:1022E0001B680E218A431A607B685B6C1C221A40B3
:1022F0007B681B6C012191400A005A607B680122B7
:10230000DA637B682522012199547B68242200210D
:1023100099547B685B6B002B05D07B685B6B7A689C
:1023200010009847C046C046BD4604B080BDC046B8
:1023300080000240000402400000024080B582B0EC
:1023400000AF78607B68DB6B1800BD4602B080BDD3
:1023500080B584B000AFF860B9607A603B60FB681C
:10236000DB6CFA68126D5A60FB685B6D002B04D061
:10237000FB689B6DFA68D26D5A60FB685B6C1C222F
:102380001A40FB681B6C012191400A005A60FB68EF
:102390001B683A685A60FB689B68102B08D1FB6881
:1023A0001B687A689A60FB681B68BA68DA6007E0A5
:1023B000FB681B68BA689A60FB681B687A68DA6019
:1023C000C046BD4604B080BD80B584B000AF786023
:1023D0007B681B681A001D4B9A4214D87B685B6CA3
:1023E0009B089B001A4A9A187B689A647B681B6852
:1023F0001A00FF231340083B14211800DDF7AAFE42
:102400000300FB6014E07B685B6C9B089B00114A37
:102410009A187B689A647B681B681A00FF23134034
:10242000083B14211800DDF795FE03000733FB601D
:102430007B68094ADA64FB681F22134001229A4034
:102440007B681A65C046BD4604B080BD07040240E3
:10245000000802401C0802408008024080B584B099
:1024600000AF78607B685B687F221340FB60FB688D
:102470000A4A944663449B001A007B685A657B684D
:10248000074A9A65FB68013B0322134001229A40E8
:102490007B68DA65C046BD4604B080BD3F8200104F
:1024A00040090240B0B586B000AFF860B9603A604C
:1024B0007B60214B1B78012B01D1022338E01E4B9E
:1024C00001221A701C4B00225A6017257C19FA232E
:1024D0009B00180000F07AF8030023707B191B782A
:1024E000002B1FD1FB68012B06D13A687B68B968C5
:1024F000080000F0B9F805E03A68BB681100180060
:102500000BF08EF91723FC18FA239B00180000F03B
:102510005DF803002370094B5A69FB68D943074BE8
:102520000A405A61044B00221A701723FB181B78CB
:102530001800BD4606B0B0BD489A012000200240F8
:1025400080B582B000AFFB1D00221A700B4B5B6997
:10255000002B0CDA094B0A4A9A60084B094A9A6028
:10256000064B5B69002B02DAFB1D01221A70FB1D72
:102570001B781800BD4602B080BDC0460020024056
:1025800023016745AB89EFCD80B582B000AFFB1D5D
:1025900001221A70FA239B00180000F017F80A4B6A
:1025A0005A69094B802109060A435A61064B5B6947
:1025B000002B02DAFB1D00221A70FB1D1B7818008D
:1025C000BD4602B080BDC0460020024080B584B048
:1025D00000AF7860FEF75CF90300FB60C0239B024C
:1025E000BB600CE07B68013309D0FEF751F90200B3
:1025F000FB68D31A7A689A4201D8032328E0164B65
:102600001B69BA681340EDD1134B1B69134A134081
:10261000BB60114B124A1A61BB68002B11D0114BE1
:10262000BA685A60012313E07B68013309D0FEF7D2
:102630002FF90200FB68D31A7A689A4201D8032363
:1026400006E0054B1A698023DB021340ECD100231E
:102650001800BD4604B080BD00200240FAC300004F
:10266000FBC30800489A0120B0B584B000AFF86001
:102670003A607B600B4B5A690A4B01210A435A614D
:10268000FB683A681A60BFF36F8FC0467B681C0016
:1026900000231D00FB68043322001A60C046BD46BB
:1026A00004B0B0BD00200240B0B584B000AF786087
:1026B0003960334B1B78012B01D102235CE0304B96
:1026C00001221A702E4B00225A600F257C19FA2322
:1026D0009B001800FFF77AFF030023702C003B19C2
:1026E0001B78002B42D17B681B68042B0DD17B68C3
:1026F0005B68180000F048F83C19FA239B001800AA
:10270000FFF764FF0300237030E03B680122524270
:102710001A607B689B68BB601AE07B685B68BA687C
:102720001100180000F044F80F257C19FA239B00D3
:102730001800FFF74BFF030023707B191B78002B59
:1027400003D03B68BA681A600AE0BB680133BB601B
:102750007B689A687B68DB68D318BA689A42DCD3D6
:10276000084B5A69074B02218A435A61044B0022E5
:102770001A700F23FB181B781800BD4604B0B0BDBB
:10278000489A01200020024080B582B000AF7860F6
:10279000064B5A697B681A43044B802149020A435D
:1027A0005A61C046BD4602B080BDC046002002400E
:1027B00080B584B000AF786039600F4B5B690F4A19
:1027C0001340FB607B68042B05D0FB6880229201DC
:1027D0001343FB6003E0FB68094A1340FB603B685E
:1027E000DA00FB681A43044B06490A435A61C046A3
:1027F000BD4604B080BDC0460020024007E0FFFF98
:10280000FFDFFFFF0200010080B586B000AF7860F7
:10281000396000237B614DE13B681B6801217A69C7
:1028200091400A001340FB60FB68002B00D13EE1A1
:102830003B685B6803221340012B05D03B685B6853
:1028400003221340022B30D17B689B683B617B697C
:102850005B0003229A401300DA433B6913403B615B
:102860003B68DA687B695B009A4013003A6913435E
:102870003B617B683A699A607B685B683B610122D7
:102880007B699A401300DA433B6913403B613B6824
:102890005B681B0901221A407B699A4013003A6960
:1028A00013433B617B683A695A603B685B6803226B
:1028B0001340032B17D07B68DB683B617B695B00AF
:1028C00003229A401300DA433B6913403B613B68A3
:1028D0009A687B695B009A4013003A6913433B6135
:1028E0007B683A69DA603B685B6803221340022B1D
:1028F00023D17B69DA087B6808329200D3583B61A8
:102900007B69072213409B000F229A401300DA4391
:102910003B6913403B613B681A697B6907210B40A7
:102920009B009A4013003A6913433B617B69DA08C4
:102930007B68083292003969D1507B681B683B6123
:102940007B695B0003229A401300DA433B69134022
:102950003B613B685B6803221A407B695B009A40DD
:1029600013003A6913433B617B683A691A603B681C
:102970005A68C0239B02134000D198E0534A7B69F8
:102980009B0818339B009B583B617B6903221340D3
:10299000DB000F229A401300DA433B6913403B618E
:1029A0007A68A023DB059A4219D07B68484A934293
:1029B00013D07B68474A93420DD07B68464A9342C6
:1029C00007D07B68454A934201D1042308E00523E0
:1029D00006E0032304E0022302E0012300E00023D9
:1029E0007A6903210A40D20093403A6913433B615C
:1029F00036497B699B0818339B003A695A50334B20
:102A00001B683B61FB68DA433B6913403B613B68F1
:102A10005A6880235B03134003D03A69FB68134371
:102A20003B612A4B3A691A60284B5B683B61FB6843
:102A3000DA433B6913403B613B685A6880239B0340
:102A4000134003D03A69FB6813433B611F4B3A695B
:102A50005A601E4A8423D3583B61FB68DA433B69C2
:102A600013403B613B685A6880239B02134003D0AC
:102A70003A69FB6813433B61144984223B698B50DC
:102A8000124A8023D3583B61FB68DA433B69134009
:102A90003B613B685A6880235B02134003D03A696C
:102AA000FB6813433B61094980223B698B507B697A
:102AB00001337B613B681A687B69DA40131E00D0E2
:102AC000AAE6C046C046BD4606B080BD001802401A
:102AD0000004005000080050000C0050001000508E
:102AE00080B584B000AF78600A00BB1C1A807B6898
:102AF0001B69BA1C1288134004D00F23FB18012253
:102B00001A7003E00F23FB1800221A700F23FB1822
:102B10001B781800BD4604B080BD80B582B000AF00
:102B2000786008001100BB1C021C1A807B1C0A1C68
:102B30001A707B1C1B78002B04D0BB1C1A887B6886
:102B40009A6103E0BB1C1A887B689A62C046BD4646
:102B500002B080BD80B584B000AF78600A00BB1CB5
:102B60001A807B685B69FB60BB1C1B88FA6813409A
:102B70001A04FB68DB43B91C09880B401A437B68C5
:102B80009A61C046BD4604B080BD80B500AFC04666
:102B9000BD4680BD80B582B000AF78600C4BDB686D
:102BA0007A683F210A40D2431A4011007B681A0A12
:102BB000074B0A43DA60064B99687B683F221A404C
:102BC000034B0A439A60C046BD4602B080BDC04672
:102BD0000070004080B582B000AF7860064B9A6804
:102BE0007B683F210B40D943034B0A409A60C046A3
:102BF000BD4602B080BDC0460070004080B582B0C6
:102C000000AF78600A00FB1C1A707B68002B09D0AB
:102C1000144B1B68072293431A00124B01210A43ED
:102C20001A6005E00F4B1A680E4B07218A431A60A1
:102C30000D4B1A690C4B04210A431A61FB1C1B78CB
:102C4000012B01D130BF02E040BF20BF20BF064BA7
:102C50001A69054B04218A431A61C046BD4602B079
:102C600080BDC0460070004000ED00E080B500AFC0
:102C7000094B1B68072293431A00074B03210A43A1
:102C80001A60064B1A69054B04210A431A6130BFCA
:102C9000C046BD4680BDC0460070004000ED00E06B
:102CA00080B500AF044B9A68034B802149000A436A
:102CB0009A60C046BD4680BD0070004080B584B0BB
:102CC00000AF7860194B1B68194A13401900174B65
:102CD0007A680A431A607A6880239B009A421FD15F
:102CE000144B1A6813005B009B185B001249180014
:102CF000DDF730FA03000133FB6008E0FB68002BCE
:102D000003D0FB68013BFB6001E0032309E0074BB4
:102D10005A698023DB001A408023DB009A42EDD001
:102D200000231800BD4604B080BDC04600700040BE
:102D3000FFF9FFFF6C02002040420F0080B500AF9A
:102D4000034B9A68E023DB0113401800BD4680BDA9
:102D50000010024080B588B000AF78607B68002B1F
:102D600002D1012300F050FB7B681B680122134055
:102D700000D17CE0C34B9B6838221340BB61C14B40
:102D8000DB68032213407B61BB69102B02D17B6996
:102D9000032B02D0BB69082B0BD1BA4B1A688023D6
:102DA0009B02134062D07B685B68002B5ED10123DD
:102DB0002AE37B685A6880235B029A4207D1B14BB1
:102DC0001A68B04B802149020A431A6020E07B68F0
:102DD0005A68A023DB029A420ED1AA4B1A68A94B6B
:102DE0008021C9020A431A60A64B1A68A54B8021AC
:102DF00049020A431A600BE0A24B1A68A14BA24990
:102E00000A401A609F4B1A689E4BA0490A401A60FC
:102E10007B685B68002B14D0FDF73AFD03003B6133
:102E200008E0FDF735FD02003B69D31A642B01D998
:102E30000323E9E2934B1A6880239B021340F0D0EE
:102E400015E0FDF725FD03003B6108E0FDF720FDDF
:102E500002003B69D31A642B01D90323D4E2894BC6
:102E60001A6880239B021340F0D100E0C0467B68C3
:102E70001B680222134000D199E0824B9B683822E4
:102E80001340BB617F4BDB68032213407B61BB694E
:102E9000102B02D17B69022B02D0BB69002B35D1EC
:102EA000784B1A688023DB00134005D07B68DB6811
:102EB000002B01D10123A7E2724B5B68744A1340D7
:102EC00019007B685B691A026E4B0A435A60BB6942
:102ED000002B12D16B4B1B686E4A134019007B68A4
:102EE0001A69684B0A431A60664B1B68DB0A0722A3
:102EF0001340694ADA40694B1A60694B1B68180035
:102F0000FDF76AFC031E51D001237DE27B68DB687C
:102F1000002B30D05B4B1B685E4A134019007B6866
:102F20001A69584B0A431A60564B1A68554B802150
:102F300049000A431A60FDF7ABFC03003B6108E05F
:102F4000FDF7A6FC02003B69D31A022B01D903232B
:102F50005AE24C4B1A688023DB001340F0D0494BF7
:102F60005B684B4A134019007B685B691A02454B4A
:102F70000A435A601BE0434B1A68424B49490A40D6
:102F80001A60FDF785FC03003B6108E0FDF780FC5B
:102F900002003B69D31A022B01D9032334E2394BD7
:102FA0001A688023DB001340F0D100E0C0467B6844
:102FB0001B680822134047D0324B9B6838221340CD
:102FC000182B0AD12F4B1B6E022213403CD07B687A
:102FD0009B69002B38D1012316E27B689B69002B8B
:102FE00019D0284B1A6E274B01210A431A66FDF7A8
:102FF0004FFC03003B6108E0FDF74AFC02003B691F
:10300000D31A022B01D90323FEE11E4B1B6E0222B1
:103010001340F1D018E01B4B1A6E1A4B01218A4362
:103020001A66FDF735FC03003B6108E0FDF730FC54
:1030300002003B69D31A022B01D90323E4E1114BAF
:103040001B6E02221340F1D17B681B6804221340DF
:1030500000D1C7E01F23FB1800221A70094B9B68A0
:1030600038221340202B1FD1064BDB6D0222134068
:1030700000D1B7E07B689B68002B00D0B2E0012351
:10308000C2E1C04600100240FFFFFEFFFFFFFBFF52
:10309000FF80FFFFFFC7FFFF0024F4006C02002049
:1030A00084020020FFFEFFFFB54BDA6B80235B0537
:1030B000134001D1012300E00023002B11D0B04BBD
:1030C000DA6BAF4B802149050A43DA63AC4BDA6B0C
:1030D00080235B051340FB60FB681F23FB18012264
:1030E0001A70A84B1A6880235B0013401AD1A54BB5
:1030F0001A68A44B802149000A431A60FDF7C8FBF7
:1031000003003B6108E0FDF7C3FB02003B69D31AF3
:10311000022B01D9032377E19A4B1A6880235B00C5
:103120001340F0D07B689B68012B06D1944BDA6D7D
:10313000934B01210A43DA651CE07B689B68052BF1
:103140000CD18F4BDA6D8E4B04210A43DA658C4B20
:10315000DA6D8B4B01210A43DA650BE0884BDA6D9F
:10316000874B01218A43DA65854BDA6D844B042154
:103170008A43DA657B689B68002B14D0FDF788FBD7
:1031800003003B6109E0FDF783FB02003B69D31AB2
:103190007D4A934201D9032336E1794BDB6D02224C
:1031A0001340F0D013E0FDF773FB03003B6109E02F
:1031B000FDF76EFB02003B69D31A734A934201D9B3
:1031C000032321E16E4BDB6D02221340F0D11F235C
:1031D000FB181B78012B05D1694BDA6B684B6B49E7
:1031E0000A40DA637B681B682022134039D07B6871
:1031F000DB69002B1BD0624B1A68614B8021C9032D
:103200000A431A60FDF744FB03003B6108E0FDF749
:103210003FFB02003B69D31A022B01D90323F3E0E1
:10322000574B1A6880231B041340F0D019E0544B0D
:103230001A68534B56490A401A60FDF729FB0300F0
:103240003B6108E0FDF724FB02003B69D31A022B27
:1032500001D90323D8E04A4B1A6880231B0413408A
:10326000F0D17B681B6A002B00D1CCE0444B9B68FB
:1032700038221340102B00D17BE07B681B6A022BA5
:1032800056D13F4B1A683E4B42490A401A60FDF73F
:10329000FFFA03003B6108E0FDF7FAFA02003B6920
:1032A000D31A022B01D90323AEE0354B1A688023D1
:1032B0009B041340F0D1324BDB68374A13401900AE
:1032C0007B685A6A7B689B6A1A437B68DB6A1B02CD
:1032D0001A437B681B6B1A437B685B6B1A437B68E2
:1032E0009B6B1A43264B0A43DA60254B1A68244B22
:1032F000802149040A431A60214BDA68204B80215F
:1033000049050A43DA60FDF7C3FA03003B6108E0B0
:10331000FDF7BEFA02003B69D31A022B01D9032341
:1033200072E0174B1A6880239B041340F0D06AE0C8
:10333000134B1A68124B17490A401A60FDF7A8FA96
:1033400003003B6108E0FDF7A3FA02003B69D31AD2
:10335000022B01D9032357E0094B1A6880239B04F1
:103360001340F0D1064BDA68054B0C490A40DA608D
:1033700049E07B681B6A012B12D1012344E0C0465F
:10338000001002400070004088130000FFFFFFEFB4
:10339000FFFFBFFFFFFFFFFE8C80C111FCFFFEEEB1
:1033A0001B4BDB687B617B6903221A407B685B6A8D
:1033B0009A4226D17B6970221A407B689B6A9A42A6
:1033C0001FD17A69FE23DB011A407B68DB6A1B028E
:1033D0009A4216D17A69F8239B031A407B681B6BCB
:1033E0009A420ED17A69E0231B051A407B685B6B19
:1033F0009A4206D17B695B0F5A077B689B6B9A42A6
:1034000001D0012300E000231800BD4608B080BDB4
:103410000010024080B584B000AF786039607B68EE
:10342000002B01D10123E9E0764B1B6807221340F2
:103430003A689A421ED9734B1B68072293431900BE
:10344000704B3A680A431A60FDF722FA0300FB60EA
:1034500009E0FDF71DFA0200FB68D31A6A4A93429D
:1034600001D90323CAE0674B1B68072213403A685F
:103470009A42EED17B681B680222134015D07B680C
:103480001B680422134006D0604B9A685F4BE02112
:10349000C9010A439A605D4B9B685D4A134019005D
:1034A0007B689A68594B0A439A607B681B680122C3
:1034B000134057D07B685B68012B07D1534B1A68C8
:1034C00080239B0213402BD1012397E07B685B682C
:1034D000022B07D14D4B1A6880239B0413401FD148
:1034E00001238BE07B685B68002B07D1474B1A6890
:1034F0008023DB00134013D101237FE07B685B68EE
:10350000032B06D1414B1B6E0222134008D101232D
:1035100074E03E4BDB6D0222134001D101236DE0CC
:103520003A4B9B680722934319007B685A68374BD4
:103530000A439A60FDF7ACF90300FB6009E0FDF770
:10354000A7F90200FB68D31A2F4A934201D903233B
:1035500054E02E4B9B6838221A407B685B68DB0086
:103560009A42ECD1274B1B68072213403A689A42D3
:103570001ED2244B1B68072293431900214B3A6843
:103580000A431A60FDF784F90300FB6009E0FDF7C8
:103590007FF90200FB68D31A1B4A934201D9032327
:1035A0002CE0184B1B68072213403A689A42EED170
:1035B0007B681B680422134009D0144B9B68154A92
:1035C000134019007B68DA68104B0A439A6000F0D8
:1035D00029F801000D4B9B681B0A0F221A400E4B65
:1035E0009200D3581F2213400A00DA400B4B1A6096
:1035F0000B4B1B681800FDF7EFF803001800BD46E1
:1036000004B080BD0020024088130000001002407A
:10361000FFF0FFFFFF8FFFFF981703086C020020E9
:103620008402002080B586B000AF3C4B9B683822F6
:1036300013400FD1394B1B68DB0A072213400122CC
:103640009A4013003B6039683548DCF783FD03007E
:103650003B615DE0314B9B6838221340082B02D15F
:10366000304B3B6154E02D4B9B6838221340102BAC
:1036700038D12A4BDB6803221340FB60274BDB6801
:103680001B09072213400133BB60FB68032B0DD1DC
:10369000B9682448DCF75EFD030019001F4BDB68A6
:1036A0001B0A7F2213404B437B610DE0B9681C4825
:1036B000DCF750FD03001900184BDB681B0A7F2262
:1036C00013404B437B61C046144BDB685B0F072202
:1036D000134001337B6079687869DCF73BFD0300B8
:1036E0003B6115E00D4B9B6838221340202B03D122
:1036F00080231B023B610BE0084B9B683822134080
:10370000182B03D1FA23DB013B6101E000233B616D
:103710003B691800BD4606B080BDC046001002409F
:103720000024F40000127A0080B500AF024B1B6841
:103730001800BD4680BDC0466C020020B0B500AF89
:10374000FFF7F2FF0400FFF7F9FA03001A0B054B2D
:103750009200D3581F221340DC4023001800BD46BE
:10376000B0BDC046D817030880B586B000AF7860FA
:103770001323FB1800221A701223FB1800221A7060
:103780007B681A6880239B02134000D1ADE01120B2
:103790003B1800221A70474BDA6B80235B051340FD
:1037A00010D1444BDA6B434B802149050A43DA635D
:1037B000404BDA6B80235B051340BB60BB683B1852
:1037C00001221A703C4B1A683B4B802149000A4386
:1037D0001A60FDF75DF80300FB600BE0FDF758F899
:1037E0000200FB68D31A022B04D91323FB1803220F
:1037F0001A7005E0304B1A6880235B001340EDD04F
:103800001323FB181B78002B5ED12A4BDA6DC023E3
:103810009B0013407B617B69002B19D07B681B6C7C
:103820007A699A4214D0234BDB6D244A13407B61A2
:10383000204BDA6D1F4B802149020A43DA651D4B8C
:10384000DA6D1C4B1E490A40DA651A4B7A69DA6553
:103850007B690122134016D0FDF71AF80300FB60C4
:103860000CE0FDF715F80200FB68D31A154A9342E5
:1038700004D91323FB1803221A7004E00D4BDB6DEF
:1038800002221340EDD01323FB181B78002B0AD122
:10389000084BDB6D094A134019007B681A6C054B15
:1038A0000A43DA6516E01223FB181322BA181278BD
:1038B0001A700FE00010024000700040FFFCFFFF94
:1038C000FFFFFEFF881300001223FB181322BA1813
:1038D00012781A701123FB181B78012B05D1B64BF7
:1038E000DA6BB54BB5490A40DA637B681B68012285
:1038F000134009D0B04B5B6D0322934319007B68E2
:103900005A68AD4B0A435A657B681B680222134014
:1039100009D0A94B5B6D0C22934319007B689A6810
:10392000A54B0A435A657B681B680422134009D0E3
:10393000A14B5B6D3022934319007B68DA689E4B84
:103940000A435A657B681B681022134009D09A4BC2
:103950005B6D9B4A134019007B681A69964B0A43BA
:103960005A657B681A6880235B01134009D0924B2B
:103970005B6D944A134019007B685A698E4B0A4369
:103980005A657B681A6880239B00134009D08A4BD4
:103990005B6D8D4A134019007B689A6A864B0A4317
:1039A0005A657B681A688023DB00134009D0824B7C
:1039B0005B6D864A134019007B68DA6A7E4B0A43C6
:1039C0005A657B681B682022134009D07A4B5B6DD7
:1039D0007F4A134019007B689A69774B0A435A65FE
:1039E0007B681B684022134009D0734B5B6D794A9A
:1039F000134019007B68DA696F4B0A435A657B688C
:103A00001A688023DB01134015D06B4B5B6D9B0064
:103A100099087B681A6B684B0A435A657B681A6B76
:103A20008023DB059A4206D1634BDA68624B802122
:103A300049020A43DA607B681A6880231B0313403B
:103A400009D05D4B5B6D4022934319007B685A6B34
:103A5000594B0A435A657B681A6880239B031340BD
:103A600016D0554B5B6D5C4A134019007B689A6B0E
:103A7000514B0A435A657B689A6B8023DB039A4259
:103A800006D14D4BDA684C4B802149040A43DA6079
:103A90007B681A688023DB03134016D0464B5B6DAE
:103AA0004E4A134019007B68DA6B434B0A435A6550
:103AB0007B68DA6B80235B049A4206D13E4BDA685E
:103AC0003D4B802149040A43DA607B681A688023F1
:103AD0001B01134014D0384B9B6D032293431900F4
:103AE0007B681A6A344B0A439A657B681B6A012B10
:103AF00006D1314BDA68304B802149020A43DA6043
:103B00007B681A6880239B01134014D02A4B9B6D5D
:103B10000C22934319007B685A6A274B0A439A6523
:103B20007B685B6A042B06D1234BDA68224B802129
:103B300049020A43DA607B681A6880235B041340F9
:103B400016D01D4B9B6D224A134019007B685A6C9E
:103B5000194B0A439A657B685A6C80239B019A42F1
:103B600006D1154BDA68144B802149040A43DA6008
:103B70007B681A6880239B04134016D00E4B9B6D04
:103B8000104A134019007B689A6C0B4B0A439A65E4
:103B90007B689A6C80235B009A4206D1064BDA68F8
:103BA000054B802149040A43DA601223FB181B7875
:103BB0001800BD4606B080BD00100240FFFFFFEFB9
:103BC000FFF3FFFFFFFCFFFFFFFFF3FFFFFFCFFF50
:103BD000FFCFFFFFFF3FFFFFFFFFBFFFFFFFFFFE26
:103BE000B0B584B000AF78600F23FB1801221A70C3
:103BF0007B68002B00D18CE07B6829229B5CDBB2C8
:103C0000002B0BD17B682822002199547B688822E5
:103C100012025A607B681800F4F788F97B68292241
:103C2000022199547B681B68DB6810221340102B1B
:103C300062D07B681B68CA225A627B681B68532269
:103C40005A620F257C197B68180000F011FB0300F5
:103C5000237028003B181B78002B2CD17B681B6835
:103C60009A697B681B682E490A409A617B681B68C9
:103C700099697B689A687B685B691A437B68DB6932
:103C80001A437B681B680A439A617B681B687A68E1
:103C900012691A617B681B6819697B68DB681A0402
:103CA0007B681B680A431A613C187B68180000F0A7
:103CB00021FB030023700F23FB181B78002B16D168
:103CC0007B681B689A697B681B68D200D2089A617E
:103CD0007B681B6899697B685A6A7B681B6A1A4310
:103CE0007B689B691A437B681B680A439A617B68FF
:103CF0001B68FF225A6203E00F23FB1800221A7090
:103D00000F23FB181B78002B03D17B68292201218C
:103D100099540F23FB181B781800BD4604B0B0BDA2
:103D2000BFFF8FFBB0B584B000AF78607B682922FD
:103D3000022199547B681B68CA225A627B681B68FF
:103D400053225A620F257C197B68180000F090FA04
:103D5000030023707B191B78002B5CD17B681B68E8
:103D600000221A607B681B68394A5A607B681B68AE
:103D70009A697B681B6807210A409A61FCF788FDF5
:103D80000300BB6012E0FCF783FD0200BB68D21A9F
:103D9000FA239B009A4209D97B681B68FF225A626A
:103DA0007B6829220321995403234CE07B681B681C
:103DB000DB6804221340E6D07B681B689B697B6844
:103DC0001B6800229A617B681B68224A5A617B68E3
:103DD0001B68214A1A617B681B6800221A647B6891
:103DE0001B6800229A647B681B680022DA627B6889
:103DF0001B6800229A627B681B6800225A647B68F9
:103E00001B680022DA640F23FC187B68180000F09E
:103E100071FA030023707B681B68FF225A620F232C
:103E2000FB181B78002B07D17B681800F4F7B8F853
:103E30007B682922002199547B682822002199540B
:103E40000F23FB181B781800BD4604B0B0BDC04658
:103E500001210000FFFF0000FF007F00B0B586B029
:103E600000AFF860B9607A60FB6828229B5C012B88
:103E700001D1022392E0FB68282201219954FB68BA
:103E8000292202219954FB681B68CA225A62FB68E6
:103E90001B6853225A6213257C19FB68180000F036
:103EA000E7F9030023707B191B78002B62D17B6834
:103EB000002B25D1FB681B689B694022134002D16F
:103EC000BB680022DA70BB681B78180000F056FA55
:103ED00003001C04BB685B78180000F04FFA030075
:103EE0001B021C43BB689B78180000F047FA0300D4
:103EF00022001A43BB68DB789B0513437B6117E004
:103F0000FB681B689B694022134002D1BB680022FA
:103F1000DA70BB681B781A04BB685B781B0213431A
:103F2000BA6892781A43BB68DB789B0513437B61C0
:103F3000FB681B687A691B490A401A60FB681B68AA
:103F40009A69FB681B6818490A409A61FB681B68FC
:103F50009969BB68DA68BB681B691A43FB681B6810
:103F60000A439A611323FC18FB68180000F0C2F999
:103F700003002370FB681B68FF225A621323FB189F
:103F80001B78002B03D1FB68292201219954FB687F
:103F90002822002199541323FB181B781800BD46D2
:103FA00006B0B0BD7F7F7F00FFFFFBFF80B586B00E
:103FB00000AFF860B9607A60FB681B689A68BB68FC
:103FC0005A60FB681B681B695B045A0CBB689A60EB
:103FD000FB681B681B68224A13407B617B691B0CD2
:103FE000DBB23F221340DAB2BB681A707B691B0A4E
:103FF000DBB27F221340DAB2BB685A707B69DBB256
:104000007F221340DAB2BB689A707B699B0DDBB2EA
:1040100001221340DAB2BB68DA707B68002B1AD138
:10402000BB681B78180000F0D1F903001A00BB68C8
:104030001A70BB685B78180000F0C8F903001A001A
:10404000BB685A70BB689B78180000F0BFF903008A
:104050001A00BB689A7000231800BD4606B080BDE8
:104060007F7F7F00B0B586B000AFF860B9607A603E
:10407000FB6828229B5C012B01D102237EE0FB68B8
:10408000282201219954FB682922022199547B6836
:10409000002B0ED1BB685B781A001023134008D0A8
:1040A000BB685B7810229343DBB20A33DAB2BB6899
:1040B0005A707B68002B1CD1BB68DB78180000F0BD
:1040C0005DF903001C04BB685B78180000F056F92A
:1040D00003001B021C43BB689B78180000F04EF9DC
:1040E000030022001A43BB681B785B0313437B6108
:1040F0000EE0BB68DB781A04BB685B781B021343D5
:10410000BA6892781A43BB681B785B0313437B61E0
:10411000FB681B68CA225A62FB681B6853225A62FA
:1041200013257C19FB68180000F0A2F80300237027
:1041300028003B181B78002B0CD1FB681B687A69A0
:1041400010490A405A603C18FB68180000F0D2F889
:1041500003002370FB681B68FF225A621323FB18BD
:104160001B78002B03D1FB68292201219954FB689D
:104170002822002199541323FB181B781800BD46F0
:1041800006B0B0BD3FFFFF0080B586B000AFF8605D
:10419000B9607A60FB681B685B68214A13407B61E9
:1041A0007B691B0CDAB2BB68DA707B691B0ADBB275
:1041B0001F221340DAB2BB685A707B69DBB23F2220
:1041C0001340DAB2BB689A707B695B0BDBB20722E3
:1041D0001340DAB2BB681A707B68002B1AD1BB6837
:1041E000DB78180000F0F2F803001A00BB68DA7000
:1041F000BB685B78180000F0E9F803001A00BB68A0
:104200005A70BB689B78180000F0E0F803001A00B1
:10421000BB689A7000231800BD4606B080BDC0463A
:104220003FFFFF0080B584B000AF78607B681B68FB
:104230000E4ADA60FCF72CFB0300FB600AE0FCF797
:1042400027FB0200FB68D21AFA239B009A4201D98D
:10425000032306E07B681B68DB6820221340EED056
:1042600000231800BD4604B080BDC0465F000100B9
:1042700080B584B000AF78600F23FB1800221A705D
:104280007B681B68DB68402213402CD17B681B686D
:10429000DA687B681B6880210A43DA60FCF7F8FA69
:1042A0000300BB6014E0FCF7F3FA0200BB68D21A0B
:1042B0000F203B18391809781970FA239B009A428D
:1042C00006D93B1803221A707B68292203219954CE
:1042D0007B681B68DB684022134004D10F23FB1866
:1042E0001B78032BDFD10F23FB181B781800BD466A
:1042F00004B080BD90B585B000AF78600F243B1945
:1043000000221A701C4BDA681B4B80218A43DA604A
:10431000194B9B69202213400DD17B681800FFF7D1
:1043200081FF031E21D07B682922032199543B1968
:1043300003221A7019E0104B9A690F4B20218A430F
:104340009A617B681800FFF76DFF031E07D07B683A
:104350002922032199540F23FB1803221A70064BBC
:104360009A69054B20210A439A610F23FB181B7899
:104370001800BD4605B090BD0028004080B584B04F
:1043800000AF0200FB1D1A700023FB600B23FB181B
:10439000FA1D12781A7008E0FB680133FB600B22EB
:1043A000BB18BA1812780A3A1A700B217B181B78BE
:1043B000092BF1D8FB68DBB21B01DAB27B181B7842
:1043C0001343DBB21800BD4604B080BD80B584B095
:1043D00000AF0200FB1D1A70FB1D1B781B09DBB22E
:1043E0001A0013009B009B185B00FB60FB68DAB2AD
:1043F000FB1D1B780F210B40DBB2D318DBB218007A
:10440000BD4604B080BD80B586B000AFF860B9602D
:104410007A60FB681B681A00FB685B68D3187B61D5
:104420007B690133FF333B61BB689B003A69D3185A
:104430003B613B697A681A60C046BD4606B080BDE4
:1044400080B584B000AF786039607B681B681A0063
:104450007B685B68D318FB60FB680133FF33BB608C
:104460003B689B00BA68D318BB60BB681B68180028
:10447000BD4604B080BD000080B584B000AF786058
:104480007B68002B01D10123D6E07B685B6A002B9F
:1044900009D17B685A6882235B009A4209D07B6805
:1044A0000022DA6105E07B6800221A617B68002245
:1044B0005A617B685D229B5CDBB2002B07D17B6875
:1044C0005C22002199547B681800F3F7C7FD7B68D4
:1044D0005D22022199547B681B681A687B681B68FF
:1044E00040218A431A607B68DA68E023DB009A4245
:1044F00002D90023FB6002E080235B01FB607B6844
:10450000DA68F0231B019A4208D07B68DA68E0235E
:10451000DB009A4202D07B6800229A627B685A686C
:1045200082235B001A407B68996884231B020B403E
:104530001A437B681B6902210B401A437B685B6945
:1045400001210B401A437B68996980239B000B4033
:104550001A437B68DB6938210B401A437B681B6A6E
:1045600080210B401A4311007B689A6A80239B01CB
:104570001A407B681B680A431A607B689A6A80232A
:104580009B019A421DD17B681B6B002B0CD17B6871
:10459000DA68E023DB009A4203D97B6802221A63BF
:1045A00002E07B6801221A637B681B6B022B08D137
:1045B0007B681B681A687B681B68802109010A43B5
:1045C0001A607B689B691B0C04221A407B685B6A3B
:1045D00010210B401A437B685B6B08210B401A4388
:1045E0007B68D968F0231B010B401A431100FA685D
:1045F00080235B011A407B681B680A435A607B6812
:104600009A6A80239B019A4206D17B68DA6A7B68AA
:104610001B681204120C1A617B681B68DA697B68DC
:104620001B6807490A40DA617B6800221A667B68CA
:104630005D220121995400231800BD4604B080BDBD
:10464000FFF7FFFF80B586B000AFF860B960BB1D13
:104650001A801723FB1800221A70FB685C229B5CEF
:10466000012B01D10223FAE0FB685C22012199545D
:10467000FB685D229B5CDBB2012B04D01723FB1887
:1046800002221A70E4E0BB68002B03D0BB1D1B881C
:10469000002B04D11723FB1801221A70D8E0FB6805
:1046A0005D2203219954FB6800221A66FB68BA68F0
:1046B0009A63FB68BA1D12889A87FB68BA1D128834
:1046C000DA87FB6800221A64FB6800221A65FB681F
:1046D0000022DA64FB68442200219952FB684622DA
:1046E00000219952FB689A6880231B029A4210D1DC
:1046F000FB681B681A68FB681B6840218A431A60C4
:10470000FB681B681A68FB681B688021C9010A43A3
:104710001A60FB689A6A80239B019A4210D1FB6859
:104720001B681A68FB681B684F490A401A60FB68DF
:104730001B681A68FB681B68802189010A431A609C
:10474000FB685B6D494A1A63FB685B6D484ADA6235
:10475000FB685B6D474A5A63FB685B6D00229A6396
:10476000FB681B685A68FB681B6843490A405A602B
:10477000FB68DA68E023DB009A422FD8FB685B6DA8
:104780009A698023DB009A4228D1FB68DB8F9BB2B9
:104790001A00012313400FD1FB681B685A68FB689D
:1047A0001B6835490A405A60FB68DB8F9BB25B0887
:1047B0009AB2FB68DA8711E0FB681B685A68FB68ED
:1047C0001B688021C9010A435A60FB68DB8F9BB2DA
:1047D0005B089BB201339AB2FB68DA87FB68586DBD
:1047E000FB689B6B1900FB681B680C331A00FB68A5
:1047F000DB8F9BB2FDF790FB031E0AD0FB681B6E9C
:1048000010221A43FB681A661723FB1801221A703C
:104810001EE0FB681B681B6840221340402B07D03A
:10482000FB681B681A68FB681B6840210A431A6012
:10483000FB681B685A68FB681B6820210A435A60A2
:10484000FB681B685A68FB681B6802210A435A60B0
:10485000FB685C22002199541723FB181B78180071
:10486000BD4606B080BDC046FFDFFFFF59490208C4
:10487000AD48020877490208FFBFFFFF80B582B04C
:1048800000AF7860C046BD4602B080BD80B582B042
:1048900000AF7860C046BD4602B080BD80B582B032
:1048A00000AF7860C046BD4602B080BD80B586B01E
:1048B00000AF78607B689B6A7B61FBF7E9FF0300D0
:1048C0003B617B681B681B6820221340202B3CD077
:1048D0007B691B685A687B691B6820218A435A6080
:1048E0007B691B685A687B691B6802218A435A608E
:1048F0003A697B696421180000F08EF9031E05D027
:104900007B691B6E20221A437B691A667B699B6850
:10491000002B0AD10023FB607B691B68DB68FB600E
:104920007B691B689B68FB60FB687B690022DA87F8
:104930007B695D22012199547B691B6E002B04D099
:104940007B691800FFF7AAFF03E07B691800FFF7F7
:1049500095FFBD4606B080BD80B584B000AF7860DD
:104960007B689B6AFB60FB681800FFF78FFFC046FF
:10497000BD4604B080BD80B584B000AF78607B6870
:104980009B6AFB60FB681B685A68FB681B68032115
:104990008A435A60FB681B6E10221A43FB681A6632
:1049A000FB685D2201219954FB681800FFF776FF30
:1049B000C046BD4604B080BD80B588B000AFF86089
:1049C000B9603B60FB1D1A70FBF762FF0200BB6A17
:1049D0009B1A3A68D318FB61FBF75AFF0300BB61CF
:1049E0003A4B1B685B011B0DFA6953437B6158E02E
:1049F0003B68013355D0FBF74BFF0200BB69D31A6C
:104A0000FA699A4202D9FB69002B42D1FB681B6804
:104A10005A68FB681B68E0218A435A60FB685A6841
:104A200082235B009A4213D1FB689A6880231B02A1
:104A30009A4205D0FB689A688023DB009A4207D12E
:104A4000FB681B681A68FB681B6840218A431A6070
:104A5000FB689A6A80239B019A4210D1FB681B680D
:104A60001A68FB681B681A490A401A60FB681B68D1
:104A70001A68FB681B68802189010A431A60FB6879
:104A80005D2201219954FB685C2200219954032383
:104A900017E07B69002B01D10023FB617B69013B9F
:104AA0007B61FB681B689B68BA681340BA68D31ABD
:104AB0005A425341DBB21A00FB1D1B789A4297D130
:104AC00000231800BD4608B080BDC0466C0200201F
:104AD000FFDFFFFF80B58AB000AFF860B9607A6091
:104AE0003B601723FB1800221A70FBF7D1FE02006F
:104AF0003B6B9B1A3A68D3187B62FBF7C9FE030035
:104B00003B62FB681B680C33FB61414B1A68130066
:104B10009B009B18DA00D31A1B0D7A6A5343BB61C2
:104B200068E0BA68C023DB009A420AD17B68002B98
:104B300007D1FB691B78DAB217217B181A707B1832
:104B40001B783B68013355D0FBF7A2FE02003B6A9D
:104B5000D31A7A6A9A4202D97B6A002B42D1FB6847
:104B60001B685A68FB681B68E0218A435A60FB682F
:104B70005A6882235B009A4213D1FB689A688023AB
:104B80001B029A4205D0FB689A688023DB009A4298
:104B900007D1FB681B681A68FB681B6840218A43C1
:104BA0001A60FB689A6A80239B019A4210D1FB68C5
:104BB0001B681A68FB681B6816490A401A60FB6884
:104BC0001B681A68FB681B68802189010A431A6008
:104BD000FB685D2201219954FB685C2200219954F5
:104BE000032310E0BB69002B01D100237B62BB696A
:104BF000013BBB61FB681B689B68BA6813407A681D
:104C00009A428ED100231800BD460AB080BDC0462E
:104C10006C020020FFDFFFFF80B586B002AFF860B6
:104C2000B9607A60BA68C0235901F8687B6800935C
:104C300013000022FFF74EFF031E07D0FB681B6E18
:104C400020221A43FB681A66032327E0BA68F86833
:104C50007B680093130000228021FFF7ADFE031E46
:104C600007D0FB681B6E20221A43FB681A660323D9
:104C700014E0BA68C023D900F8687B680093130079
:104C80000022FFF727FF031E07D0FB681B6E2022C0
:104C90001A43FB681A66032300E000231800BD4690
:104CA00004B080BD80B582B000AF78607B68002B17
:104CB00001D101234AE07B683D229B5CDBB2002BE3
:104CC00007D17B683C22002199547B68180000F0D2
:104CD00041F87B683D22022199547B681A687B6801
:104CE00004331900100000F097F87B684822012176
:104CF00099547B683E22012199547B683F2201210F
:104D000099547B684022012199547B6841220121FA
:104D100099547B684222012199547B6843220121E6
:104D200099547B684422012199547B6845220121D2
:104D300099547B684622012199547B6847220121BE
:104D400099547B683D220121995400231800BD46E7
:104D500002B080BD80B582B000AF7860C046BD466D
:104D600002B080BD80B584B000AF78607B683D2222
:104D70009B5CDBB2012B01D001233FE07B683D222D
:104D8000022199547B681B681E4A934214D07B68A9
:104D90001A688023DB059A420ED07B681B681A4A8A
:104DA000934209D07B681B68184A934204D07B6801
:104DB0001B68174A934216D17B681B689B68154A8B
:104DC0001340FB60FB68062B16D0FA6880235B0259
:104DD0009A4211D07B681B681A687B681B680121A6
:104DE0000A431A6008E07B681B681A687B681B68C6
:104DF00001210A431A6000E0C04600231800BD46A6
:104E000004B080BD002C01400004004000080040B8
:104E1000004001400700010080B584B000AF786019
:104E200039607B681B68FB607B683F4A93420CD00B
:104E30007A688023DB059A4207D07B683B4A93421D
:104E400003D07B683A4A934208D1FB6870229343AF
:104E5000FB603B685B68FA681343FB607B68324A1F
:104E600093421CD07A688023DB059A4217D07B6876
:104E70002E4A934213D07B682D4A93420FD07B6811
:104E80002C4A93420BD07B682B4A934207D07B6815
:104E90002A4A934203D07B68294A934208D1FB688F
:104EA000284A1340FB603B68DB68FA681343FB60E9
:104EB000FB68802293431A003B685B691343FB60E5
:104EC0007B68FA681A603B689A687B68DA623B68BC
:104ED0001A687B689A627B68134A93420BD07B689E
:104EE000154A934207D07B68144A934203D07B68EB
:104EF000134A934203D13B681A697B681A637B6843
:104F000001225A617B681B6901221340012B06D1E3
:104F10007B681B69012293431A007B681A61C046B3
:104F2000BD4604B080BDC046002C014000040040D6
:104F300000080040002000400040014000440140C3
:104F400000480140FFFCFFFF80B582B000AF7860F1
:104F50007B68002B01D1012346E07B6888229B58A7
:104F6000002B07D17B688422002199547B681800AC
:104F7000F3F71AFB7B688822242199507B681B6811
:104F80001A687B681B6801218A431A607B689B6AE8
:104F9000002B03D07B68180001F0D8F87B6818005C
:104FA00000F07EFD0300012B01D101231CE07B6892
:104FB0001B685A687B681B680D490A405A607B6809
:104FC0001B689A687B681B682A218A439A607B6801
:104FD0001B681A687B681B6801210A431A607B689A
:104FE000180001F067F903001800BD4602B080BD4B
:104FF000FFB7FFFF80B582B000AF78607B68002B01
:1050000001D1012332E07B688822242199507B68FA
:105010001B681A687B681B6801218A431A607B68D9
:105020001B6800221A607B681B6800225A607B683C
:105030001B6800229A607B68180000F01BF87B68F0
:105040009022002199507B688822002199507B682A
:105050008C22002199507B680022DA667B6800224E
:105060001A677B6884220021995400231800BD46EA
:1050700002B080BD80B582B000AF7860C046BD464A
:1050800002B080BD80B58AB002AFF860B9603B6005
:10509000BB1D1A80FB6888229B58202B00D090E013
:1050A000BB68002B03D0BB1D1B88002B01D1012343
:1050B00088E0FB689A6880235B019A4209D1FB680B
:1050C0001B69002B05D1BB680122134001D00123CD
:1050D00078E0FB68902200219950FB68882221210A
:1050E0009950FBF7D5FB03007B61FB68BA1D542187
:1050F00012885A52FB68BA1D562112885A52FB6810
:105100009A6880235B019A4208D1FB681B69002BD7
:1051100004D10023FB61BB68BB6103E0BB68FB619A
:105120000023BB6130E07A69F8683B6800931300A4
:105130000022802101F068F9031E05D0FB68882257
:105140002021995003233DE0FB69002B0BD1BB6963
:105150001B881A00FB681B68D205D20D9A62BB69D6
:105160000233BB6107E0FB691A78FB681B689A622F
:10517000FB690133FB61FB6856229B5A9BB2013BE2
:1051800099B2FB6856229952FB6856229B5A9BB2F1
:10519000002BC8D17A69F8683B680093130000229D
:1051A000402101F031F9031E05D0FB68882220213F
:1051B0009950032306E0FB688822202199500023A0
:1051C00000E002231800BD4608B080BD80B58CB059
:1051D00000AFF860B960BB1D1A80FB6888229B583D
:1051E000202B00D08DE0BB68002B03D0BB1D1B889B
:1051F000002B01D1012385E0FB689A6880235B01C5
:105200009A4209D1FB681B69002B05D1BB680122BA
:10521000134001D0012375E0FB68BA681A65FB688A
:10522000BA1D542112885A52FB68BA1D56211288A1
:105230005A52FB6800229A67FB689022002199501D
:10524000FB68882221219950FB685A6E80239B05B8
:105250009A422AD1FB689A6880235B019A4207D15F
:10526000FB681B69002B03D1FB68284A9A6702E0A0
:10527000FB68274A9A67EFF31083FB61FB69BB6207
:1052800001233B623B6A83F31088C046FB681B68BE
:105290009A68FB681B68802109040A439A60BB6A0C
:1052A0007B627B6A83F3108829E0FB689A6880231D
:1052B0005B019A4207D1FB681B69002B03D1FB6895
:1052C000144A9A6702E0FB68134A9A67EFF3108367
:1052D0003B613B69FB6201237B617B6983F310883F
:1052E000C046FB681B681A68FB681B6880210A437C
:1052F0001A60FB6ABB61BB6983F31088C046002358
:1053000000E002231800BD460CB080BD056C020809
:10531000196B02085B6A0208A769020880B58CB0A5
:1053200000AF78607B6888229B58FB627B688C2288
:105330009B58BB627B681B689B6880221340802B54
:1053400038D1FB6A212B35D1EFF310837B617B6968
:105350007B620123BB61BB6983F31088C0467B6815
:105360001B689A687B681B6880218A439A607B6A05
:10537000FB61FB6983F31088C0467B68DB6F002B01
:1053800014D07B68DB6F1800FCF74CFE031E0DD0B9
:105390007B68DB6F1800FCF7D1FF0300202B05D1E1
:1053A0007B68902210219950032347E07B68180006
:1053B00001F040F97B681B689B6840221340402B3A
:1053C0003BD1BB6A222B38D1EFF31083BB60BB68A3
:1053D0003B620123FB60FB6883F31088C0467B6857
:1053E0001B689A687B681B6840218A439A603B6A05
:1053F0003B613B6983F31088C0467B6880229B58E1
:10540000002B16D07B6880229B581800FCF70AFE00
:10541000031E0ED07B6880229B581800FCF78EFF7D
:105420000300202B05D17B68902210219950032383
:1054300004E07B68180001F03DF900231800BD4628
:105440000CB080BDB0B5AAB000AF78607B681B68B7
:10545000DB69A422B9180B607B681B681B68A0205D
:1054600039180B607B681B689B689C2439190B609A
:105470001100BB181B68A24A13409822BD182B606C
:10548000BB181B68002B1AD17B181B682022134005
:1054900015D03B181B682022134005D13B191A6810
:1054A00080235B0513400AD07B685B6F002B00D123
:1054B000DCE27B685B6F7A6810009847D6E298233D
:1054C000FB181B68002B00D122E19C23FB181B68F2
:1054D0008C4A134006D1A023FB181B688A4A13404C
:1054E00000D115E1A423FB181B680122134012D040
:1054F000A023FB181A6880235B0013400BD07B6845
:105500001B6801221A627B6890229B5801221A4371
:105510007B6890215A50A423FB181B680222134079
:1055200011D09C23FB181B68012213400BD07B6811
:105530001B6802221A627B6890229B5804221A433D
:105540007B6890215A50A423FB181B680422134047
:1055500011D09C23FB181B68012213400BD07B68E1
:105560001B6804221A627B6890229B5802221A430D
:105570007B6890215A50A423FB181B680822134013
:1055800017D0A023FB181B682022134005D19C23B1
:10559000FB181B685B4A13400BD07B681B68082212
:1055A0001A627B6890229B5808221A437B689021DC
:1055B0005A50A423FB181A6880231B01134013D0F0
:1055C000A023FB181A688023DB0413400CD07B68EF
:1055D0001B68802212011A627B6890229B5820224D
:1055E0001A437B6890215A507B6890229B58002B6D
:1055F00000D13DE2A423FB181B682022134015D0E4
:10560000A023FB181B682022134006D19C23FB1803
:105610001A6880235B05134008D07B685B6F002B02
:1056200004D07B685B6F7A68100098477B68902293
:105630009B5894217A1813607B681B689B684022F2
:105640001340402B04D07B181B68282213404CD0F9
:105650007B68180001F02EF87B681B689B6840226D
:105660001340402B3CD1EFF310833B663B6E902000
:105670003A18136001237B667B6E83F31088C04663
:105680007B681B689A687B681B6840218A439A6024
:105690003B181B68BB66BB6E83F31088C0467B68F3
:1056A00080229B58002B16D07B6880229B58174A7B
:1056B0009A637B6880229B581800FCF713FD031E39
:1056C0001CD07B6880229B589B6B7A688021525843
:1056D0001000984712E07B681800F2F701F90DE01E
:1056E0007B681800F2F7FCF808E07B681800F2F716
:1056F000F7F87B68902200219950B9E1C046B7E1E4
:105700000F08000001000010200100047969020860
:105710007B68DB6E012B00D03EE1A423FB181B68E5
:105720001022134000D137E1A023FB181B68102280
:10573000134000D130E17B681B6810221A627B683D
:105740001B689B6840221340402B00D0A4E07B687C
:1057500080229B581B685A687E217B181A807B1810
:105760001B88002B00D185E17B685C229B5A7A184C
:1057700012889A4200D37DE17B687A185E211288F4
:105780005A527B6880229B581B681B68202213405A
:1057900070D1EFF310833B633B6BBB6701237B63EB
:1057A0007B6B83F31088C0467B681B681A687B6834
:1057B0001B68B4490A401A60BB6FBB63BB6B83F3C1
:1057C0001088C046EFF31083FB63FB6B7B670123FC
:1057D0003B643B6C83F31088C0467B681B689A6807
:1057E0007B681B6801218A439A607B6F7B647B6CBA
:1057F00083F31088C046EFF31083BB64BB6C3B6738
:105800000123FB64FB6C83F31088C0467B681B6834
:105810009A687B681B6840218A439A603B6F3B65AE
:105820003B6D83F31088C0467B688C222021995001
:105830007B680022DA66EFF310837B657B6DFB6685
:105840000123BB65BB6D83F31088C0467B681B6872
:105850001A687B681B6810218A431A60FB6EFB651F
:10586000FB6D83F31088C0467B6880229B5818002C
:10587000FCF7D8FB7B6802221A677B685C229A5A85
:105880007B685E215B5A9BB2D31A9AB27B68110087
:105890001800F1F771FDEDE07B685C22995A7B6896
:1058A0005E229B5A9AB28E203B188A1A1A807B6815
:1058B0005E229B5A9BB2002B00D1DDE03B181B8877
:1058C000002B00D1D8E0EFF31083FB60FB68882445
:1058D0003A19136001233B613B6983F31088C0468A
:1058E0007B681B681A687B681B6867490A401A60F6
:1058F0003B191B687B617B6983F31088C046EFF31B
:105900001083BB61BB6984243A1913600123FB61D6
:10591000FB6983F31088C0467B681B689A687B68C4
:105920001B685A490A409A603B191B683B623B6AF4
:1059300083F31088C0467B688C22202199507B68B5
:105940000022DA667B6800225A67EFF310837B62DD
:105950007B6A80243A1913600123BB62BB6A83F31C
:105960001088C0467B681B681A687B681B6810211A
:105970008A431A603B191B68FB62FB6A83F3108839
:10598000C0467B6802221A673B181A887B681100A0
:105990001800F1F7F1FC6FE0A423FB181A688023CC
:1059A0005B03134010D09C23FB181A688023DB0391
:1059B000134009D07B681B68802252031A627B68FF
:1059C0001800F1F7FFFF5AE0A423FB181B688022A0
:1059D000134016D0A023FB181B688022134006D169
:1059E0009C23FB181A6880231B04134009D07B6892
:1059F0009B6F002B42D07B689B6F7A6810009847A2
:105A00003CE0A423FB181B68402213400AD0A023CB
:105A1000FB181B684022134004D07B68180001F07B
:105A20006BF92CE0A423FB181A6880231B04134095
:105A30000BD0A023FB181A688023DB05134004D089
:105A40007B68180001F08CF919E0A423FB181A6890
:105A500080235B04134012D0A023FB181B68002B8B
:105A60000DDA7B68180001F073F908E0C04606E023
:105A7000C04604E0C04602E0C04600E0C046BD4665
:105A80002AB0B0BDFFFEFFFFDFFEFFFFFEFFFFEF0E
:105A900080B582B000AF7860C046BD4602B080BD20
:105AA000B0B590B000AF78621A2320229B18DB19A2
:105AB00000221A707B6A9A687B6A1B691A437B6AA8
:105AC0005B691A437B6ADB691343FB637B6A1B6870
:105AD0001B68C14A134019007B6A1A68FB6B0B43B1
:105AE00013607B6A1B685B68BC4A134018007B6AC2
:105AF000D9687B6A1A6803000B4353607B6A9B6911
:105B0000FB637B6A1B68B64A934209D07B6A1B68B9
:105B1000B44A934204D07B6A1B6AFA6B1343FB635B
:105B20007B6A1B689B68B04A134019007B6A1A683D
:105B3000FB6B0B4393607B6A1B68DB6A0F2293430A
:105B400018007B6A596A7B6A1A6803000B43D362A8
:105B50007B6A1B68A54A934231D1A54B5B6D03223A
:105B60001340032B1DD023D8022B0CD020D8002BA0
:105B700002D0012B0ED01BE01B2320229B18DB1927
:105B800000221A7054E11B2320229B18DB190222E9
:105B90001A704DE11B2320229B18DB1904221A7076
:105BA00046E11B2320229B18DB1908221A703FE1D3
:105BB0001B2320229B18DB1910221A7038E17B6A04
:105BC0001B688C4A934231D1894B5B6D0C22134088
:105BD0000C2B1DD023D8082B0CD020D8002B02D0A2
:105BE000042B0ED01BE01B2320229B18DB19002264
:105BF0001A701DE11B2320229B18DB1902221A7048
:105C000016E11B2320229B18DB1904221A700FE1D6
:105C10001B2320229B18DB1908221A7008E11B2382
:105C200020229B18DB1910221A7001E17B6A1B6885
:105C3000714A934231D16E4B5B6D30221340302B51
:105C40001DD023D8202B0CD020D8002B02D0102B15
:105C50000ED01BE01B2320229B18DB1900221A7098
:105C6000E6E01B2320229B18DB1902221A70DFE0DA
:105C70001B2320229B18DB1904221A70D8E01B2357
:105C800020229B18DB1908221A70D1E01B23202246
:105C90009B18DB1910221A70CAE07B6A1B68574AEE
:105CA000934206D11B2320229B18DB1900221A7075
:105CB000BEE07B6A1B68524A934206D11B23202216
:105CC0009B18DB1900221A70B2E07B6A1B684D4AF0
:105CD000934206D11B2320229B18DB1900221A7045
:105CE000A6E07B6A1B683E4A93423ED1404B5A6D08
:105CF000C0231B011340C0221201934227D0C022AF
:105D0000120193422AD880221201934211D080229C
:105D10001201934222D8002B04D08022D200934259
:105D20000ED01BE01B2320229B18DB1900221A70C7
:105D30007EE01B2320229B18DB1902221A7077E0D9
:105D40001B2320229B18DB1904221A7070E01B23EE
:105D500020229B18DB1908221A7069E01B232022DD
:105D60009B18DB1910221A7062E07B6A1B681D4ABF
:105D7000934257D11E4B5A6DC0239B001340C02243
:105D80009200934240D0C0229200934243D8802296
:105D90009200934211D08022920093423BD8002B74
:105DA00004D08022520093420ED034E01B232022E4
:105DB0009B18DB1900221A703AE01B2320229B1843
:105DC000DB1902221A7033E01B2320229B18DB19F7
:105DD00004221A702CE0C046F369FFCFFFCFFFFF0B
:105DE0000080004000840040FFF4FF1100380140B3
:105DF000001002400044004000480040004C0040B9
:105E000000500040003C01401B2320229B18DB195E
:105E100008221A700CE01B2320229B18DB19102289
:105E20001A7005E01B2320229B18DB1910221A7020
:105E30007B6A1B68C14A934205D07B6A1B68C04AD3
:105E4000934200D093E01B2320229B18DB191B7880
:105E5000082B15D018DC042B0DD015DC002B02D03C
:105E6000022B05D010E0FDF769FC03007B6314E012
:105E7000B44B7B6311E0FDF7D5FB03007B630CE0C3
:105E800080231B027B6308E000237B631A2320220C
:105E90009B18DB1901221A70C0467B6B002B00D1C6
:105EA00035E17B6A5A6AA84B5200D35A1900786BC5
:105EB000DAF750F90300BB627B6A5A6813005B0093
:105EC0009B18BA6A9A4205D37B6A5B681B03BA6A5D
:105ED0009A4206D91A2320229B18DB1901221A7034
:105EE00044E07B6BBB610023FB617B6A5A6A964B83
:105EF0005200D35A3B6100237B613A697B69B869E0
:105F0000F969DAF715FB02000B00110E1D020D43B3
:105F100014027B6A5B685B08BB600023FB60B868A7
:105F2000F968001969417B6A5B683B6000237B600C
:105F30003A687B68DAF7FCFA02000B0013003B6357
:105F40003A6BC0239B009A4209D33A6B80235B03D0
:105F50009A4204D27B6A1B683A6BDA6006E01A2325
:105F600020229B18DB1901221A70D0E0CFE07B6A57
:105F7000DA6980231B029A4200D070E01B232022A2
:105F80009B18DB191B78082B15D018DC042B0DD0BF
:105F900015DC002B02D0022B05D010E0FDF7CEFB64
:105FA00003007B6314E0674B7B6311E0FDF73AFB72
:105FB00003007B630CE080231B027B6308E000236B
:105FC0007B631A2320229B18DB1901221A70C0461A
:105FD0007B6B002B00D19AE07B6A5A6A5A4B5200C5
:105FE000D35A1900786BDAF7B5F803005A007B6AC8
:105FF0005B685B08D2187B6A5B6819001000DAF7EF
:10600000A9F803003B633B6B0F2B21D93A6B80232C
:106010005B029A421CD23B6B9AB20E2020240319D9
:10602000DB190F218A431A803B6B5B089BB2072266
:10603000134099B20319DB190219D21912880A43C5
:106040001A807B6A1B680219D2191288DA605EE036
:106050001A2320229B18DB1901221A7057E01B23F8
:1060600020229B18DB191B78082B15D018DC042B79
:106070000DD015DC002B02D0022B05D010E0FDF76F
:106080005DFB03007B6314E02E4B7B6311E0FDF7A7
:10609000C9FA03007B630CE080231B027B6308E0EA
:1060A00000237B631A2320229B18DB1901221A701C
:1060B000C0467B6B002B2AD07B6A5A6A224B520067
:1060C000D35A1900786BDAF745F803001A007B6A97
:1060D0005B685B08D2187B6A5B6819001000DAF70E
:1060E00039F803003B633B6B0F2B0AD93A6B8023D3
:1060F0005B029A4205D23B6B9AB27B6A1B68DA60FC
:1061000005E01A2320229B18DB1901221A707B6AF2
:106110006A22012199527B6A6822012199527B6A85
:1061200000225A677B6A00229A671A2320229B1852
:10613000DB191B781800BD4610B0B0BD00800040D0
:10614000008400400024F400F019030880B582B0F8
:1061500000AF78607B689B6A082213400BD07B6895
:106160001B685B684A4A134019007B689A6B7B681E
:106170001B680A435A607B689B6A012213400BD05C
:106180007B681B685B68434A134019007B68DA6AC6
:106190007B681B680A435A607B689B6A0222134033
:1061A0000BD07B681B685B683B4A134019007B6817
:1061B0001A6B7B681B680A435A607B689B6A0422DF
:1061C00013400BD07B681B685B68344A134019008E
:1061D0007B685A6B7B681B680A435A607B689B6AC2
:1061E000102213400BD07B681B689B682C4A13401D
:1061F00019007B68DA6B7B681B680A439A607B68CE
:106200009B6A202213400BD07B681B689B68254A41
:10621000134019007B681A6C7B681B680A439A60FC
:106220007B689B6A402213401DD07B681B685B68BB
:106230001D4A134019007B685A6C7B681B680A432F
:106240005A607B685A6C80235B039A420BD17B684F
:106250001B685B68154A134019007B689A6C7B6861
:106260001B680A435A607B689B6A802213400BD0EC
:106270007B681B685B680E4A134019007B68DA6C08
:106280007B681B680A435A60C046BD4602B080BDA9
:10629000FF7FFFFFFFFFFDFFFFFFFEFFFFFFFBFF95
:1062A000FFEFFFFFFFDFFFFFFFFFEFFFFFFF9FFF9E
:1062B000FFFFF7FF80B592B002AF78607B68902255
:1062C00000219950FAF7E4FA0300FB637B681B682E
:1062D0001B6808221340082B2DD1FB6B80229103F1
:1062E0007868474A0092002200F08EF8031E22D000
:1062F000EFF310837B627B6ABB630123BB62BB6AE3
:1063000083F31088C0467B681B681A687B681B682B
:1063100080218A431A60BB6BFB62FB6A83F310889F
:10632000C0467B688822202199507B688422002106
:106330009954032360E07B681B681B6804221340A8
:10634000042B46D1FB6B8022D10378682C4A009243
:10635000002200F059F8031E3BD0EFF31083FB60DE
:10636000FB687B6301233B613B6983F31088C04674
:106370007B681B681A687B681B6822490A401A60A0
:106380007B6B7B617B6983F31088C046EFF31083DE
:10639000BB61BB693B630123FB61FB6983F310882D
:1063A000C0467B681B689A687B681B6801218A432A
:1063B0009A603B6B3B623B6A83F31088C0467B6804
:1063C0008C22202199507B68842200219954032338
:1063D00012E07B688822202199507B688C22202142
:1063E00099507B680022DA667B6800221A677B6816
:1063F00084220021995400231800BD4610B080BDAE
:10640000FFFFFF01DFFEFFFF80B584B000AFF86043
:10641000B9603B60FB1D1A7051E0BB6901334ED07F
:10642000FAF736FA02003B68D31ABA699A4202D3E5
:10643000BB69002B01D1032351E0FB681B681B687B
:10644000042213403BD0BB68802B38D0BB68402B64
:1064500035D0FB681B68DB6908221340082B11D17B
:10646000FB681B6808221A62FB68180000F022F91A
:10647000FB68902208219950FB68842200219954DE
:1064800001232CE0FB681B68DA6980231B011A409A
:1064900080231B019A4212D1FB681B6880221201E3
:1064A0001A62FB68180000F005F9FB6890222021B1
:1064B0009950FB6884220021995403230FE0FB6864
:1064C0001B68DB69BA681340BA68D31A5A42534151
:1064D000DBB21A00FB1D1B789A429ED000231800E5
:1064E000BD4604B080BD000080B590B000AFF8603C
:1064F000B960BB1D1A80FB68BA689A65FB68BA1D53
:106500005C2112885A52FB68902200219950FB6846
:106510008C2222219950FB6880229B58002B2DD081
:10652000FB6880229B58404ADA62FB6880229B58B5
:106530003E4A1A63FB6880229B583D4A5A63FB68B7
:1065400080229B5800229A63FB6880229858FB683F
:106550001B6824331900FB689B6D1A00BB1D1B8848
:10656000FBF7DAFC031E09D0FB689022102199503A
:10657000FB688C2220219950012350E0FB681B69A5
:10658000002B19D0EFF31083BB62BB6AFB630123BE
:10659000FB62FB6A83F31088C046FB681B681A68BD
:1065A000FB681B68802149000A431A60FB6B3B6350
:1065B0003B6B83F31088C046EFF310833B613B696C
:1065C000BB6301237B617B6983F31088C046FB6852
:1065D0001B689A68FB681B6801210A439A60BB6BC1
:1065E000BB61BB6983F31088C046EFF31083FB6186
:1065F000FB697B6301233B623B6A83F31088C046DF
:10660000FB681B689A68FB681B6840210A439A6014
:106610007B6B7B627B6A83F31088C0460023180083
:10662000BD4610B080BDC04681670208B16802084F
:10663000F368020880B58AB000AF7860EFF310838A
:10664000BB60BB687B620123FB60FB6883F310883F
:10665000C0467B681B681A687B681B68C0218A4338
:106660001A607B6A3B613B6983F31088C046EFF395
:1066700010837B617B693B620123BB61BB6983F350
:106680001088C0467B681B689A687B681B6808494D
:106690000A409A603B6AFB61FB6983F31088C0463D
:1066A0007B68882220219950C046BD460AB080BD33
:1066B000FFFF7FFF80B58EB000AF7860EFF31083EF
:1066C0007B617B697B630123BB61BB6983F31088BA
:1066D000C0467B681B681A687B681B6826490A40AD
:1066E0001A607B6BFB61FB6983F31088C046EFF394
:1066F00010833B623B6A3B6301237B627B6A83F3CB
:106700001088C0467B681B689A687B681B681B49B9
:106710000A409A603B6BBB62BB6A83F31088C04639
:106720007B68DB6E012B18D1EFF31083BB60BB6875
:10673000FB620123FB60FB6883F31088C0467B6823
:106740001B681A687B681B6810218A431A60FB6A01
:106750003B613B6983F31088C0467B688C22202113
:1067600099507B680022DA667B6800225A67C0462F
:10677000BD460EB080BDC046DFFEFFFFFEFFFFEF4F
:1067800080B594B000AF78607B689B6AFB647B68DF
:106790001B681B68202213406FD1FB6C5E22002116
:1067A0009952EFF31083BB61BB69BB640123FB61AA
:1067B000FB6983F31088C046FB6C1B681A68FB6C8E
:1067C0001B683A490A401A60BB6C3B623B6A83F320
:1067D0001088C046EFF310837B627B6A7B640123E1
:1067E000BB62BB6A83F31088C046FB6C1B689A6867
:1067F000FB6C1B6801218A439A607B6CFB62FB6A1D
:1068000083F31088C046EFF310833B633B6B3B641C
:1068100001237B637B6B83F31088C046FB6C1B6892
:106820009A68FB6C1B6840218A439A603B6CBB638F
:10683000BB6B83F31088C046FB6C8C2220219950DF
:10684000FB6CDB6E012B18D1EFF31083FB60FB6850
:10685000FB6301233B613B6983F31088C046FB6CFB
:106860001B681A68FB6C1B6810218A431A60FB6B5B
:106870007B617B6983F31088C046FB6C00221A673A
:10688000FB6CDB6E012B08D1FB6C5C229A5AFB6C13
:1068900011001800F0F770FD03E0FB6C1800F1F731
:1068A00089F8C046BD4614B080BDC046FFFEFFFF5C
:1068B00080B584B000AF78607B689B6AFB60FB6842
:1068C00001221A67FB68DB6E012B0AD1FB685C2290
:1068D0009B5A5B089AB2FB6811001800F0F74CFD58
:1068E00003E0FB681800FFF7D3F8C046BD4604B0CC
:1068F00080BD80B586B000AF78607B689B6A7B61A5
:106900007B6988229B583B617B698C229B58FB608A
:106910007B691B689B6880221340802B0AD13B69EE
:10692000212B07D17B695622002199527B691800DF
:10693000FFF780FE7B691B689B6840221340402B59
:106940000AD1FB68222B07D17B695E220021995274
:106950007B691800FFF7AEFE7B6990229B581022DE
:106960001A437B6990215A507B691800F0F7B8FFF1
:10697000C046BD4606B080BD80B584B000AF78602B
:106980007B689B6AFB60FB685E2200219952FB6872
:10699000562200219952FB681800F0F7A1FFC0466B
:1069A000BD4604B080BD80B58AB000AF78607B681A
:1069B00088229B58212B4CD17B6856229B5A9BB234
:1069C000002B32D1EFF31083BB60BB687B620123E5
:1069D000FB60FB6883F31088C0467B681B681A68FD
:1069E0007B681B6880218A431A607B6A3B613B6934
:1069F00083F31088C046EFF310837B617B693B62B1
:106A00000123BB61BB6983F31088C0467B681B68A8
:106A10001A687B681B6840210A431A603B6AFB6165
:106A2000FB6983F31088C04613E07B681B6D1A78FE
:106A30007B681B689A627B681B6D5A1C7B681A65B1
:106A40007B6856229B5A9BB2013B99B27B685622C7
:106A50009952C046BD460AB080BD80B58CB000AF2B
:106A600078607B6888229B58212B51D17B68562205
:106A70009B5A9BB2002B32D1EFF31083FB60FB6873
:106A8000BB6201233B613B6983F31088C0467B688E
:106A90001B681A687B681B6880218A431A60BB6A7E
:106AA0007B617B6983F31088C046EFF31083BB6181
:106AB000BB697B620123FB61FB6983F31088C046DD
:106AC0007B681B681A687B681B6840210A431A6050
:106AD0007B6A3B623B6A83F31088C04618E07B68A0
:106AE0001B6DFB62FB6A1B881A007B681B68D20562
:106AF000D20D9A627B681B6D9A1C7B681A657B6855
:106B000056229B5A9BB2013B99B27B6856229952FE
:106B1000C046BD460CB080BD80B58CB000AF78607B
:106B20007B6888229B58212B65D12E23FB187A681D
:106B30006A21525A1A8059E07B6856229B5A9BB2AE
:106B4000002B33D1EFF31083FB60FB68BB620123A2
:106B50003B613B6983F31088C0467B681B689A6879
:106B60007B681B6826490A409A60BB6A7B617B6927
:106B700083F31088C046EFF31083BB61BB697B626F
:106B80000123FB61FB6983F31088C0467B681B68A7
:106B90001A687B681B6840210A431A607B6A3B6263
:106BA0003B6A83F31088C046C04624E07B681B68BC
:106BB000DB698022134013D07B681B6D1A787B68D9
:106BC0001B689A627B681B6D5A1C7B681A657B6820
:106BD00056229B5A9BB2013B99B27B68562299522E
:106BE0002E217B181A887B18013A1A802E23FB1855
:106BF0001B88002BA0D1C046BD460CB080BDC0464E
:106C0000FFFF7FFF80B58CB000AF78607B68882283
:106C10009B58212B6AD12E23FB187A686A21525A7D
:106C20001A805EE07B6856229B5A9BB2002B33D1C0
:106C3000EFF31083BB60BB687B620123FB60FB68E2
:106C400083F31088C0467B681B689A687B681B6862
:106C500028490A409A607B6A3B613B6983F310884C
:106C6000C046EFF310837B617B693B620123BB610C
:106C7000BB6983F31088C0467B681B681A687B6811
:106C80001B6840210A431A603B6AFB61FB6983F37E
:106C90001088C046C04629E07B681B68DB698022FB
:106CA000134018D07B681B6DBB62BB6A1B881A003F
:106CB0007B681B68D205D20D9A627B681B6D9A1C9B
:106CC0007B681A657B6856229B5A9BB2013B99B23E
:106CD0007B68562299522E217B181A887B18013A1C
:106CE0001A802E23FB181B88002B9BD1C046BD4663
:106CF0000CB080BDFFFF7FFF80B586B000AF78602D
:106D0000EFF31083BB60BB687B610123FB60FB6812
:106D100083F31088C0467B681B681A687B681B6811
:106D200040218A431A607B693B613B6983F3108889
:106D3000C0467B688822202199507B6800229A6790
:106D40007B681800F0F7B0FDC046BD4606B080BDB8
:106D500080B582B000AF7860C046BD4602B080BD4D
:106D600080B582B000AF7860C046BD4602B080BD3D
:106D700080B588B002AFF8603B1D19605A601723D8
:106D8000FB1800221A70FB6884229B5C012B01D146
:106D900002234CE0FB68842201219954FB6888227D
:106DA00024219950FB681B681A68FB681B68012145
:106DB0008A431A60FB681B689B681F4A13401900CE
:106DC0003B1D1A68FB681B680A439A603B1D1B68E1
:106DD000002B05D13B1DF86819685A6800F0B6F918
:106DE000FB681B681A68FB681B6801210A431A606C
:106DF000F9F74EFD03003B613B698022D103F8683F
:106E00000E4A00920022FFF7FFFA031E04D0172358
:106E1000FB1803221A7003E0FB6888222021995096
:106E2000FB688422002199541723FB181B78180053
:106E3000BD4606B080BDC046FFFFCFFFFFFFFF018C
:106E400080B586B000AF78607B6884229B5C012BA4
:106E500001D1022321E07B68842201219954EFF3C0
:106E60001083BB60BB687B610123FB60FB6883F31D
:106E70001088C0467B681B681A687B681B68022103
:106E80000A431A607B693B613B6983F31088C04603
:106E90007B6884220021995400231800BD4606B067
:106EA00080BD80B586B000AF78607B6884229B5C33
:106EB000012B01D1022321E07B6884220121995416
:106EC000EFF31083BB60BB687B610123FB60FB6851
:106ED00083F31088C0467B681B681A687B681B6850
:106EE00002218A431A607B693B613B6983F3108806
:106EF000C0467B6884220021995400231800BD46B7
:106F000006B080BD80B584B000AF78607B68842215
:106F10009B5C012B01D1022327E07B6884220121A5
:106F200099547B688822242199507B681B681B68D0
:106F3000FB607B681B681A687B681B6801218A43B9
:106F40001A60FB680B4A1340FB607B6800225A669C
:106F50007B681B68FA681A607B6888222021995038
:106F60007B6884220021995400231800BD4604B098
:106F700080BDC046FFFFFFDF80B584B000AF786002
:106F800039607B6884229B5C012B01D102232EE0B7
:106F90007B688422012199547B688822242199509E
:106FA0007B681B681B68FB607B681B681A687B68D2
:106FB0001B6801218A431A607B681B689B68DB00A1
:106FC000D9087B681B683A680A439A607B68180096
:106FD00000F0E0F87B681B68FA681A607B6888221A
:106FE000202199507B6884220021995400231800A5
:106FF000BD4604B080BD000080B584B000AF7860AD
:1070000039607B6884229B5C012B01D102232FE035
:107010007B688422012199547B688822242199501D
:107020007B681B681B68FB607B681B681A687B6851
:107030001B6801218A431A607B681B689B680E4AA3
:10704000134019007B681B683A680A439A607B68A2
:10705000180000F09FF87B681B68FA681A607B686C
:107060008822202199507B68842200219954002392
:107070001800BD4604B080BDFFFFFFF1B0B58AB077
:1070800000AFF860B960BB1D1A80FB688C229B586A
:10709000202B56D1BB68002B03D0BB1D1B88002BB7
:1070A00001D101234EE0FB689A6880235B019A427C
:1070B00009D1FB681B69002B05D1BB680122134075
:1070C00001D001233EE0FB680122DA66FB68002262
:1070D0001A6727257C19BB1D1A88B968FB68180038
:1070E000FFF702FA030023707B191B78002B24D1D1
:1070F000FB68DB6E012B1CD1FB681B6810221A6237
:10710000EFF310837B617B693B620123BB61BB6949
:1071100083F31088C046FB681B681A68FB681B680D
:1071200010210A431A603B6AFB61FB6983F31088F4
:1071300003E02723FB1801221A702723FB181B7872
:1071400000E002231800BD460AB0B0BD80B584B08F
:1071500000AFF8603B1D19605A60FB681B685B68F4
:10716000102293431A003B1D9B881900FB681B6883
:107170000A435A60FB681B685B681B02190A3B1DC7
:107180009B791A06FB681B680A435A60C046BD46D5
:1071900004B080BDF0B585B000AF78607B685B6EF1
:1071A000002B08D17B686A22012199527B686822F2
:1071B0000121995243E00F26BB1908221A700E20B4
:1071C0003B1808221A707B681B689B685B0EDAB25A
:1071D0000D243B1907210A401A707B681B689B68C5
:1071E0005B0FDAB20C257B1907210A401A703B1895
:1071F0001B787A19127814498A5C5A4310007B195B
:107200001B78124AD35C1900D9F72EF8030099B203
:107210007B686A229952BB191B783A1912780A497D
:107220008A5C5A4310003B191B78084AD35C19004A
:10723000D9F71AF8030099B27B6868229952C046C0
:10724000BD4605B0F0BDC046101A0308181A030861
:1072500080B500AFDDF762F9FEE780B582B000AF20
:107260007860FEE780B584B000AFF860B9607A60FE
:1072700001235B421800BD4604B080BD80B584B0D8
:1072800000AFF860B9607A6001235B421800BD4628
:1072900004B080BD80B584B000AFF860B9607A609A
:1072A00001235B421800BD4604B080BD80B582B0AA
:1072B00000AF7860396001235B421800BD4602B020
:1072C00080BD80B582B000AF786000231800BD4655
:1072D00002B080BD80B500AF01231800BD4680BD5F
:1072E00080B582B000AF786039603B68802292013F
:1072F0005A6000231800BD4602B080BD80B582B040
:1073000000AF786001235B421800BD4602B080BD2B
:1073100010B5002101F01AFA10BD10B50A220021A3
:1073200001F0ACFA10BD10B50A22002101F0A6FA56
:1073300010BD000010B5034B0100186800F00EF8F6
:1073400010BDC0461408002010B5034B010018689A
:1073500001F084FD10BDC04614080020F0B50D00FA
:1073600087B00B350190162D09D907239D4307D50A
:107370000C23019A13600024200007B0F0BD1025F3
:10738000A942F5D8019800F0F9F9FC23BA4E5B0048
:107390009D421DD22A000832B218110054680839E3
:1073A000EB088C4203D1D4680233A24226D00322D8
:1073B0006368A1689343E268E318CA6091600122A0
:1073C00059680A435A60019800F0E0F90834D3E79D
:1073D0003F236A0A03D0042A26D8AB093833032294
:1073E0009446D9008919CC688C4206D06046626800
:1073F0008243571B0F2F2FDD013B013334699F4917
:107400008C4250D0032062688243501B0F2831DD2C
:10741000012367191D430343656077613761F96094
:10742000B9607B60A050CEE7142A02D813005B330A
:10743000D5E7542A02D82B0B6E33D0E7AA235B0082
:107440009A4202D8EB0B7733C9E78D497E238A42F3
:10745000C5D8AB0C7C33C2E7E068002F08DBA3681B
:10746000D86083600123A21851680B435360AAE7D8
:107470000400B9E7716131610028F3DA71688C4664
:10748000802189008A4200D38AE0D1085009012274
:107490008240604602437260CA0092199168E260BD
:1074A000A1609460CC600122734899108A404168C1
:1074B000914226D30A4205D10324A3435200043348
:1074C0000A42FBD0DE008619B44602936146CC68BE
:1074D000644500D09BE00834A4460324029901319E
:1074E00002912142F2D1234200D0B7E04368934396
:1074F0004360614B52005968914202D3002A00D088
:10750000B8E00322836802935B6893430393AB4222
:1075100003D35A1B0F2A00DD1FE1029B039A0820A8
:107520009E18584B1B6810335F1901F00BFC564B2B
:1075300004901B68013303D0013F3B1847421F40B2
:107540003900019801F0AAFB0400431C00D1DAE0E5
:10755000864204D9484B029A9A4200D0D3E04B4A63
:107560001368FB181360049A013AA64200D093E016
:10757000164200D090E0404B9A68039BDF1901232C
:107580003B435360414B424A1B6811688B4200D910
:107590001360404A11688B4200D8B4E01360B2E037
:1075A000500A042811D891093831CF00BF19B868A2
:1075B000874225D1012289108A4061460A437260C0
:1075C000E760A060BC60C4606DE7142802D80100C9
:1075D0005B31EAE7542802D8110B6E31E5E7AA21A6
:1075E0004900884202D8D10B7731DEE7244F7E2153
:1075F000B842DAD8910C7C31D7E78068874204D052
:1076000003264168B1439142F7D8C768D8E70327FA
:107610006168B9430391E768491B0F2910DD012216
:10762000631915436560A5680A43EF60BD60436157
:10763000036112485A60D8609860039BE150C2E62B
:10764000002909DB039BE11801234A6813434B60BF
:10765000A368DF60BB60B6E63C0039E73168083EEE
:10766000013BB14200D13EE743E7043352000A42F6
:10767000FBD027E7029BFAE7940200209C0200203F
:1076800054050000949A01208C020020649A012085
:10769000909A01208C9A012035490868013040D128
:1076A0000C600721260000230E400C4202D0083354
:1076B0009B1BE418E1190591059F04991740CB180D
:1076C000DF1B17403900019801F0E8FA431C07D18D
:1076D000371E059804D030000027059B083818187D
:1076E000244A001B1368C019DB1913600122224BC6
:1076F000029910439C606060994200D142E7039B6D
:107700000F2B13D8626003221B4B9B685B6893436B
:107710005A1BAB4201D30F2A1FDC019800F036F848
:1077200029E61449A61BF6180E60BAE70721039B49
:107730000C3B8B43029949680A4002991A434A60FC
:10774000CA180521516091600F2B00D81AE70299E1
:107750000198083101F082FB14E701231800064963
:1077600028438C681343651960608D606B602AE65E
:107770008C020020649A01209402002010B5024877
:1077800001F0DEFA10BDC046D89B012010B50248BA
:1077900001F0D7FA10BDC046D89B0120094B10B5A7
:1077A0001C68094A983420686168084BD8F7E0FEE5
:1077B0000122002380185941206061604800400880
:1077C00010BDC046140800202D7F954C2DF4515853
:1077D00010B5034B0A000100186800F003F810BD53
:1077E00014080020F0B587B00C1E0390059206D156
:1077F0001100FFF7B3FD0700380007B0F0BD039894
:10780000FFF7BCFF2300083B5F6802933A000323A5
:107810009A43059B04920B33162B08D907229343F6
:10782000019306D50C23039A13600027E4E7102385
:107830000193059B019A9342F4D8049B019A9342C9
:1078400000DB6DE1049A029BBA489B18826894465B
:107850005A689C4506D001251100A943591849686A
:10786000294244D103218A4304998E1801999C45E9
:1078700017D11031B1423CDC019A01219446B61A6D
:107880002200029B0E4363448360083A5E605368A3
:1078900003980B4061460B435360FFF777FF2700C7
:1078A000AAE7B14225DCDA689B68DA609360019B45
:1078B000029AF41A029B92195868012318400F2C5F
:1078C00000D82FE1019D029928434919029D1C43CC
:1078D00068604C605068083103435360039801F0BE
:1078E000BDFA0398FFF752FF029F083784E7002292
:1078F0001300FF0700D5C6E02100032008390D68FA
:1079000002994D1B6968814304980F18002B00D120
:1079100084E0D6199C4548D1019B1033B3427DDCED
:10792000AA68EB682F00D3609A600200043A083717
:10793000242A35D83B00132A08D92368AB60636832
:10794000EB601B2A1AD82B000834103322681A6007
:1079500062685A60A2689A60019B764AEB1893604D
:10796000019AB61A012216435E606B681340019AB1
:1079700013436B600398FFF709FF3DE7A3682B6192
:10798000E3686B61242A03D02B0010341833DDE741
:107990002369AB612B0062692033EA611834D5E7B3
:1079A0002100380001F0A6F8D6E7019AB24235DC92
:1079B0002800DA689B680830DA609360AA68EB6890
:1079C000D3609A60049A043A242A23D8132A07D948
:1079D0002368AB606368EB601B2A09D80834083061
:1079E0002368036063684360A368836002955EE771
:1079F000A3682B61E3686B61242A03D0280010344C
:107A00001830EDE7280023692030AB616369183432
:107A1000EB61E5E7210001F06DF8E7E7019BBB4270
:107A200031DC2800AA68EB680830D3609A60049AB9
:107A3000043A242A23D8132A07D92368AB60636841
:107A4000EB601B2A09D80834083023680360636898
:107A50004360A36883603E00C8E7A3682B61E368C6
:107A60006B61242A03D0280010341830EDE7280079
:107A700023692030AB6163691834EB61E5E72100CD
:107A800001F038F8E7E705990398FFF767FC071E50
:107A900003D10398FFF77AFEC7E623000122083BD3
:107AA0005B689343029AD3180200083A934205D1C7
:107AB0005E6803239E43049BF618F8E6049A043A92
:107AC000242A29D803002100132A08D92368036037
:107AD000636843601B2A0DD80300083108330A6825
:107AE0001A604A685A608A689A602100039801F017
:107AF000B5F93FE7A3688360E368C360242A03D035
:107B0000030010311033EAE72369183103610300E1
:107B1000626918334261E2E7210000F0EBFFE4E71D
:107B2000049EC4E6029906434E6051680B435360BD
:107B3000D7E6C0469402002070B516000D0002F092
:107B4000EBF8002E0DD06B236A00520D9B1A002B10
:107B500007DD0024034A1B059D182B002200DAF7DD
:107B6000A5FB70BD0000F03FF0B5A3B01B92002252
:107B700000260027059009911E921D910A782B2A54
:107B800053D03FD80D2A39D8082A39D8002A42D0F4
:107B90000022129200211D9D0C912A78302A00D0DB
:107BA00083E06A7820318A43582A00D073E0029338
:107BB000129B954A01931EAB009305981FAB1DA91C
:107BC00001F066FA0F2302001A40040006921842E0
:107BD00005D0062A2BD1002301351D9512931B9B3E
:107BE000002B02D01D9B1B9A1360129B002B19D0F7
:107BF000802330001B06F91823B0F0BD202AC7D11E
:107C00000131BAE72D2AC3D12C3A12924A1C1D9297
:107C10004A78002ABED1099B1D93002312931B9B17
:107C2000002BDFD130003900E6E70022EDE71E9A95
:107C3000002A07D0352120A802F064F91E99059882
:107C400001F052FD06981F9B0138042806D8D8F78A
:107C50006DFA12031C1E1200209E219FE40502D51E
:107C600080231B061F43694B3B42B8D101F03CF80F
:107C700022230360B3E76649219A209E0A406549A2
:107C80005B181B051A431700E8E7604FE6E701267B
:107C9000614F7642E2E71D9B5A1C1D925B78302BA8
:107CA000F9D0002B9BD001230C9300250A221D9BA9
:107CB0000D95139308951D9804782300303BD9B295
:107CC000092927D90122554900F04AFF002831D05F
:107CD000002023008446089A0E9006922022190064
:107CE00091430A0000210791452A00D0C0E0069B7D
:107CF0000C9A034313438B428DD01D9B0993013390
:107D00001D93099B5B782B2B70D00C002D2B73D10E
:107D100001246CE00899082909DC0D9951435B188E
:107D20000D93089B0130013308931D90C3E7554321
:107D30005D19F6E71D9B5A1C1D92089A5B78002A74
:107D40003AD00E9006921A00303A092A12D901222E
:107D50009446C3E71D9B01305A1C1D925B78302B63
:107D6000F8D01A00313A082A3BD80E9000201D9A0C
:107D7000069013921A00411C303A302B16D00E9BFD
:107D80005B180E93069B0A219C4684449C4515D1A2
:107D90000699069B013109181B180691082B19DC5E
:107DA0000A230D994B430021D3180D931D9B080006
:107DB0005A1C1D925B78C6E70898D0E75C1C082B1C
:107DC00004DC0D9B4B430D932300DFE7102CFBDC01
:107DD0004D43F9E700210F2BE8DC0A235D435519D9
:107DE000E4E700220E9206920132B1E70024099BDB
:107DF00002331D93099B9B781A00303A092A13D944
:107E0000099A1D92002232E0F41A03080000F07F64
:107E1000FFFFEFFF33040000FFFFFF7FDC1A0308C2
:107E20001D9B5A1C1D925B78302BF9D000220792C3
:107E30001A00313A082A1BD8303B10931D9B079338
:107E40001D9B591C1D915B781A00303A092A3AD9BA
:107E5000079A8A1AB4490791082A04DC109A0792F3
:107E60008A4200DD0791002C02D0079A5242079205
:107E7000069A002A4DD10C9A104300D0AFE6624614
:107E8000002A00D0C7E6692B27D023DC492B24D059
:107E90004E2B00D0BFE6A5491DA801F02FFB0028FE
:107EA00000D1B8E61D9B1B78282B2CD1A04920AA15
:107EB0001DA801F037FB052825D1219B9D4A209E56
:107EC0001A4317008BE60A2210994A43D218303A17
:107ED0001092B5E76E2BDED09DE697491DA801F004
:107EE0000DFB002800D196E61D9B9449013B1DA87F
:107EF0001D9301F003FB002802D11D9B01331D934C
:107F000000268C4F6BE68E4800F038FF06000F000D
:107F100065E6079B0E9A9B1A0C93089B002B01D1D8
:107F2000069B0893069C102C00DD10240D98DBF7AF
:107F3000ADF8069B06000F00092B13DC0C9B002BF1
:107F400000D14CE60C9B002B00DC7EE0162B63DCA2
:107F50007C49DB00C9183200086849683B00DAF741
:107F6000A5F9D3E72200774B093AD2009B181A688B
:107F70005B68DAF79BF9060028000F00DBF786F84C
:107F80000B00020039003000D9F7E8F9069B060023
:107F90000F000F2BD2DD069B1C1B0C9BE418002C42
:107FA00000DC9BE00F222300134014420AD06549F5
:107FB000DB00C9183200086849683B00DAF776F937
:107FC00006000F000F239C4373D02633FF339C42DF
:107FD0004BDD0023069307930D930893222300267D
:107FE000059A544F13600D9BB34200D1F7E51E99DB
:107FF000059801F079FB0899059801F075FB079940
:10800000059801F071FB0D99059801F06DFB06993B
:10801000059801F069FBE2E52523069A9B1A0C9A64
:108020009342B8DB0F24069B464DE41AE100691821
:108030003200086849683B00DAF738F90C9B1C1BD2
:10804000E4002D192A686B6889E70C9B1633A2DBC4
:1080500007990E9A3B4B521AD2009B1830001A68AF
:108060005B683900D9F7DEFC50E7002330003900A7
:10807000354D24110993012C1EDC002B01D0060084
:108080000F00324B099AFF182F4BD5005D193200B3
:10809000286869683B00DAF709F9264B2C4A060084
:1080A0000B40934295D82B4A934213D901262A4F6D
:1080B00076420023099386E00122144204D02A6804
:1080C0006B68DAF7F3F80123099A64100132099218
:1080D0000835D0E7D4239B04CF18EAE7002CE8D07A
:1080E00064420F2322001A401C420AD0154BD200D2
:1080F0009B1830001A685B683900D9F793FC0600BA
:108100000F002411D5D01F2C28DD002306930793E0
:108110000D9308932223059A002613600D9B0027D8
:10812000002B00D063E75AE51F4E00000D1E030828
:10813000E01A03080000F07F051E0308931E0308E1
:108140008F1E0308381D0308101D03080000B0FC33
:108150000000A07C0000907CFFFFEF7F1023220036
:108160001A4009921C4201D05A3309933000390059
:108170000023BF4D0122144204D02A686B68DAF74D
:1081800095F8012364100835002CF3D1002B01D0A1
:1081900006000F00099B002B0DD06B237A00520DB7
:1081A00039009B1A002B06DD1F2B5ADD0026342BCD
:1081B00050DDDC27BF040022002330003900D8F74F
:1081C0004FF90028A1D10D9B089A00931399069BA3
:1081D000059801F0D7FA0D90002800D1F9E60C9B24
:1081E0000799DA170E9B5B1A1A400C9B1792DB4318
:1081F0000C9ADB171A4000231A92069307930D9BE3
:108200000598596801F048FA0890002800D1E5E681
:108210000D9B0C3019001A690C310232920000F0EB
:10822000A4FD20AB01931FAB009332003B000598E7
:108230001096119701F0DCFD1E90002800D1CDE6CC
:108240000121059801F03AFB079000280ED1002388
:108250000793C3E64B239A1A4C3B934019400F00F7
:10826000A9E7012252429A401640A4E71F9B1A9A9E
:10827000179DD41A002B01DB1A9C5D190999209ACD
:108280005B1A36219B188A1A7A4901208C460021F4
:10829000013B16911490634506DA6146C91A521AD9
:1082A0001F293FDC88401490AB180E93A418099B3B
:1082B0000E9A1C192B00954200DD1300A34200DD2D
:1082C0002300002B04DD0E9AE41AD21A0E92ED1A46
:1082D000179B002B16DD1A000799059801F0B8FBD3
:1082E00007900028B3D001001E9A059801F0FEFA0D
:1082F0001390002800D171E61E99059801F0F4F959
:10830000139B1E930E9B002B12DC0C9B002B18DD85
:108310001A9A0899059801F09BFB0890002810D143
:1083200000235AE65449CB1A010099401691BAE746
:108330000E9A1E99059801F0CDFB1E900028E4D1FD
:108340004CE6002C07DD22000899059801F0C2FBDD
:1083500008900028E4D0002D08DD2A000799059830
:1083600001F0B8FB0790002800D137E6089A1E9963
:10837000059801F037FC0690002800D12EE6C3686E
:10838000079913930023C36001F010FC00283BDA27
:10839000139B334367D13B0365D1D622374BD204BD
:1083A0003B4093425FD9069B5B69002B03D1069B40
:1083B0001B69012B57DD06990122059801F08AFB04
:1083C0000799069001F0F2FB00284CDD2B4B099A2F
:1083D0003B40002A74D0D622D204934270D8DC22CB
:1083E0009204934200D895E630003900244B0022D5
:1083F000D9F75CFF214B06000F000B4200D0F6E5D9
:108400002223059A1360F2E50E97002875D1139A7E
:108410003B031B0B002A39D01A4A934238D1012161
:10842000099B494232000800002B0BD0D424134B87
:1084300008003B40E404A34204D86C301B0DC31A6F
:1084400099400800824223D10F4B0E99994202D1E4
:10845000013200D1C2E5094B0E9A00261A401300E2
:10846000802252039F18099B002BBDD1BFE5C04657
:10847000081B030802FCFFFFE2FBFFFF0000F07F88
:1084800000005039FFFF0F00FFFFEF7F33439DD007
:10849000169B002B1CD00E9B169A1342E3D0139B05
:1084A00030003900099A002B16D0FFF745FB020077
:1084B0000B0010981199D8F751FF06000F00D2E772
:1084C0000126924A76429B18914A1A431700CAE73E
:1084D000149B3342C7D0E2E7FFF72EFB02000B00EC
:1084E00010981199DAF7AAF90022002306000F006C
:1084F000D7F7B6FF0028B6D00CE60799069801F02A
:10850000D7FC80230022DB0504000D00D7F7B8FF5D
:1085100000286CD0139B002B77D1002E57D10E9BD7
:108520001B035AD10022200029007A4BD7F79EFF67
:10853000002859D1200029000022774BD9F7B6FE38
:1085400004000D0080231B06EB180A940B930A9A73
:108550000B9B14921593714A0E9B13401693169A17
:108560006F4B9A4200D087E06E4A0E9B944663445C
:108570001F003000190001F0CFFB0A9A0B9BD9F7BE
:1085800095FE32003B00D8F7E9FE644A664B0600D0
:108590000A409A4240D9119B644A934203D1109BEE
:1085A000013300D11AE50126604F76421E990598E5
:1085B00001F09AF80899059801F096F8079905983E
:1085C00001F092F80699059801F08EF817E6012E51
:1085D00003D10E9B002B00D19CE50023544C4D4D44
:1085E0000A930B940024B2E700244B4DAAE7200025
:1085F0002900494B0022D9F759FE139B04000D00B6
:10860000002B9FD00A940B95A1E70023414C250035
:108610000A930B941C009AE7D4239B04CF18099B60
:108620001097002BC2D13D4B169A3B409A42BDD1C8
:1086300020002900D8F700F8D8F738F802000B001E
:1086400020002900DAF7FAF83C03139B240B34438B
:108650000E900F91374A1C4352D0374BD7F706FF85
:10866000002800D0C3E40E980F99344A2A4BD7F75C
:1086700011FF00289AD0BAE4099B002B2AD0D423FA
:10868000169ADB049A4225D8200029002C4A2D4B4B
:10869000D7F7F6FE002816D020002900D7F7AEFF46
:1086A000002800D10130DAF7F1FC139B04000D0023
:1086B000002B22D180231B06CB1818901993189AEF
:1086C000199B14921593D622159BD2049B18169AC7
:1086D0009B1A159310981199149E159F01F01CFB7D
:1086E00002000B0030003900D9F7E0FD109A119B11
:1086F000D8F734FE06000F0091E718941995DEE7CD
:10870000114B0E980F99D7F7B1FEB2E70000F0FFBA
:10871000FFFF0F000000F03F0000E03F0000F07F8F
:108720000000E07F0000B0FCFFFF9F7CFFFFEF7FB9
:108730000000F0BF9535A094FFFFDF3F35E5AF3572
:108740000000C0FFFFFFDF41FFFFCF3F10B5044C2B
:108750000A000100034B2068FFF706FA10BDC0466F
:1087600014080020A8060020F0B585B017001E00F0
:1087700003900191242B44D80C00012B41D03D4B98
:1087800008229C46230061461D780134485D0100A3
:1087900011401042F6D12D2D3AD125789C1C012391
:1087A000009310223300934309D1302D36D120217C
:1087B00023788B43582B31D11600657802342E4A2A
:1087C000009B94466344310018000293D7F748FD9C
:1087D0000022844610002B00303B092B25D81D00B9
:1087E000AE4231DD531C09D001225242844505D3EB
:1087F00001D1A94225DB01227043281825780134D4
:10880000E9E700F071FA16230360002005B0F0BD1F
:1088100000912B2DC5D125789C1CC2E7002ECED10E
:108820000836302DCBD00236C9E72B00413B192B3F
:1088300001D8373DD4E72B00613B192B04D8573DB5
:10884000CEE701225242D9E7531C08D12223039AD2
:1088500002981360002FD9D0631E019307E0009B9C
:10886000002B00D04042002FD0D0002AF4D1019B31
:108870003B60CBE7311B0308FFFFFF7F10B5044CC3
:1088800013000A0001002068FFF76EFF10BDC0460C
:1088900014080020002310B50400036043608360C7
:1088A00081814366C28103614361836119000822AB
:1088B0005C3000F032F90B4BE46123620A4B6362D7
:1088C0000A4BA3620A4BE3620A4B9C4205D00A4B57
:1088D0009C4202D0094B9C4203D12000583000F04A
:1088E0002DFA10BD5D8A0208858A0208BD8A020839
:1088F000E98A0208989A0120009B0120689B0120C8
:1089000010B5034A0349044800F06CF810BDC04696
:108910009C0600201DB402081808002041680B4B7B
:1089200010B50400994201D002F078FDA168084B0F
:10893000994202D0200002F071FDE168054B994296
:1089400002D0200002F06AFD10BDC046989A0120B6
:10895000009B0120689B012010B5094B094A0421A6
:108960001A6009480022FFF795FF012209210748F4
:10897000FFF790FF022212210548FFF78BFF10BD81
:10898000D09B012001890208989A0120009B0120B8
:10899000689B012010B5024800F0D2F910BDC04616
:1089A000DA9B012010B5024800F0CBF910BDC0469B
:1089B000DA9B012010B50400FFF7ECFF636B002B7E
:1089C00002D0FFF7EFFF10BD044B6363044B1B683D
:1089D000002BF6D1FFF7C0FFF3E7C0461D89020860
:1089E000D09B0120F7B51400002600900191A568E6
:1089F0006768013F04D52468002CF8D13000FEBD23
:108A0000AB89012B08D90E22AB5E013304D02900BB
:108A10000098019B984706436835EAE70EB400B515
:108A20000B499CB01DAB0290069007910491094838
:108A3000094904CB0591006802A9019301F0B4FA39
:108A40000022029B1A701CB008BC03B01847C04635
:108A5000FFFFFF7F140800200802FFFF70B50C0025
:108A60000E25495F00F006F9002803DB236D1B1873
:108A7000236570BDA389024A1340A381F9E7C0466C
:108A8000FFEFFFFFF8B51F008B8905000C001600F3
:108A9000DB0505D50E23C95E0022022300F0D6F8BF
:108AA000A389054A28001340A38132000E23E15E0A
:108AB0003B0000F005F9F8BDFFEFFFFF70B50C00BB
:108AC0000E25495F00F0C2F8A389421C03D1054A74
:108AD0001340A38170BD802252011343A3812065FE
:108AE000F8E7C046FFEFFFFF10B50E23C95E00F0A8
:108AF0009BF810BD10B5884206D800239A4208D0D2
:108B0000CC5CC4540133F9E78B189842F5D2013A92
:108B100000D210BD8B5C8354F9E7030082189342A6
:108B200000D1704719700133F9E7020010B51378CE
:108B300014000132002BFAD1CA5CE2540133002A3E
:108B4000FAD110BDC9B20378002B04D08B4200D1FA
:108B500070470130F7E74B42594149420840F7E777
:108B600030B50500101E0BD00024013A2B5D085DC6
:108B7000834204D1A24202D00134002BF6D1181A4C
:108B800030BD030030B51D00002A06D00C78013A34
:108B900001332C700131002CF5D100219A18934239
:108BA00000D130BD19700133F9E70000034B10B557
:108BB0001A680123503200F003F810BD1408002099
:108BC000F0B5041E02D11468002C09D020000E005C
:108BD000057801343778002F04D1002D0DD11560B0
:108BE000002006E00136BD42F4D1002BEED1146026
:108BF0000370F0BD0133002D02D10B002678013443
:108C00001D78AE42F6D100231D009E4202D0230003
:108C1000611E0D701360ECE79422024B5200985CC9
:108C20007047C046A8060020002370B5064D04001A
:108C300008002B60FEF762FB431C03D12B68002B5E
:108C400000D0236070BDC046D49B012070B50400E5
:108C5000080011001A000023054D2B60FEF71AFBD7
:108C6000431C03D12B68002B00D0236070BDC0468D
:108C7000D49B012070B50400080011001A000023E5
:108C8000054D2B60FEF7FAFA431C03D12B68002B2D
:108C900000D0236070BDC046D49B0120002370B576
:108CA000064D040008002B6004F09CFD431C03D11A
:108CB0002B68002B00D0236070BDC046D49B0120E0
:108CC00070B50400080011001A000023054D2B6048
:108CD000FEF7C8FA431C03D12B68002B00D0236099
:108CE00070BDC046D49B0120014B18687047C04638
:108CF0001408002070B500260C4C0D4D641BA41008
:108D0000A64209D1002604F07FFD0A4C0A4D641BDF
:108D1000A410A64205D170BDB300EB5898470136A8
:108D2000EEE7B300EB5898470136F2E7201F03083F
:108D3000201F0308281F0308201F030870477047DF
:108D400070477047802310B5082804D0FFF7CCFF88
:108D500016230360173B180010BD03000A78013189
:108D60001A700133002AF9D17047002310B59A42D6
:108D700000D110BDCC5CC4540133F8E70020014998
:108D80007047C0460000F87F034B10B5002B02D09F
:108D9000024800F005F810BD0000000049B60208C6
:108DA000002310B501001A00180002F09FFC10BD4E
:108DB000F7B5040008200D00FFF7C4FF06002000EF
:108DC000FEF7DCFC0322224F3100BB685B68934353
:108DD00018001138401B80190193D7F7BBF9451EC5
:108DE0007543AE4204DD2000FEF7D0FC0020FEBD3E
:108DF00000212000FFF752FFBB68019A9B189842A0
:108E0000F1D120006942FFF749FF013010D1002164
:108E10002000FFF743FFBA68811A0F29E3DD0D4DEB
:108E20000D4B2D68401B186001230B435360DAE79C
:108E30000126019BBA685B1B33435360064A20003E
:108E400013685B1B1360FEF7A1FC3000CFE7C04640
:108E5000940200208C020020649A0120F7B50D1EB8
:108E600001902DD0FEF78AFC012329009C46083989
:108E70004F6862463B0064469343C8184568023217
:108E800095434A4A2740966886421AD15B19002FBB
:108E900006D10868091A8D681B18C868E8608560E3
:108EA0000120184348609160414A12689A4204D8F0
:108EB000404B01981968FFF77BFF0198FEF766FCAD
:108EC000F7BD00264560B74209D10F683A4CC91B6F
:108ED000DB198F68A7422CD0CC68FC60A7604719CB
:108EE0007C6801273C420BD15B198568002E22D19A
:108EF000314CA5421FD13E0051611161CD608D60A2
:108F00000125280018434860CB50002ED5D1802081
:108F10008000834213D2D8085B099D4053681D43EB
:108F2000C3009B1855609A68CB608A609960D160D5
:108F3000C3E76646D3E7C068E8608560E0E75D0A9E
:108F4000042D12D898093830C600B618B568032722
:108F5000AE4225D101238010834050680343536003
:108F6000CE608D60B160E960A7E7142D02D82800BB
:108F70005B30E9E7542D02D8180B6E30E4E7AA20E5
:108F80004000854202D8D80B7730DDE70B4E7E20BB
:108F9000B542D9D8980C7C30D6E7AD68AE4203D044
:108FA0006A68BA439A42F8D8EE68D9E7940200207A
:108FB00090020020949A01209C0200205405000099
:108FC0000200F0B5046985B014324B11160002930B
:108FD0009C4231DD1F260F009B00A500D3183740AF
:108FE00055190093019731420DD1160019008D4299
:108FF00036D8009B0026033B9D4202D3029BE41A15
:10900000A600961918E02021019E019F891B009E51
:10901000039102CE9446F940B54216D8009B002633
:1090200001339D4203D3029BE41AA600043E961925
:109030003160002900D00436B11A891001619642CE
:1090400001D10023436105B0F0BD3768039B9F4009
:109050000F43614680C18C46019B02CED940DBE7BD
:1090600080C980C6C3E70200303A0300092A02D84B
:10907000203BD8B270470200613A052A01D8473B2D
:10908000F7E71A00413A0020052AF3D8273BF0E71A
:10909000F0B589B007930B680192039006919A1C72
:1090A00011000132501E00783028F9D0CB1A023B53
:1090B00005930091FFF7D7FF00231D00029398420C
:1090C0001ED10122A6490098FFF74AFD0700A842D9
:1090D00000D06AE0009B58785C1CFFF7C4FF0123B6
:1090E0000293A8422FD00094009B1878302809D012
:1090F000FFF7B9FF42424241012325000292059346
:10910000009C04E0009B01330093EDE701342078DC
:10911000FFF7A9FF071EF9D1012220009049FFF7B0
:109120001FFD00280DD1002D06D101342500207827
:10913000FFF799FF002802D12D1BAF0003E0013497
:10914000F5E7002DF8D12022237826009343502BF9
:109150001DD163782B2B2DD02D2B2FD00023661CF7
:1091600004933078FFF77FFF431EDBB20500182B16
:109170002AD87078FFF777FF431EDBB20136103D27
:10918000182B1DD9049B002B00D06D427F19069B24
:109190001E60029B002B19D0059B06265A425341A4
:1091A0005B421E40300009B0F0BD01230027009C47
:1091B0000293C8E700230493A61CD2E70123FAE731
:1091C0000A235D432D18D4E72600E0E7009B0299AF
:1091D000E31A013B072B0ADC039800F05DFA051E39
:1091E00008D12A00E4215F4B5F4802F0BFFA013149
:1091F0005B10EFE7030014330293059300231E0076
:109200000493009BA34238D3059C029B40C4E41AFC
:10921000A41030002C6100F001FB019B64011B686D
:10922000261A00939E4252DDF61A3100280000F003
:109230008AFE041E0FD001241F232000721E13403B
:10924000984003005111029889000958194202D030
:10925000A24234DC022431002800FFF7B1FEBF191E
:10926000019B9B68BB4242DA2900039800F03CFA5C
:1092700000230E9AA326136094E7013C23782E2B3B
:1092800012D0049B202B04D1059B40C300260593DC
:1092900004962078FFF7E7FE0F231840049B9840C0
:1092A000043306430493ACE7009BA342E9D80122B0
:1092B00020002B49FFF754FC0028E2D1A1E7280049
:1092C000B11E00F040FE0028C4D00324C3E7009B79
:1092D00000249E42C4DA9E1B29003200039800F04D
:1092E000F9FB030014330500BF1B0293B8E7019B91
:1092F0005E68BE426FDD009BF61BB34236DC019B0D
:10930000DB68022B24D0032B26D0012B17D1009B26
:10931000B34214D1012B0BD1019B079A5B686226E3
:1093200013600123029A2B6113600E9B1D6039E7C5
:1093300000992800013900F006FE0028ECD1290030
:10934000039800F0D1F900230E9A5026136029E704
:109350000F9B002BF3D1DFE70F9B002BDCD1EEE757
:10936000DC1A0308391C03084A1C0308771E002C6A
:109370002FD1002F04D03900280000F0E4FD0400B4
:109380001F237A111F401E3BBB4002999200525886
:109390001A4201D002231C43009B31009B1B022672
:1093A00028000093FFF70CFE019B5F68002C3FD064
:1093B000019BDB68022B10D0032B12D0012B06D1AE
:1093C000A20704D5029A126814431C420CD1102340
:1093D0002DE00124D4E70126E8E701230F9A9B1A28
:1093E0000F930F9B002BF2D02B69002002939B0060
:1093F00004932B00049A143399181A68541C1CD037
:1094000001321A602B001433022E3FD1019A0099C9
:109410001268013A8A4209D10A001F201040012235
:10942000824049118900CB5813423DD120231E436D
:109430000E9B1D60079B1F60B4E601C39942DCD8F8
:10944000AB68029A9A4218DB69680398013100F010
:1094500023F9041E04D1220084211D4B1D48C4E6BB
:1094600029002A690C31023292000C30FFF77DFC92
:109470002900039800F038F925002B695A1C2A614D
:10948000012204339B00EB185A60BBE72A6902995A
:109490008A420BDD01212800FFF792FD019B013775
:1094A0009B68BB4200DADFE60126BFE71F22009C73
:1094B000009914401142F7D0049A9B18043B186895
:1094C00000F0ACF920231B1B9842E3DBECE7C0461D
:1094D000391C03084A1C0308082370B520259A1A72
:1094E0009200AD1A436804681E00AE40D340344376
:1094F0000460436004308842F4D370BD30B5036823
:109500000C780133002C02D10360012030BD1A78A1
:109510001500413D192D00D820320131A242EFD073
:109520000020F3E7F0B50B688BB0019201995A1156
:1095300092008A18029219001F2211400890069189
:10954000134202D0029B04330293029B00251F1F8B
:109550003E003C00089B3D601B6807950593039502
:10956000059B01330993059B5B780493002B28D05E
:109570000498FFF778FD002855D1049B202B19D8BB
:10958000039B079A934212DDB44206D2072D04DCF6
:109590002A0031002000FFF79FFF019B08259C4215
:1095A00005D9261F00253400039B35600793099BCE
:1095B0000593D5E7049B292B5AD1059B089A0233C2
:1095C0001360039B002B53D0B44206D2072D04DC5A
:1095D0002A0031002000FFF77FFF019B9C4236D913
:1095E0001A00230002CB02C29F42FBD2029B611CE5
:1095F000DA1E0423914205D8029B043B1B1B9B08E7
:1096000001339B00019AD318002204C39F42FCD26D
:109610003B68002B04D1019B9F4227D101233B6073
:1096200005200BB0F0BD039B013501330393082DDA
:1096300006DD019B9C42BAD900230125043C23602E
:109640000F22236810401B0103432360AFE7069BF2
:10965000002BDDD02023069A02999B1A0122524248
:10966000DA4004390B6813400B60D1E7043FCFE7C1
:109670000420D6E782B0002900D101A9101E06D02F
:10968000002B06D013780B601078431E984102B06F
:10969000704702204042FAE7436C70B506000C00A8
:1096A000002B12D0736CA2009B181868002815D1EB
:1096B00001210D00A5406A1D3000920002F074F8EF
:1096C000002809D0446085600AE02122042102F0CC
:1096D0006BF870640028E5D1002070BD02681A6044
:1096E00000230361C360F8E7002906D04A68436C91
:1096F00092009B181A680A6019607047F7B50F004E
:1097000001900C001E0000200D6914373B680130E9
:1097100099B251431B0C534389190E0C9B191E0C13
:1097200089B21B045B1808C78542EFDC002E22D0EB
:10973000A368AB4219DC616801980131FFF7ACFF07
:10974000071E05D13A00BA210C4B0D4802F00EF865
:10975000210022690C31023292000C30FFF705FB28
:1097600021000198FFF7C0FF3C002B1D9B00E31870
:1097700001355E6025612000FEBDC046391C03082E
:10978000AA1C0308F7B5070018000C0008300921CF
:1097900001931500D6F768FD0123002183420ADBFF
:1097A0003800FFF779FF011E08D10A00194B1A484B
:1097B000D33101F0DBFF5B000131EFE7089B436130
:1097C00001230361092D18DD230009331E000093D6
:1097D000641933780A223800303BFFF78FFF0136D7
:1097E0000100A642F5D12C00009B083C1C192E005C
:1097F000019B9E4204DB0800FEBD09250A34F6E702
:10980000631B9B5D0A223800303BFFF777FF013670
:109810000100EDE7391C0308AA1C0308802203009D
:1098200052020020934201D21B04103080225204C5
:10983000934201D208301B0280225205934201D28A
:1098400004301B018022D205934201D202309B00DA
:10985000002B03DB0130134200D120207047036846
:10986000010007221800104013420DD0063A0020D4
:10987000134205D10230034203D0D34010000B60E5
:1098800070479B080B60FBE79AB2002A01D11020B9
:109890001B0CDAB2002A01D108301B0A1A0701D1C9
:1098A00004301B099A0701D102309B08DA07E9D47A
:1098B00001305B08E6D12020E2E7000010B50C0083
:1098C0000121FFF7E9FE002807D14621054C0200DF
:1098D000054B2000FF3101F049FF01234461036182
:1098E00010BDC046AA1C0308391C0308F0B51400BB
:1098F0000A6923690D008BB09A4202DB23000C0039
:109900001D0027692E696168BB190393A368BA1902
:10991000934200DA0131FFF7BFFE0290002806D122
:10992000B121494B4948029A490001F01FFF029BAF
:10993000002214339C46BB199B0063440493634686
:1099400004998B422AD32300BF00143314350893A3
:10995000B600DB190593AB19099304230693230082
:10996000059A153301959A4205D3131B153B9B08A5
:1099700001339B000693019B099A934210D3039BEA
:10998000002B05DD049B043B04931B68002B56D081
:10999000029B039A18001A610BB0F0BD04C3CFE715
:1099A000019B186880B200281ED067460025089EDB
:1099B00002CE3B6807938BB243431A006B46090CF7
:1099C0009B8B4143D318079A5B19120C89181A0C08
:1099D0008A189BB2150C12041A43059B04C7B342A4
:1099E000E6D86346069A9D50019B1868000C20D06B
:1099F00063462500614600271B6814352A680E68F7
:109A000092B24243360C9219D21916049BB21E43ED
:109A10000E6040CD4B68360C46439BB2120CF318D7
:109A20009B18059A1F0C0431AA42E7D86246069992
:109A30005350019B0433019304239C449BE7039BF5
:109A4000013B03939BE7C046391C0308AA1C03088B
:109A5000F7B50323150007000E001A401D4208D079
:109A60001A49013A9200525800233100FFF746FE8E
:109A70000600AD1027D03C6C002C07D138001449EB
:109A8000FFF71CFF002304003864036001231D421C
:109A90000AD0310022003800FFF728FF3100019082
:109AA0003800FFF721FE019E6D100CD020680028C1
:109AB00007D1220021003800FFF718FF00232060A3
:109AC00003600400E2E73000FEBDC046041D030849
:109AD00071020000F0B50C0016002369571185B023
:109AE000FB180193013300934968A3680290009A20
:109AF000934210DB0298FFF7CFFD00230100050021
:109B00001A00143198420CD1EF212A00254B264827
:109B1000490001F02BFE01315B00E8E798000A5094
:109B20000133BB42FADBFB43DB171F40BF002300BE
:109B30001F20C91937002269143392009A18074070
:109B4000064229D00130C01B03908C4600201E68BD
:109B5000BE400643604640C08446039E01CBF040B1
:109B60009A42F4D8260015360423B24204D3131BBC
:109B7000153B9B0801339B00C850002802D0019B75
:109B800002330093009B0298013B21002B61FFF7F9
:109B9000ABFD280005B0F0BD01CB01C19A42FBD856
:109BA000F0E7C046391C0308AA1C030830B50B694E
:109BB00004690200E01A9C420FD114329B00143158
:109BC0001400C918D218043A043915680B689D426C
:109BD00004D001209D4200D2023830BD9442F2D31D
:109BE000FBE70000F0B50C0087B0009011002000EA
:109BF0001700FFF7DBFF051E10D101000098FFF7EB
:109C00004BFD021E04D1404B4048414901F0AEFDDE
:109C1000012345610361100007B0F0BD0026B0428A
:109C200003DA23003C001F00013661680098FFF74B
:109C300033FD021E03D1344B34483649E6E723692D
:109C4000143400939B00E318210001943C0002931C
:109C50003B6914349B00E31803930300C6608C46F1
:109C60000020143304930593634620CBA9B20E0061
:109C70009C4608CC2D0C99B2711A09181B0C0814BB
:109C8000EB1A1B18181489B21B041943059B02C355
:109C90000593039BA342E7D83900039C15310423A5
:109CA0008C4204D3E31B153B9B0801339B000199B5
:109CB000CD1804992E00CB181F0002998E4211D3A3
:109CC000029CE91E00208C4204D321000331491B71
:109CD000890888001B18043B1968002910D0009BD4
:109CE000136198E7844602CE88B2604400140C0CDD
:109CF00004196144201489B22404214302C7DCE71B
:109D0000009901390091E6E7391C0308AA1C0308F1
:109D1000370200004502000010B500240C4B0D4A2C
:109D20000B409B18A34206DC5B421A15132A05DC84
:109D300080231B0313411900200010BD143A012495
:109D40001E2A02DC80242406D4400023F3E7C04608
:109D50000000F07F0000C0FCF7B506000369143670
:109D60009B00F3181D1F2C680F0020000193FFF7C4
:109D700055FD2022121A3A6003001C4A0A2815DCFD
:109D80000B212700091ACF403A438C4611000022CC
:109D9000AE4202D2019A083A126815339C406346DB
:109DA0002700DA401743380003B0F0BD0027AE4269
:109DB00002D2019D083D2F680B2149428C469C44EC
:109DC0000B2B10D0614620238C405B1A3900D94000
:109DD0000C43224311000022B54201D9043D2A68F8
:109DE0006446A740DDE722431100DCE70000F03FB6
:109DF000F7B5012116001F00FFF74EFC041E05D128
:109E00002200254B2548264901F0B0FC3B037D008C
:109E10001B0B6D0D02D08022520313430193002EC1
:109E200025D068460096FFF71AFD019B009900288F
:109E30001BD020221E00121A96403200C3400A4353
:109E400062610193019EA661731E9E4101362661E7
:109E5000002D14D03526134BED18089B2D181D60CE
:109E6000099B361A1E602000FEBD6161EAE701A869
:109E7000FFF7F5FC019B012663612030E7E70A4B01
:109E8000C018089B1860094BF3189B00E318586929
:109E9000FFF7C4FC7601E3E7391C0308AA1C03089A
:109EA0000F030000CDFBFFFFCEFBFFFFFFFFFF3FD7
:109EB000F0B587B00F0004A90600FFF74DFF009032
:109EC0000191009B019C380005A902930394FFF7C0
:109ED00043FF0D0002000B0030693969049E401AEF
:109EE00005994001711A41180805002908DD0199FA
:109EF0004118039102980399D7F794FD07B0F0BD7C
:109F00002B1AF7E770B514000500013913694911E0
:109F10000131890014349B004118E318A3420DD885
:109F20001400113400259C4203D89B1A113B9B0856
:109F30009D0000234019814203D870BD40CC40C52C
:109F4000ECE708C0F7E70200006910B514324B11C6
:109F5000984213DB0CDD1F2408002040214207D06B
:109F600099008C582100C140814001208C4204D1CD
:109F70009B00D318934203D8002010BD0300F7E7DD
:109F8000043B19680029F5D00120F6E70300081EFC
:109F900005D0FF2A04D98A2201201A604042704766
:109FA00001200A70FBE70000F0B5DDB01C000B914A
:109FB00009920A9001F044FB036818002093D6F739
:109FC000ADF80B9B18909B891B0617D50B9B1B6943
:109FD000002B13D140210A98FDF7C0F90B9B1860A4
:109FE0001861002807D10C230A9A136001235B42F1
:109FF0001A9300F011FC40230B9A536100230022B6
:10A00000329331930E93002316921793002333AFAC
:10A0100030972393229314931D9321931A93099DB0
:10A020002B78002B02D0252B00D090E0099BEE1A54
:10A030009D4216D03B60329B7E609B193293319BD0
:10A04000083701333193072B08DD0B990A9830AAA2
:10A0500002F074FA002800D0D8E333AF1A9B9B19A2
:10A060001A932B78002B01D101F08AF900231B22CF
:10A070000126691C1D0022A812181370764219933C
:10A080004B1C15930B781093109820385A2801D93F
:10A0900000F002FED6F754F89B0000060006A5006B
:10A0A000000600060006800000060006A700AF00BC
:10A0B0000006AD00B4000006D000D200D200D200ED
:10A0C000D200D200D200D200D200D2000006000698
:10A0D0000006000600060006000654010006FD000A
:10A0E0000F01540154015401000600060006000649
:10A0F000E40000060006D404000600060006180569
:10A100000006360500060006660500060006000685
:10A110000006000600060006000654010006FD00C9
:10A120001101540154015401E6001101F900000627
:10A13000F2000006B604D6040705F900000618056B
:10A14000A3003805000600065D000006A3000135E7
:10A1500066E7A54B28002393202318401D4201D118
:10A1600000F003FD193B07349C43220018CA0693F4
:10A1700007940D92EB070AD5069B079A134306D066
:10A18000302229AB1A70109A5A7002231D43974B44
:10A1900002201D4000F066FC0A9801F051FA436865
:10A1A00018002193D5F7BAFF1D900A9801F048FADC
:10A1B000836814931D9B002B11D0149B002B0ED091
:10A1C0001B78002B0BD08023DB001D4307E01B23F3
:10A1D00022AA9B181A78002A01D120321A701599E8
:10A1E0004EE70123F1E708CC1993002BF7DA5B4225
:10A1F00019930423E9E71B2322AA9B182B22EDE7DE
:10A20000159A159B1278013310922A2A0DD0002638
:10A210000A21109A1593303A092A00D934E74E439F
:10A22000B6181A7801331092F3E740CC002E01DA09
:10A23000012676421593D2E78023C6E700220A2141
:10A24000159B1992199A10984A433038821819921E
:10A250001A7801331092303A092AF3D9159313E78B
:10A260000823B2E7159B1B78682B05D1159B01339A
:10A27000159380239B00A8E74023A6E7159B1B7836
:10A280006C2B04D1159B0133159320239DE71023DC
:10A290009BE7210004C943AB0D911B211A700022DA
:10A2A00022A809180A7001260C921B92129213928E
:10A2B00011920993BEE110231D43AB062FD507234E
:10A2C00007349C43220018CA069307940D92079BFB
:10A2D0000120002B0BDA069B079C00225942A24169
:10A2E000069107921B222D2122ABD2181170069ADB
:10A2F000079B1A43711C01D101F052F880212C00F8
:10A300008C43002A01D001F050F8002E01D100F05A
:10A31000B9FC012801D001F04CF800F04DFC2200FE
:10A3200008CA0D92EA0603D50693DB170793CEE71A
:10A330006A0601D51BB2F7E7AA05F5D55BB2F3E7CC
:10A34000072307349C43220018CA0D92012216935A
:10A350001794169B52422493179B5B005B0825932E
:10A3600024982599224BD8F705FE002824D124985B
:10A37000259901221E4B5242D6F782F800281BD1A4
:10A380001698179900220023D6F770F8002804D0F9
:10A390001B2322AA9B182D221A70164B0993109B7F
:10A3A000472B01DD144B099380239D430023032693
:10A3B0000C931B9301F02CF8169A179B10001900B0
:10A3C000D8F7D8FD00281DD0179B002B04DA1B23DB
:10A3D00022AA9B182D221A70084B0993109B472B19
:10A3E000E2DD074BDFE7C046101E0308FFFBFFFF5F
:10A3F000FFFFEF7F001E0308041E0308081E03086A
:10A400000C1E0308109B612B00D1E9E15822412B5F
:10A4100000D1E6E1731C00D109E22023109A0C90D0
:10A420009A43472A02D1002E00D1013680235B00D7
:10A430002B431C93179B002B00DBFBE180221206B1
:10A440009446169B1E93179B63441F932D232793BB
:10A450002023109A9A431292412A00D006E21E98B5
:10A460001F992AAA01F010F9FF2300229B05D7F7B4
:10A470001DFF002200230E900F91D5F7F1FF002859
:10A4800001D001232A93CF4B1393109B612B01D052
:10A49000CD4B1393099C731E00220E980F991193B4
:10A4A000CA4BD7F703FF0E900F91D8F785FD1B908D
:10A4B000D8F7BEFD02000B000E980F99D8F7BEF931
:10A4C000139A0E900F911B99119B525C22700134CC
:10A4D00001330BD00E980F99119B0022013B26935C
:10A4E0000023D5F7BDFF002800D1A9E100220E9876
:10A4F0000F99B74B2694D5F7CDFF00280CD10E98B5
:10A500000F990022B24BD5F7ABFF002800D1A8E18C
:10A510001B9BDB0700D4A4E13020139B2E94DB7B34
:10A520002E9A013A2E921178994200D18AE14B1C61
:10A53000DBB2392901D1139B9B7A1370269B099AB0
:10A540009B1A0E932A9B1193129B472B00D0DCE1A0
:10A55000119B033303DB119BB34200DCFBE1109B37
:10A56000023B1093119B40225C1E6B4610999B1876
:10A57000203A00201B782A949143412902D10F33BD
:10A58000DBB201302CA90B702B23002C03DA012441
:10A59000119BE41A2D234B70092C00DCCDE13723ED
:10A5A00022AA9B181293129E2000731E0A21129356
:10A5B000D5F740FF731E3031197020000A21119425
:10A5C000D5F752FE119B0400632BECDC2A2222A853
:10A5D000B11E121837200B0030340C7022AC001959
:10A5E000834200D2A4E10023814203D8393322AA56
:10A5F0009B189B1B2A2222A95218D3182CAA9B1AFB
:10A600000E9A22939E18012A01DCEB0701D5189BB4
:10A61000F61880226F4B52002B401A4300231C92E5
:10A62000129313931193279B002B00D0E4E1002396
:10A630001C9D1B931B9B1C93B34200DA1C961B238F
:10A6400022AA9B181B785A1E93411C9AD3181C935C
:10A6500002232B40269302231D4202D01C9B02336F
:10A660001C9384232B40279384231D421FD1199BC5
:10A670001C9A9C1A002C1ADD3900319B5648329ADC
:10A68000013308313860102C00DD17E37C60A4181A
:10A690000F0032943193072B09DD0B990A9830AAE9
:10A6A00001F04CFF002801D000F049FE33AF1B221F
:10A6B00022A952181178329B002914D03A60012245
:10A6C0009B183293319B7A609B1831930837072B84
:10A6D00009DD0B990A9830AA01F030FF002801D05B
:10A6E00000F02DFE33AF269A329B002A15D029AAFE
:10A6F0003A6002229B183293319B7A600133319386
:10A700000837072B09DD0B990A9830AA01F016FFCC
:10A71000002801D000F013FE33AF279B802B1FD100
:10A72000199B1C9A9C1A002C1ADD3900319B2B486E
:10A73000329A013308313860102C00DDD1E27C60A0
:10A74000A4180F0032943193072B09DD0B990A9856
:10A7500030AA01F0F3FE002801D000F0F0FD33AF85
:10A760001B9B9C1B002C1ADD3900319B1B48329A25
:10A77000013308313860102C00DDC5E2A2187C607E
:10A7800032920F003193072B09DD0B990A9830AAFA
:10A7900001F0D4FE002801D000F0D1FD33AF329B90
:10A7A0001B93EB0500D5CBE2099B7E603B601B9BB6
:10A7B000F618319B329601333193072B00DDA3E36A
:10A7C000083701E3101E0308211E03080000304073
:10A7D0000000E03FFFFBFFFF441E0308341E030898
:10A7E0007822302129AB19705A7002231D43632E41
:10A7F00015DD0A98711CFCF7B1FD0990002813D1F2
:10A800000B9B9A89402313430B9A93810B9B9B8943
:10A810005B0601D5FFF7EAFB1A985DB0F0BD002397
:10A820000C9343AB099301E6099B0C93FEE50626C6
:10A830000C90FBE5169B179C1E931F94002306E6C5
:10A84000269B29E610706BE618700133CA1AFBD5F7
:10A85000119A0023013201DB119B0133E318269387
:10A860006CE6119A230030201119EFE7129A340098
:10A870000323462A05D01400453C62425441013B63
:10A8800034192EAA04922BAA03922AAA02920093A8
:10A890000A981E9A1F9B019401F062F8129B09907E
:10A8A000472B19D1EB0701D42E9B48E6099B1B19B6
:10A8B0000E9300221E981F990023D5F7D1FD002882
:10A8C00001D00E9B2E9330222E9B0E999942EBD9EC
:10A8D000591C2E911A70F7E7099B1B190E93129BB6
:10A8E000462BE6D1099B1B78302B0AD11E981F9965
:10A8F00000220023D5F7B4FD002802D101231B1B41
:10A900002A932A9B0E9AD318D2E7129B462B00D08B
:10A9100028E601222B00119913403343002929DD39
:10A92000002B42D0189A8B18F618662310932DE04E
:10A930001C7801331470013252E62A2222ABD2185D
:10A94000002804D130232B228B7022ABD218303454
:10A95000531C147052E6119B0E9A93420FDA0E9B11
:10A96000189A9E1867231093119B002B0EDCF61A81
:10A9700001360BE0002B1AD0189B0133D4E7672374
:10A98000119E1093EB0701D5189AB61880232A0060
:10A99000DB001A401392002212921D4200D142E6BF
:10A9A000119B934225DC13923DE6119EBDE7662381
:10A9B00016001093EAE7119A93420FDAD31A119313
:10A9C000149B5B78002B10D0139B01331393149BC3
:10A9D00001331493149B1B78FF2BECD1129A139B19
:10A9E0009B181D9A53439E191DE6129B0133129327
:10A9F000F0E7129B1393EDE71B2322AA9B182D224D
:10AA00001A7014E6AB0609D523681A9A1A60D21791
:10AA10005A600434159B0993FFF701FBEB0603D53D
:10AA200023681A9A1A60F4E76B0603D523681A9A0A
:10AA30001A80EEE7AD05F3D523681A9A1A70E8E795
:10AA400010231D432023280018401D420FD0193B1E
:10AA500007349C43220018CA069307940D920020E5
:10AA6000B34B1D401B2222AB0021D2183EE4220032
:10AA700008CA29000D9210221140154202D00693F7
:10AA80000790ECE7402228001040154203D09BB20B
:10AA900006930791E3E780222900920011401542B6
:10AAA000F6D0DBB2EBE7230004CBA2490D930023E1
:10AAB000069229AA0793118002339F4A18001D436A
:10AAC000763323921093CDE7230004CB00240D931B
:10AAD0001B23099222AA9B181C70731C0DD03200F4
:10AAE0002100099800F0C4FD0C90A04200D1E2E0E2
:10AAF000099A861A23000C945BE40998D5F70EFB9B
:10AB00000600F7E710231D432023280018401D42AC
:10AB100009D0193B07349C43220018CA06930794B6
:10AB20000D9201209EE7230004CB29000D931023F2
:10AB300019401D4202D006920790F2E740232800F8
:10AB400018401D4203D093B206930791E9E7802392
:10AB500029009B0019401D4202D0D3B20693EBE7B7
:10AB60000692F2E7754BFFF7F5FA230004CB2900B4
:10AB70000D93102319401D4203D006920790FFF752
:10AB8000F9FA4023280018401D4204D093B20693DE
:10AB90000791FFF7EFFA802329009B0019401D421F
:10ABA00002D0D3B20693E9E70692F1E7079B002BA8
:10ABB0000CD1069B092B09D8069B3033DBB2E72268
:10ABC00022A952181370099200F01BFC00230E9367
:10ABD0008023DB0023405CAD0C930A220698079982
:10ABE0000023D5F7A5FC6B1E303209931A700E9B1B
:10ABF000119001330E930C9B1291002B1DD0149BCE
:10AC00000E9A1B789A4218D1FF2A16D0079B002B68
:10AC100002D1069B092B10D9099B1D9A21999B1AD9
:10AC200018000993FDF7ADFF0022149B0E925B788C
:10AC30005A1E9341149AD3181493079B002B03D1E7
:10AC4000069B092B00D8DCE3119B099D0693129B00
:10AC50000793C2E70F20099B239A013B0993069BA8
:10AC60000340D35C099A1370079B1907069B1A09C6
:10AC7000079B11431B0907930B00079A0691134387
:10AC8000E9D1BEE35CAB0993002800D0B9E3ED073E
:10AC900000D4B6E3302392E7109B002B00D16FE382
:10ACA000109A1B2143AB1A70002222A809180A70BF
:10ACB0000D94FFF7F8FA0C9BFFF77BFB102012189E
:10ACC000786032923193072B08DD0B990A9830AAED
:10ACD00001F034FC002800D031E333A90F00103C10
:10ACE000CAE410201218786032923193072B08DDE5
:10ACF0000B990A9830AA01F021FC002800D01EE32D
:10AD000033A90F00103C10E5102012187860329221
:10AD10003193072B08DD0B990A9830AA01F00EFC3D
:10AD2000002800D00BE333A90F00103C1CE5C046FF
:10AD3000FFFBFFFF30780000101E0308211E0308F0
:10AD4000109B652B00DC4AE216981799002200231D
:10AD5000D5F786FB002878D0CA4B1B9E3B600123A9
:10AD60007B60F618319B3296013331930837072BFD
:10AD700008DD0B990A9830AA01F0E0FB002800D00A
:10AD8000DDE233AF2A9B0E9A934201DBEB071BD522
:10AD9000209B189A3B60189B7B60329B08379B185E
:10ADA0003293319B01333193072B08DD0B990A98BD
:10ADB00030AA01F0C3FB002800D0C0E233AF0E9BE5
:10ADC00010265C1E002C2FDC6D0700D59AE2199B23
:10ADD0001C9A934200DA13001A9AD3181A93329BE2
:10ADE000002B07D00B990A9830AA01F0A7FB002886
:10ADF00000D0A4E2002331930C9B002B00D0BAE2D8
:10AE00000D9C33AF06E610327E6032923193072BF1
:10AE100008DD0B990A9830AA01F090FB002800D0B9
:10AE20008DE233A90F00103C3900319B9648329ACD
:10AE3000013308313860102CE5DC7C60A4180F0069
:10AE400032943193072BBFDD5EE02A9B002B77DC29
:10AE50008C4B1B9E3B6001237B60F618319B329626
:10AE6000013331930837072B08DD0B990A9830AA74
:10AE700001F064FB002800D061E233AF0E992A9BF9
:10AE8000329A0B43012129400B439DD0209B3B600C
:10AE9000189B7B609A18319B3292013331930837AB
:10AEA000072B08DD0B990A9830AA01F047FB002810
:10AEB00000D044E233AF2A9C002C18DA64423800F8
:10AEC0003199714A329E013108370260102C25DC1D
:10AED0004460A41932943191072908DD0B990A982E
:10AEE00030AA01F02BFB002800D028E233AF099BE9
:10AEF000329A3B600E9BD2183292319A7B600132BB
:10AF00003192072A00DC5BE40B990A9830AA01F021
:10AF100015FB002800D012E233AF55E71023F618D6
:10AF2000436032963191072908DD0B990A9830AABF
:10AF300001F004FB002800D001E233AF103CBEE773
:10AF40000E9A099B9446119C63441093944200DD31
:10AF50001400002C14DD099B7C603B601B9B0837B0
:10AF6000E618319B329601333193072B08DD0B999C
:10AF70000A9830AA01F0E2FA002800D0DFE133AFEE
:10AF8000E343DB171C40119B10261C1B002C00DD2B
:10AF90008DE0119A099B9446634409936B050CD587
:10AFA000139B002B00D09DE0129B002B00D09CE057
:10AFB000099B109A934200D909922A9B0E9A9342B8
:10AFC00001DBEB0716D5209B189A3B60189B7B6032
:10AFD000329B08379B183293319B01333193072BF7
:10AFE00008DD0B990A9830AA01F0A8FA002800D0D1
:10AFF000A5E133AF099A109B2A9E9B1A0E9A961BC5
:10B000009E4200DD1E00329B002E13DDF3183293AA
:10B01000319B099A01333A607E6031930837072BE0
:10B0200008DD0B990A9830AA01F088FA002800D0B0
:10B0300085E133AF0E9B2A9C1C1BF343DB171E409C
:10B04000A41B1026002C00DCBEE63900319B0E4804
:10B05000329A013308313860102C00DCEDE61032F2
:10B060007E6032923193072B08DD0B990A9830AA43
:10B0700001F064FA002800D061E133A90F00103C10
:10B08000E3E7C046321E0308341E030810327E6018
:10B0900032923193072B08DD0B990A9830AA01F000
:10B0A0004DFA002800D04AE133A90F00103C3900C6
:10B0B000319BB948329A013308313860102CE5DCF5
:10B0C0007C60A4180F0032943193072B00DC60E7FA
:10B0D0000B990A9830AA01F031FA002800D02EE12D
:10B0E00033AF56E7129B002B5FD0129B013B1293AC
:10B0F000219B1D9A3B601D9B7B60329B08379B18F0
:10B100003293319B01333193072B08DD0B990A9859
:10B1100030AA01F013FA002800D010E133AF099AE9
:10B12000109B9B1A149A16789E4200DD1E00329BDB
:10B13000002E13DDF3183293319B099A01333A60E4
:10B140007E6031930837072B08DD0B990A9830AAE7
:10B1500001F0F4F9002800D0F1E033AF149B1C7823
:10B16000F343DB171E40A41B002C18DD3900319B74
:10B170008948329A013308313860102C1CDC7C601D
:10B18000A4180F0032943193072B08DD0B990A980D
:10B1900030AA01F0D3F9002800D0D0E033AF149BDF
:10B1A000099A1B78D3180993FAE6149B013B149370
:10B1B000139B013B13939BE7102012187860329287
:10B1C0003193072B08DD0B990A9830AA01F0B6F9E4
:10B1D000002800D0B3E033A90F00103CC6E73C00C4
:10B1E0001B9E319B0E9A013601330834012A03DC81
:10B1F0000122154200D180E0099A32963A6001227C
:10B2000031937A60072B08DD0B990A9830AA01F078
:10B2100095F9002800D092E033AC209B189A236067
:10B22000189B6360329B08349B183293319B013327
:10B230003193072B07DD0B990A9830AA01F07EF9AC
:10B2400000287CD133AC319B0022169817991093BB
:10B250000E9B329E5F1E0023D5F702F9002826D1EF
:10B26000099B109A013323600E9B013E0132F618B0
:10B270006760329631920834072A07DD0B990A98E5
:10B2800030AA01F05BF9002859D133AC2CAB236014
:10B29000229B229A6360329B9B183293319B01332D
:10B2A0003193072B00DD2FE6083427008CE50E9B39
:10B2B0001026012BEADD2100319B3748329A0133F9
:10B2C00008312060102F07DC67600C00BA1832923A
:10B2D0003193072BDADDD1E7103266603292319379
:10B2E000072B07DD0B990A9830AA01F027F90028EF
:10B2F00025D133A90C00103FDDE70999329606C726
:10B300003193E6E7199B1C9A10259C1A002C00DC4F
:10B310005DE5319B2149329A01333960102C19DCEB
:10B3200012197C6032923193072B00DC4FE50B99A8
:10B330000A9830AA01F002F9002800D147E50C9BD9
:10B34000002B01D1FFF762FA19000A98FDF786FD7C
:10B35000FFF75CFA10327D60329231930837072B89
:10B3600007DD0B990A9830AA01F0E8F80028E6D129
:10B3700033AF103CCDE70C990A98FDF76FFD3FE520
:10B38000329B002B01D1FFF741FA0B990A9830AAA2
:10B3900001F0D4F8FFF73AFA341E0308441E0308FC
:10B3A0002C00002A01D1FEF7B4FF012801D1FFF7DC
:10B3B000FDFB5CAB0993022800D14BE4099A0721FD
:10B3C0001300013B0993069B0B40099930330B7026
:10B3D000079949078C4665460699C80807990543A9
:10B3E000C90807912900079806950143E6D1E107AE
:10B3F00007D5302B05D03021099B013B1970931ED6
:10B400000993099A5CAB1B969E1A002325000C93A6
:10B41000129313931193FFF70DF9C04670B5050011
:10B420000C1E19D0002804D0436B002B01D1FDF76E
:10B43000C1FA636EDB0705D4A3899B0502D4A06D16
:10B44000FDF77EFC0C22A35E002B08D1636EDB07A8
:10B4500002D4A06DFDF775FC0026300070BD210000
:10B46000280000F037F8E36A0600002B06D0280019
:10B47000E1699847002801DA01267642A3891B0674
:10B4800003D528002169FDF7E9FC216B002908D0CC
:10B4900023004033994202D02800FDF7DFFC00234F
:10B4A0002363616C002904D02800FDF7D7FC00233A
:10B4B0006364FDF76FFA0023A381636EDB0702D498
:10B4C000A06DFDF73EFCA06DFDF739FCFDF76AFAB3
:10B4D000C3E70000F7B50C228B5E05000C001A07CD
:10B4E0005ED4802212011A438A814A68002A02DC53
:10B4F000CA6B002A52DDA76A002F4FD0002280209D
:10B500002E682A601A004001E1690240034237D0E8
:10B51000226DA3895B0706D56368D21A236B002BC3
:10B5200001D0E36BD21A00232800A76AE169B8476B
:10B53000431C06D12A681D2A4AD82C4B1341DB072D
:10B5400046D40C22A35E2A4A1A40A28100226260DD
:10B5500022692260DB0405D5431C02D12B68002B35
:10B5600000D12065216B2E60002917D023004033C5
:10B57000994202D02800FDF771FC002323630DE0FF
:10B5800001232800B8470200431CC2D12B68002BBE
:10B59000BFD01D2B01D0162B1AD12E6000201EE02B
:10B5A0000E69002EFAD00F680E60BA1B01920022BD
:10B5B0009B0700D14A69A260019B002BEEDD636A04
:10B5C00032001F002800019BE169B847002807DC12
:10B5D00040230120A289404213431BB2A381FEBD38
:10B5E000019B36181B1A0193E6E7C046FEFFBFDF3A
:10B5F000FFF7FFFF70B505000C00002804D0436B77
:10B60000002B01D1FDF7D6F90C22A35E1E1E15D02A
:10B61000626ED20704D49B0502D4A06DFDF790FBA7
:10B6200021002800FFF756FF636E0600DB0705D4F4
:10B63000A3899B0502D4A06DFDF783FB300070BD8C
:10B64000004870479807002070B5074C074D641BF1
:10B65000A410002C02D102F0DDF870BD013CA30063
:10B66000EB589847F5E7C0462C1F0308281F03082E
:10B67000C9B28218904201D10020704703788B42F2
:10B68000FBD00130F6E7000070B5140000252560FE
:10B69000104D4B000A005B08AB421AD81D00054351
:10B6A00017D00D4D294209D100220C4BD6F7FEFDD3
:10B6B00036250A004B006D425B082560084D1B15BE
:10B6C0005B192568EB182360064B1A40064B1343A1
:10B6D000190070BDFFFFEF7F0000F07F00005043B6
:10B6E00002FCFFFFFFFF0F800000E03FF7B51C4F9B
:10B6F00004003868160001930091FDF721FB194AF8
:10B700001368002B01D1184B13605A6838681F2A40
:10B7100004DDFDF716FB01204042FEBD002C14D0D5
:10B72000910059180F0088373E6001271E0097408E
:10B730008536FF367568FC313D437560019DCD60EF
:10B74000022C02D1B1683943B160511C59600232F8
:10B7500000999200D150FDF7F4FA0020DDE7C046D1
:10B7600038090020DC9B0120E09B01207FB51400FC
:10B770001A00094B05001B680E00D868074B002C07
:10B7800001D1074B1C000749019302942B0000963E
:10B7900000F0C4FE01F0D9FE14080020541E030876
:10B7A0008F1E0308611E0308F8B500240B0C160C4D
:10B7B000A34233D1A64221D18BB291B25943FBF7B8
:10B7C000CDFD051E32D00300083B5A6803239A437F
:10B7D000043A242A32D80300132A0AD904604460A8
:10B7E00008331B2A05D98460C460242A21D00300B1
:10B7F000103300221A605A609A6018E0331C0D1C46
:10B8000089B292B29BB24A43ADB25D43110C691842
:10B810000B0C07D1090492B21143D0E7002E01D1DD
:10B82000151CEDE7FDF760FA0C23036000252800E6
:10B83000F8BD0300046118334461DAE70021FDF725
:10B840006CF9F4E7F0B502690F6987B006000B00E8
:10B8500000200291BA426DDB013FBC001433059316
:10B860001B190393330014331C19019323680493A9
:10B87000039B04981D6801352900D4F76BFC049BD9
:10B880000090AB422BD3059B019D9C460023059362
:10B890000493624608CA28689446009A99B25143B4
:10B8A000059A1B0C8918009A53430A0C9B181A0C12
:10B8B00089B2059282B2521A0499000C52189BB2B6
:10B8C0001114C31A5B18191492B21B041A43039B78
:10B8D000049104C56345DCD22368002B30D03000CE
:10B8E0000299FEF763F9002823DB34000025029952
:10B8F00014341431236801C902936B461B8982B248
:10B900009A1A029B5219000C1B0C1B1A10141B18BC
:10B910001D1492B21B041A43039B04C48B42E9D248
:10B92000019ABB00D3181A68002A13D0009B013378
:10B930000093009807B0F0BD2368002B04D1013FAD
:10B94000019B043CA342F7D33761C8E71A68002A79
:10B9500004D1013F019A043B9A42F7D33761E5E7EE
:10B96000F0B514001D00816B9DB00A940B95259EC7
:10B970000390002909D00123C26B93404A608B6079
:10B98000FDF7B2FE0023039A9363002D1EDA012314
:10B9900033606B005B080B930B9FB64BB54A3B4083
:10B9A000934216D1B44B249A13603B031B0B2343E1
:10B9B00001D100F085FDB14B269A0893002A02D0F0
:10B9C000AF4B269A136008981DB0F0BD002333607A
:10B9D000E2E70A9A0B9B1292139312981399002292
:10B9E0000023D4F73DFD061E0BD00123249A1360DB
:10B9F000269B002B02D0A34B269A1360A24B0893E0
:10BA0000E1E71AAB01931BAB00930398129A139BC7
:10BA1000FEF7EEF97A000590520D00D17BE0139B02
:10BA200018961903994B090B0B439949571812980B
:10BA3000139919000022974BD6F700FF964A974BAF
:10BA4000D6F734FC964A974BD5F788FC04003800AB
:10BA50000D00D7F7EDFA944A944BD6F727FC020075
:10BA60000B0020002900D5F779FC04000D00D7F762
:10BA7000A3FA00220490002320002900D4F7F6FC4A
:10BA800000280BD00498D7F7D3FA2B002200D4F764
:10BA9000E7FC43425841049B1B1A0493012315936E
:10BAA000049B162B10D812981399049A804BD2003D
:10BAB0009B181A685B68D4F7D9FC002847D0049B10
:10BAC000013B04930023159300221A9B0692DB1B73
:10BAD0005A1E3ED50122D31A069300230D93049BD0
:10BAE000002B38DB049A0D9B944663440D9300238E
:10BAF00014920F93229B0124092B67D8052B02DD9A
:10BB00000024043B2293229B981E032867D8D4F775
:10BB10000DFB2B3A385B1B9B1A9EF618654BF218EF
:10BB2000202A0FDD40239B1A9F40634B3800F318F7
:10BB3000DC402043D7F7AAFA0122604B771ECB18CE
:10BB4000189276E7202320009B1A9840F2E7159080
:10BB5000BAE70D92C3E7069B049A9B1A06935342D9
:10BB60000F9300231493C5E700231093239B0E9398
:10BB70000993002B13DC01231A000E9309932392DF
:10BB80000DE00123F1E70023239A10939446049BD0
:10BB900063440E9301330993002B00DC0123002141
:10BBA00004221000143098421DD9039B1800D96359
:10BBB000FDF772FD0890002818D1B021404B414894
:10BBC000089AFF31FFF7D2FD0123DDE7002310942F
:10BBD0002293013B0E93099300221333CFE70123F5
:10BBE0001093023BF6E701315200DAE7039B089A13
:10BBF0009A63099B0E2B00D9D7E0002C00D1D4E02A
:10BC0000049B002B62DD0F21049A294B0A40D200CD
:10BC10009B181E685F68049B02241D11DB050AD572
:10BC2000294B0D401A6A5B6A12981399D5F7FAFEF0
:10BC30000A900B910134244B0C93002D08D10A98E3
:10BC40000B9932003B00D5F7EDFE0A900B9158E0BE
:10BC500001231D4209D0E4180C9B30001A685B6870
:10BC60003900D6F723FB06000F000C9B6D1008333C
:10BC7000E2E7C0460000F07F0F270000991E03088E
:10BC80009C1E0308331E0308321E03080000F03F09
:10BC900001FCFFFF0000F83F61436F63A787D23FBD
:10BCA000B3C8608B288AC63FFB799F501344D33FAB
:10BCB000381D03083204000012040000000010FECA
:10BCC000391C03089D1E0308101D0308049B022451
:10BCD000002B16D0129813990F225D422A40C34BB5
:10BCE000D2009B181A685B68D6F7E0FA0127002398
:10BCF0000A900B91BE4E2D11002D00D0BAE0002B02
:10BD0000A3D10A9E0B9F159B002B00D1BDE0002202
:10BD100030003900B74BD4F7A9FB002800D1B4E0BC
:10BD2000099B002B00D1B0E00E9B002B39DD049B5A
:10BD30000022013B0C933000AF4B3900D6F7B6FA26
:10BD40000A900B910E9B013420001193D7F770F9E4
:10BD50000A9A0B9BD6F7AAFAA84B0022D5F7FEFA4F
:10BD6000A74B0600CF18119B002B00D091E00A983A
:10BD70000B990022A34BD6F761FD32003B00040073
:10BD80000D00D4F787FB002800D0A1E2802109062E
:10BD90007B18320020002900D4F768FB002800D06F
:10BDA00044E1129B139C0A930B941B9B002B00DA1B
:10BDB0007BE1049A0E2A00DD77E18C4BD2009B18C0
:10BDC0005C681B6806930794239B002B03DA099B8E
:10BDD000002B00DC1AE10A9E0B9F099B089D013B8A
:10BDE0005B190A93069A079B30003900D5F71AFEB3
:10BDF000D7F7E2F80990D7F71BF9069A079BD6F711
:10BE000055FA02000B0030003900D6F717FD2B0061
:10BE1000099A013530321A700A9A2C009A4200D0E1
:10BE200035E102000B00D5F799FA069A079B060048
:10BE30000F00D4F72FFB002800D013E1069A079BD0
:10BE400030003900D4F70CFB002803D0099BDD0734
:10BE500000D507E105990398FDF746FC0023237000
:10BE6000049B249A01331360269B002B00D1AAE582
:10BE70001C60A8E53D4205D032687368D6F716FA13
:10BE80003B0001346D10083636E7049B0C93099B88
:10BE90005AE7119A554B013AD20010999B181A682B
:10BEA0005B68002950D000205749D5F7BBFD320010
:10BEB0003B00D6F7C3FC089A060094460F00089B87
:10BEC0001693119B634411930A980B99D7F774F852
:10BED0000500D7F7ADF802000B000A980B99D6F7CA
:10BEE000ADFC169B30350A900B9102005C1C1D7056
:10BEF00030000B003900D4F7CDFA00286CD10A9A33
:10BF00000B9B00203B49D6F799FC02000B00300048
:10BF10003900D4F7BFFA002800D0A5E0119BA34256
:10BF200000D13EE7002230003900334BD6F7BEF98E
:10BF3000002206000F000A980B992F4BD6F7B6F98E
:10BF400016940A900B91BFE730003900D6F7AEF98E
:10BF5000089D119A2B0094461690179163441993EB
:10BF60000A980B99D7F728F80400D7F761F80B0067
:10BF700002000A980B99D6F761FC3034199B2C709B
:10BF8000013506000F00AB4229D116981799089B7E
:10BF9000119C9C4600221C4B6444D5F7DFF902003B
:10BFA0000B0030003900D4F775FA00285CD1169ADE
:10BFB000179B00201449D6F741FC02000B0030000B
:10BFC0003900D4F753FA002800D1EAE62300013CF7
:10BFD0002278302AFAD01C000C9B04933AE7002206
:10BFE000054BD6F763F90A900B91B9E7381D0308A2
:10BFF000101D03080000F03F0000244000001C401A
:10C000000000C0FC000014400000E03F099B002B32
:10C010000CD1069807990022BE4BD6F747F90A9A29
:10C020000B9BD4F741FA002800D154E100263700D9
:10C03000239B089CDB430C9300230493310003985B
:10C04000FDF752FB002FC7D0049B002B05D0BB424D
:10C0500003D019000398FDF747FB39000398FDF75B
:10C0600043FBB9E7049B0C9323001C00013B1A78A7
:10C07000392A08D1089A9A42F7D10C9A08990132C4
:10C080000C9230220A701A7801321A70A4E700224A
:10C09000A14BD6F70BF90022002306000F00D4F7BE
:10C0A000DFF9002800D19DE6D4E6109F0F9D069C85
:10C0B000002F14D0229A012A00DDC8E0189A002A25
:10C0C00000D1BEE0954A9B18069A0121D21806922B
:10C0D0000D9A0398D3180D93FDF7F0FB0700002C81
:10C0E0000ED00D9B002B0BDD0D9A2300944200DD3A
:10C0F0001300069AE41AD21A06920D9AD31A0D93D7
:10C100000F9B002B1FD0109B002B00D1B5E0002D02
:10C1100010D039002A000398FDF79AFC059A010017
:10C1200007000398FDF7E2FB060005990398FDF769
:10C13000DBFA05960F9B5A1BAB4204D00599039876
:10C14000FDF786FC059001210398FDF7B7FB149BD2
:10C150000600002B00D1BDE11A0001000398FDF795
:10C1600077FC229B06000025012B16DC00250A9B8C
:10C17000AB420ED10B9B1B03AB420AD1684B0B9A0F
:10C18000134206D0069B0135013306930D9B013304
:10C190000D93149B0120002B08D0336903339B00BF
:10C1A000F3185868FDF73AFB2023181A0D9B18184E
:10C1B00002001F231A40184265D001339B1A042B3A
:10C1C0005DDD1C239B1A069AE418D21806920D9A7C
:10C1D000D3180D93069B002B05DD1A0005990398D3
:10C1E000FDF778FC05900D9B002B05DD31001A0052
:10C1F0000398FDF76FFC0600159B002B45D031001E
:10C200000598FDF7D3FC00283FDA049B0A22013B86
:10C210000C93059900230398FDF770FA109B059085
:10C22000002B00D15DE1002339000A220398FDF7BD
:10C2300065FA0E9B0700002B55DC229B022B2DDCA0
:10C2400051E036231A9A0F9D069C9B1A3CE7099BE6
:10C250005D1E0F9BAB4208DB5D1B099B069C002B00
:10C2600000DB31E7E41A00232EE70F9B149AEB1A48
:10C27000D3180F9514930025EFE70F9A5EE7042B70
:10C28000A8D01C339FE71300FBE7049B0C93099B8A
:10C290000E93002B23DC229B022B20DD0E9B002B18
:10C2A00000D0C5E6310005220398FDF727FA060005
:10C2B00001000598FDF77AFC002800DCB8E6089B31
:10C2C000089A5C1C312313700C9B01330C93B3E66A
:10C2D000119E3700F3E7049B099E0C93F9E7109B2E
:10C2E000002B00D101E1002C05DD3900220003986C
:10C2F000FDF7F0FB07003800002D26D07968039881
:10C30000FDF7CAF9041E13D12200064B064807495F
:10C3100058E4C046000014400000244033040000EC
:10C320000000F07F391C03089D1E0308EF02000087
:10C3300039003A690C31023292000C30FCF715FDDD
:10C34000012221000398FDF7C5FB089B0E9A069376
:10C35000013B9B180122049707000F930A9B13408F
:10C360000E9331000598FFF76DFA049905000A90C5
:10C370000598FDF71BFC3A000D9031000398FDF77E
:10C3800031FC0122C368040030350992002B04D12E
:10C3900001000598FDF70AFC099021000398FDF7BC
:10C3A000A3F9069B099A5C1C229B13430E9A134324
:10C3B00009D1392D22D00D9B002B01DD0A9D31358D
:10C3C000069B1D703AE60D9B002B04DB229A13435B
:10C3D0000E9A13431ED1099B002BF1DD0599012212
:10C3E0000398FDF777FB31000590FDF7DFFB002890
:10C3F00002DCE5D1EB07E3D5392DDFD13923069AED
:10C40000137023001C00013B1A78392A4FD00132E7
:10C410001A7013E6099B002B03DD392DEED0013590
:10C42000CEE7069B069A1D700F9B93422AD00023ED
:10C430000A2205990398FDF761F9049B0590BB4218
:10C4400009D100230A2204990398FDF757F90490B3
:10C450000700069485E7049900230A220398FDF754
:10C460004DF9002304900A2239000398FDF746F99C
:10C47000EEE70E9B0124002B00DD1C00089B1C191D
:10C4800000230493059901220398FDF723FB310053
:10C490000590FDF78BFB0028B3DC01D1ED07B0D48C
:10C4A00023001C00013B1A78302AFAD0C6E5089A0E
:10C4B0009A42A7D10C9B01330C9331231370BDE535
:10C4C000144B269A0893144B002A01D0FFF779FAEF
:10C4D000FFF779FA229B012B00DC47E60120149D2F
:10C4E00064E60E9B002B00DCD5E6002431000598A5
:10C4F000FFF7A8F9089B303018550E9B0134050052
:10C500009C42B6DA00230A2205990398FDF7F6F853
:10C510000590EBE7901E0308981E03080EB417B5AC
:10C52000054C05AB04CB01002068019300F0C0F876
:10C530001EBC08BC03B0184714080020F0B51368EF
:10C5400087B017000393936800220C001600059033
:10C55000029293420BD1002000237B6007B0F0BD14
:10C56000039B1B680293039B5E6808330393A568D3
:10C570002368002EF4D0AE4232D30C21625E9021AB
:10C58000C9000A422CD0032021695B1A0493636915
:10C590004343D80FC3185B100193049B01980133E8
:10C5A0009B19834200D90193520530D50199059812
:10C5B000FAF7D4FE051E34D0049A2169FCF7D5FBA6
:10C5C000A2891E4B1A4080231343A381049B25613B
:10C5D000ED1825603500019B049A63619B1AA360E6
:10C5E000B54200D935002A0002992068FCF782FA8A
:10C5F000A3685B1BA36023685B192360029B9B19E4
:10C600000293BB689B1BBB60A5D00026AFE7019AD5
:10C610000598FBF7E7F8051ED8D121690598FCF7C6
:10C620001DFC0C23059A01201360A28934331343A7
:10C63000A38100234042BB608EE7C0467FFBFFFF23
:10C64000F0B5936885B001900D001400181E08D055
:10C650004B6E9B0427D51668A068002805D10023DF
:10C66000A3600023636005B0F0BD00273368029328
:10C67000736800939B080393039BBB4208DC03236E
:10C68000009A08369A431300A268D31AA360E3E71E
:10C690000299BB00C9582A00019800F02DFF431CE5
:10C6A000DDD00137E8E7019800F030FDD7E7000062
:10C6B000F0B5C1B01C001D0006900491079200283F
:10C6C00004D0436B002B01D1FCF774F9049B5B6E23
:10C6D000DB0707D4049B9B899B0503D4049B986DBF
:10C6E000FCF72EFB049B0C229A5E80239B011A42CE
:10C6F00007D11343049A9381536EA74A1340049AB7
:10C700005366049B9B891B0703D5049B1B69002B65
:10C7100018D10499069800F053FE002812D0049B0B
:10C720005B6EDB0705D501235B420893089841B097
:10C73000F0BD049B9B899B05F5D4049B986DFCF789
:10C7400000FBF0E7049B0C229B5E1A221A400A2A87
:10C7500016D1049A0E21525E002A11DB049A526E01
:10C76000D20705D49B0503D4049B986DFCF7E9FA26
:10C770002300079A0499069800F084FC0890D5E7F6
:10C78000002317AE14961693159303960C930D93EE
:10C790000E930F930893079C2378002B02D0252B30
:10C7A00000D087E0079BE71A9C4210D0039A1360E1
:10C7B000169B5760DB191693159B01331593072BB6
:10C7C0007ADC130008330393089BDB190893237862
:10C7D000002B01D100F011FC002212A9CA70012126
:10C7E000631C14004942059109925A1C1B78079258
:10C7F000180020385A2800D95CE3D3F7A1FCA00028
:10C800005B035B03A9005B035B035B0385005B03C6
:10C810005B03AB00B3005B03B100B7005B03DC005C
:10C82000DE00DE00DE00DE00DE00DE00DE00DE0018
:10C83000DE005B035B035B035B035B035B035B0388
:10C840005B035B030601EA015B035B035B035B03C2
:10C850005B035B035B035B035B035B0341025B0303
:10C860005B035B037A025B0394025B035B03C2021C
:10C870005B035B035B035B035B035B035B035B03C8
:10C880005B035B030601EC015B035B035B03EF00EF
:10C89000EC0102015B03FB005B03260243026E0214
:10C8A00002015B037A02A70096025B035B03670049
:10C8B0005B03A70001346FE70499069814AAFFF7F9
:10C8C000BFFE002800D073E317AB7CE7334A20009B
:10C8D0000C9220221040144200D154E2193A07353C
:10C8E000954306CD00910192E20709D5009A01997E
:10C8F0000A4305D013AA30215370022311701C4340
:10C90000274B1C400223CBE10698FEF799FE4368B3
:10C9100018000F93D3F702FC0E900698FEF790FED6
:10C9200083680D930E9B002B10D00D9B002B0DD018
:10C930001B78002B0AD08023DB001C4306E012ABDF
:10C94000DA780333002A01D120321A70079B4CE7B2
:10C950000123F2E708CD0993002BF7DA5B42099334
:10C960000423EAE72B2212ABDA70EFE7079B5A1C8D
:10C970001B782A2B16D000210A2005911900303986
:10C980000792092900D933E7059B43435B180593B8
:10C9900013780132F2E7C046FFDFFFFF101E0308E5
:10C9A000FFFBFFFF08CD0593002B02DA01235B425A
:10C9B00005930792CAE78023BFE70021079A0991F0
:10C9C0000A310998303B48431B1809931378013208
:10C9D000180030380928F4D9079209E7079B1B781B
:10C9E000682B05D1079B0133079380239B00A4E7A5
:10C9F0004023A2E7079B1B786C2B04D1079B0133D4
:10CA00000793202399E7102397E704CD27AB1A70EB
:10CA1000002212A9CA7001211E0005910B920B9BE6
:10CA2000059A0A93934200DA0A9212AB03331B78F9
:10CA30005A1E93410A9AD3180A9302232340109353
:10CA400002231C4202D00A9B02330A938423220051
:10CA50001A4011921C4221D1099B0A9A9F1A002F59
:10CA60001CDD169B03999C46CB48159B039A01330A
:10CA700008311060102F00DD29E2576067441697D7
:10CA800015930391072B09DD0499069814AAFFF763
:10CA9000D7FD002800D08BE217AB039312A9C8780A
:10CAA000169A159B033100280DD0039801330160BD
:10CAB00001215218416016921593072B00DD19E2EF
:10CAC0000300083303931099169A159B00290ED082
:10CAD000039813A901600221013352184160169294
:10CAE0001593072B00DD0EE2030008330393119B1F
:10CAF000802B21D1099B0A9A9F1A002F1CDD169BBF
:10CB000003999C46A548159B039A01330831106090
:10CB1000102F00DD00E257606744169715930391CC
:10CB2000072B09DD0499069814AAFFF789FD002850
:10CB300000D03DE217AB03930B9B059A9F1A002F81
:10CB40001CDD169B03999C469448159B039A013360
:10CB500008311060102F00DDF1E15760674416972F
:10CB600015930391072B09DD0499069814AAFFF782
:10CB700067FD002800D01BE217AB0393039A059BC7
:10CB800016605360169B059A9B181693159B0133EC
:10CB90001593072B00DDE5E1039E0836640700D5F9
:10CBA000E9E1099B0A9A934200DA1300089AD31824
:10CBB0000893169B002B07D00499069814AAFFF738
:10CBC0003FFD002800D0F3E10023159317AB03933A
:10CBD000E1E510231C43A30628D5072307359D4311
:10CBE0000CCD00920193019A0123002A09DA009EDC
:10CBF000019F00227142BA41009101922D2112AA97
:10CC0000D1700199009A0A430599013100D102E2DD
:10CC1000802127008F43002A00D000E2059A002AD5
:10CC200000D13DE1012B00D0FCE1D8E008CDE206C7
:10CC300003D50093DB170193D5E7620601D51BB23C
:10CC4000F7E7A205F5D55BB2F3E7A30606D52B6897
:10CC5000089A1A60D2175A6004359CE5E30603D59A
:10CC60002B68089A1A60F7E7630603D52B68089AC1
:10CC70001A80F1E7A405F3D52B68089A1A70EBE740
:10CC800010231C432023200018401C420BD0193BCA
:10CC900007359D430CCD00920193414B1C4000236E
:10CCA000002112AAACE71022210008CD1140144245
:10CCB00002D000930190F0E740222000104014427F
:10CCC00003D09BB200930191E7E7802221009200FC
:10CCD00011401442F6D0DBB2EBE708CD31490093A6
:10CCE000002313AA1180304A019302331C430C9293
:10CCF000D6E7002708CD1E0012ABDF70059B01337D
:10CD00000CD039003000059AFEF7B2FC0B90B84207
:10CD100000D184E6831B05930B9780E63000D3F7A0
:10CD2000FDF90590F8E710231C432023200018404C
:10CD30001C4207D0193B07359D430CCD009201934F
:10CD40000123ADE71023210004CD19401C4203D07C
:10CD5000009201900F3BA3E74023200018401C42A3
:10CD600003D093B200930191EAE7802321009B0056
:10CD700019401C4203D0D3B200930190E0E7009227
:10CD8000F1E70A4AA3E51021270004CD0F400C4229
:10CD90000ED000920190A7E5051F0308F51E0308B9
:10CDA000FFFBFFFF30780000101E0308211E030860
:10CDB0004021200008400C4203D092B2009201971B
:10CDC00092E58021270089000F400C42F6D0D2B2B4
:10CDD000DFE7019B002B0BD1009B092B08D8009BA0
:10CDE0003033DBB2B72212A952181600137040E19B
:10CDF00040AB1E0080230024DB003B400A930A2244
:10CE0000009801990023D3F793FB33003032013BA4
:10CE10001E001A700A9B0B9010910134002B1AD03F
:10CE20000D9B1B78A34216D1FF2C14D0019B002B25
:10CE300002D1009B092B0ED90E9A0F99B31A180034
:10CE40001E00FBF79EFE0D9B00245B785A1E93414B
:10CE50000D9AD3180D93019B002B03D1009B092B36
:10CE600000D806E10B9B0093109B0193C7E740ABF2
:10CE70001E000F203300013B1E00009B0C9A034054
:10CE8000D35C3370019B1907009B1A09019B114366
:10CE90001B0901930B00019A00911343EAD1E8E0CA
:10CEA00040AA1600002B00D0E3E0E40700D4E0E045
:10CEB000303397E7002B00D19FE027AA137000239F
:10CEC00012A9CB700121160005910B93A7E5102044
:10CED00050606246121816921593072B07DD0499CD
:10CEE000069814AAFFF7ACFB002861D117A9103FE0
:10CEF0000391B6E50499069814AAFFF7A1FB002850
:10CF000056D117ABDEE50499069814AAFFF798FBF3
:10CF100000284DD117ABE9E5102050606246121889
:10CF200016921593072B07DD0499069814AAFFF7AC
:10CF300087FB00283CD117A9103F0391DFE51020A3
:10CF400050606246121816921593072B07DD04995C
:10CF5000069814AAFFF774FB002829D117A9103FDF
:10CF60000391EEE50499069814AAFFF769FB0028DF
:10CF70001ED117AE12E6099B0A9A10279C1A002CA4
:10CF800000DC0EE615993E4A169B01313260102CEA
:10CF900022DC7460E41816941591072900DC00E681
:10CFA0000499069814AAFFF74BFB002800D1F8E576
:10CFB000049B5B6EDB0707D4049B9B899B0503D412
:10CFC000049B986DFBF7BDFE049B9B895B0601D417
:10CFD000FFF7ACFBFFF7A7FB1033776016931591B3
:10CFE0000836072907DD0499069814AAFFF728FBDD
:10CFF0000028DDD117AE103CC4E7169B002B02D1F0
:10D0000000231593D4E70499069814AAFFF718FB98
:10D010000028F5D0CCE72700002A00D102E6012B3A
:10D0200000D1D6E6022B00D121E740AB1E0007233A
:10D030009C463300013B32001E00634600990B40C2
:10D04000019930334C0700993370C80801990443A3
:10D05000C90801912100019800940143E9D1F90721
:10D0600007D5302B05D033003021013B1970931EBA
:10D070001E00059B3C000B9340AB9B1B0593CEE42D
:10D08000051F0308F0B5150002221E4C1F008B89F6
:10D09000A54493436A4693814B6E06001993CB894E
:10D0A00016A8D381CB690C0007934B6A09931AAB7E
:10D0B000009304938023DB000293059300230693DF
:10D0C000FBF73CFE2A003B0069463000FFF7F0FA10
:10D0D000051E07DB69463000FEF78CFA002801D0F8
:10D0E00001256D426B469A8940231A4202D0A289DB
:10D0F0001343A3811698FBF722FE2800024B9D44A0
:10D10000F0BDC04694FBFFFF6C040000F0B59368CF
:10D1100087B00C0002900492002B02D1002007B0CF
:10D12000F0BD8B891B0756D50B69002B53D0049B90
:10D130001B6801930C22A35E02221E0016401342BC
:10D140006FD1012201211A400B4200D1A2E0300030
:10D1500037000396002F00D10AE100280AD13A00D7
:10D160000A210398FEF784FA7E1C002802D0039B54
:10D170000130C61A0596BE4200D90597206822697B
:10D18000A5686369904200D8FBE0059AED18AA42B1
:10D1900000DCF6E003992A00FBF7ACFC23682100D1
:10D1A0005B1902982360FEF725FA00286DD1012053
:10D1B000761B05D121000298FEF71CFA002864D1E5
:10D1C000039B049A5B190393049B7F1B9B685B1B67
:10D1D0009360BFD1A2E72100029800F0F1F8002887
:10D1E000A5D0012040429AE7019B1E685D68083384
:10D1F0000193676AE169002DF6D06E4A2B009542D3
:10D2000000D9130032000298B84700283DDD049B86
:10D21000049A9B6836181B1A2D1A9360002BE8D1CC
:10D220007CE700263500E4E7019B1B680393019B24
:10D230005D68083301930C22A35E2068A668002D68
:10D24000F2D080229200134262D0AE4237D89022B0
:10D25000D200134233D02169421A03200592626939
:10D260004243D70FBF18059A7F1001325219BA42B4
:10D2700000D917005B053CD539000298FAF76EF823
:10D28000061E0AD10C23029A13604023A28913437D
:10D29000A381A6E715000392CDE7059A2169FBF764
:10D2A00064FDA289444B1A4080231343A381059B4C
:10D2B0002661F61826602E006761FF1AA7602F000E
:10D2C000AE4200D92E00320003992068FBF712FC11
:10D2D000A3689B1BA36023689B192360039B049A8C
:10D2E000DB190393049BED1B9B68DB1B9360A2D1AE
:10D2F00014E73A000298FAF775FA061ED7D12169A9
:10D300000298FBF7ABFD8022A3899343A381B9E781
:10D310002369834202D36769AF4216D9AE4200D96E
:10D320002E0032000399FBF7E5FBA36822689B1BE4
:10D3300092193700A3602260002BCFD12100029800
:10D34000FEF758F90028C9D09FE7802328001B0664
:10D350009D4200D319483900D2F786FF3B00666A28
:10D360004343039AE1690298B047071EB6DC8CE795
:10D37000019B00201B680393019B5F6808330193A6
:10D38000E8E6059A934208DC656A039AE169029827
:10D39000A847051E00DD0AE777E7059A0399FBF722
:10D3A000A9FB059AA36815009B1AA36023689B1824
:10D3B0002360FCE600FCFF7F7FFBFFFFFFFFFF7F9A
:10D3C0002D4B70B5050018680C00002804D0436B85
:10D3D000002B01D1FBF7EEFA0C23E25E130723D4F6
:10D3E000D30607D409232B60402301201343A381D4
:10D3F00040423AE0520713D5216B002908D02300A0
:10D400004033994202D02800FBF728FD0023236314
:10D410002422A3899343A3810023636023692360AB
:10D420000823A2891343A3812369002B0BD1A021D8
:10D430008022A389890092000B40934203D02100EF
:10D44000280000F0CDF80C23E25E012113000B4010
:10D450000A420BD00023A36063695B42A3610020F2
:10D460002369834201D11306BED470BD910700D455
:10D470006369A360F3E7C04614080020F0B585B0E7
:10D480000E0014000190FBF7C7FB0500012819D11D
:10D49000731EFE2B16D802AB1E710027AF4221D09F
:10D4A00003ABD95DA368013BA360002B04DAA2693A
:10D4B00093421ADB0A2918D023685A1C226019707B
:10D4C0000137EBE72300320001985C3303A900F039
:10D4D00043F80500431CE0D14023A2891343A381F4
:10D4E00001267642300005B0F0BD2200019800F020
:10D4F000B9F80130E4D1F3E7536E70B505000E00C2
:10D500001400DB0705D493899B0502D4906DFBF7CB
:10D5100017FC0C23E25E80239B011A4204D11A43BC
:10D52000A281626E13436366280022003100FFF778
:10D53000A5FF636E0500DB0705D4A3899B0502D414
:10D54000A06DFBF7FEFB280070BD062010B500F0B3
:10D5500005F9012000F056F97FB51D00084B0400C5
:10D560001E682B00002901D10A0001A92000B04744
:10D57000431C03D100232B608A33236004B070BDA9
:10D580008807002070B50E001D000E23C95E140030
:10D5900096B0002909DAB2898023110019401A4295
:10D5A00018D18023DB00080010E06A4600F0E0F8A4
:10D5B0000028F0DBF02301991B021940074B802063
:10D5C000C9184B42594180230001DB0029602360C8
:10D5D00016B070BD00214023E5E7C04600E0FFFF24
:10D5E000F0B502268B8905000C0085B0334207D0C8
:10D5F00023004333236023610123636105B0F0BD41
:10D6000003AB02AAFFF7BEFF029F0190390028007A
:10D61000F9F7A4FE002808D10C22A35E9A05EDD4E8
:10D62000032293431E43A681E2E78023A289206060
:10D630001343A381039B20616761002B0CD028005A
:10D640000E23E15E00F0A6F8002805D00323A2898E
:10D650009A43023B1343A381A389019A1343A381F5
:10D66000CCE70000F8B506000D001400002804D037
:10D67000436B002B01D1FBF79DF9A369A360A3893C
:10D680001B0702D52369002B09D121003000FFF7C9
:10D6900097FE002803D001256D422800F8BD0C2319
:10D6A000E25E80239B01EFB2EDB21A4205D1134333
:10D6B000A381134A636E1340636623692068C01A0E
:10D6C0006369834205DC21003000FDF793FF0028E9
:10D6D000E1D1A3680130013BA36023685A1C22609A
:10D6E0001F706369834204D0A389DB07D5D50A2D57
:10D6F000D3D121003000FDF77DFF0028CDD0CAE74F
:10D70000FFDFFFFF70B504000D001F2904D91623A9
:10D7100003600120404270BD0300FC33DB69002B35
:10D7200004D08A009B181A68002A08D1200000F053
:10D7300055F82A000100200000F03EF8EBE7012A2E
:10D7400009D0511C03D1162303600120E3E7002117
:10D750002800196090470020DDE7000010B5034B5A
:10D7600001001868FFF7CEFF10BDC0461408002066
:10D77000002370B5064D0400080011002B60F9F776
:10D78000AFFD431C03D12B68002B00D0236070BD7C
:10D79000D49B0120002370B5064D040008002B60C7
:10D7A000F9F78FFD431C03D12B68002B00D02360B9
:10D7B00070BDC046D49B0120002370B5064D040007
:10D7C000080011002B60F9F771FD431C03D12B6891
:10D7D000002B00D0236070BDD49B012010B5F9F759
:10D7E00079FD10BD054A03001168002901D10449E3
:10D7F00011601068C31813607047C046709D012007
:10D80000789D0120FEE70000F8B5C046F8BC08BCD2
:10D810009E467047F8B5C046F8BC08BC9E467047A7
:10D8200001B40248844601BC604700BF3D090020A6
:10D83000081C3044586C8000000000000000483094
:10D8400031523000503031523000483233523000C3
:10D850004832335231004832335233004830375265
:10D860003300483038523600503038523600483095
:10D87000395230004830395239004831425236006E
:10D880004831325230004831335237004830465226
:10D890003100483046523600483046523700483151
:10D8A000415232004830415239004831445231002F
:10D8B00048314452350048304252340048313852E1
:10D8C000300048323652300048313552300048314D
:10D8D000305234004832415233004834315236001D
:10D8E00048334252360048313852310048314652AE
:10D8F000350048334252320048323152320048310A
:10D9000037523100483135523800483242523000E7
:10D910004830355230004833425237004832425284
:10D9200031004830375238004830385237004831DB
:10D9300036523600503038523700483139523000B4
:10D9400052504900000000000000000000000000EC
:10D95000000000006D650000616C6C0069660000ED
:10D96000666F72004D6F6E64617900005475657367
:10D97000646179005765646E6573646179000000C5
:10D9800054687572736461790000000046726964BE
:10D990006179000053617475726461790000000060
:10D9A00053756E64617900004A616E0046656200DD
:10D9B0004D617200417072004D6179004A756E00D0
:10D9C0004A756C0041756700536570004F637400C1
:10D9D0004E6F7600446563000D0A424F532E726508
:10D9E00073706F6E73653A20616C6C2C206D65737B
:10D9F000736167652C20636C692C206E6F6E650DFA
:10DA00000A0000000D0A424F532E74726163653A9A
:10DA100020616C6C2C206D6573736167652C2072BE
:10DA20006573706F6E73652C206E6F6E650D0A00E6
:10DA3000424F532E636C6962617564726174653A1A
:10DA400020434C492062617564726174652E2044E4
:10DA5000656661756C7420697320393231363030F7
:10DA60002E20546869732061666665637473206153
:10DA70006C6C20706F7274732E20496620796F75FC
:10DA8000206368616E676520746869732076616CD5
:10DA900075652C2020202020202020202020207987
:10DAA0006F75206D75737420636F6E6E656374207F
:10DAB000746F206120434C4920706F7274206F6E28
:10DAC0002065616368207374617274757020746F6F
:10DAD00020726573746F7265206F7468657220417F
:10DAE0007272617920706F72747320696E746F2026
:10DAF00064656661756C74206261756472617465D9
:10DB00000D0A0000424F532E6465626F756E6365A7
:10DB10003A2031202E2E2E2E2E2E2E2E2E2E2E2E32
:10DB2000203635353336206D7365630D0A000000ED
:10DB3000424F532E73696E676C65636C69636B74D7
:10DB4000696D653A2031202E2E2E2E2E2036353549
:10DB50003336206D7365630D0A000000424F532E6B
:10DB60006D696E696E746572636C69636B74696DFF
:10DB7000653A2031202E2E2E20323535206D7365EA
:10DB8000630D0A00424F532E6D6178696E746572A1
:10DB9000636C69636B74696D653A2031202E2E2E9B
:10DBA00020323535206D7365630D0A000A0D546807
:10DBB0006973206D6F64756C652077696C6C206289
:10DBC0006520666F7263656420696E746F20626F92
:10DBD0006F746C6F61646572206D6F64652E0A0DE1
:10DBE000506C6561736520757365207468652022CB
:10DBF00053544D20466C617368204C6F61646572AC
:10DC00002044656D6F6E73747261746F72222009A7
:10DC100009097574696C69747920746F2075706472
:10DC200061746520746865206669726D77617265DC
:10DC30002E0A0D0A092A2A2A20496D706F72746112
:10DC40006E74202A2A2A0A0D496620746869732096
:10DC50006D6F64756C6520697320636F6E6E6563AC
:10DC6000746564206469726563746C7920746F20D4
:10DC7000504320706C6561736520636C6F73652021
:10DC80007468697320706F72742066697273742E81
:10DC90000A0D00000A0D4D6F64756C652025642027
:10DCA00077696C6C20626520666F726365642069B9
:10DCB0006E746F20626F6F746C6F61646572206D3B
:10DCC0006F64652E000000000A0D506C656173657D
:10DCD0002075736520746865202253544D20466C6E
:10DCE000617368204C6F616465722044656D6F6E6E
:10DCF00073747261746F7222207574696C697479BF
:10DD000020746F2075706461746520746865206686
:10DD100069726D776172652E0909090A0D0A092A6F
:10DD20002A2A20496D706F7274616E74202A2A2A23
:10DD30000A0D2D2049662074686973206D6F647523
:10DD40006C6520697320636F6E6E65637465642013
:10DD50006469726563746C7920746F20504320701D
:10DD60006C6561736520636C6F736520746869739B
:10DD700020706F72742066697273742E0A0D09091F
:10DD8000092D20596F75206D75737420706F77653C
:10DD900072206379636C652074686520656E7469B0
:10DDA00072652041727261792061667465722074B7
:10DDB0006865207570646174652069732066696E9A
:10DDC00069736865642E0A0D000000000A0D526533
:10DDD0006D6F74652075706461746520766961206B
:10DDE0006D6F64756C652025642C20706F727420D3
:10DDF0005025642077696C6C2062652074726967B5
:10DE000067657265642E00003D0000003E00000062
:10DE10003C0000003E3D00003C3D0000213D000074
:10DE20000A0D284D6F64756C653A506F727429093C
:10DE30000900000050256409000000000A0A0D00D6
:10DE40004D6F64756C652025643A09000900000077
:10DE50002564090025643A25640900000A0D0000C4
:10DE60000A0000000A0D546865736520706F7274B3
:10DE700073206172652072657665727365643A001D
:10DE80000A0D4D6F64756C65202564203A2050257D
:10DE9000640000000A0A0D416C6C206F74686572A2
:10DEA00020706F72747320617265206E6F726D6185
:10DEB0006C0A0D000A0D2A2A2A204D6F64756C65C4
:10DEC00020256420537461747573202A2A2A0A005D
:10DED0000A0D436F6E6E6563746564207669612018
:10DEE000706F72743A205025640A0D000A0D46695D
:10DEF000726D776172652076657273696F6E3A2014
:10DF000025642E25642E2564000000004D617920D3
:10DF100033312032303235000A0D4669726D776137
:10DF2000726520646174653A20202020257300000A
:10DF300031343A34323A3436000000000A0D466972
:10DF4000726D776172652074696D653A20202020BA
:10DF500025730A0D000000000A0D506F72747320C3
:10DF60005374617475733A0A0A0D00005025643ABF
:10DF700020000000467265650A0D00005265636569
:10DF80006976696E67206D657373616765730A0DE5
:10DF90000000000053747265616D696E670A0D00C0
:10DFA000526563656976696E672075736572206373
:10DFB0006F6D6D616E64730A0D000000436F6E6ECD
:10DFC000656374656420746F206120627574746F7A
:10DFD0006E2F7377697463680A0D00000A0D444D53
:10DFE000412053747265616D73205374617475734D
:10DFF0003A0A0D000A0D53747265616D696E6720EF
:10E00000444D4120256420697320667265650000D7
:10E010000A0D53747265616D696E6720444D41202D
:10E0200025642069732073747265616D696E672061
:10E0300066726F6D2050256420746F205025640037
:10E040000A0D546865736520706F72747320617275
:10E05000652072657665727365643A200000000081
:10E0600050256420000000004E6F6E650000000027
:10E07000465B0008545B0008625B0008705B0008A8
:10E080007E5B00086D650000616C6C001A6600081C
:10E09000A8620008C4620008E26200081063000879
:10E0A0003E6300087E630008BE630008A8620008A3
:10E0B0002C6600087864000898640008BA640008B8
:10E0C000EC6400081E65000862650008A66500088B
:10E0D00078640008257320253032642F253032649F
:10E0E0002F25303464000000253032643A25303268
:10E0F000643A253032640000081C3044586C8000BB
:10E100000A0D0A0D3D3D3D3D3D3D3D3D3D3D3D3D05
:10E110003D3D3D3D3D3D3D3D3D3D3D3D3D3D3D3D2F
:10E120003D3D3D3D3D3D3D3D3D3D3D3D3D3D3D3D1F
:10E130003D3D3D3D3D3D3D3D0920202020200A0D37
:10E140003D3D3D3D3D3D3D3D3D3D3D3D3D3D3D3DFF
:10E150003D3D3D3D3D3D3D3D3D3D3D3D3D3D3D3DEF
:10E160003D3D3D3D3D3D3D3D3D3D3D3D3D3D3D3DDF
:10E170003D3D3D3D0920202020200A0D7C7C2020B3
:10E180002020202020202020202057656C636F6DE8
:10E190006520746F204269747A4F5320434C4921A3
:10E1A00020202020202020202020202020207C7CB7
:10E1B0000909200A0D7C7C202020202020202843D3
:10E1C0002920434F50595249474854204845584107
:10E1D0004249545A20323031372D323032352E20D8
:10E1E000202020202020207C7C0920202020200AA4
:10E1F0000D7C7C202020202020202020202020207A
:10E20000202020202020202020202020202020200E
:10E2100020202020202020202020202020202020FE
:10E220002020207C7C0909200A0D7C7C20202020D5
:10E230002020506C6561736520636865636B207492
:10E2400068652070726F6A656374207765627369B0
:10E250007465206174202020202020207C7C090906
:10E26000200A0D7C7C20202020202020202020201F
:10E270002020687474703A2F2F6865786162697421
:10E280007A2E636F6D2F2020202020202020202038
:10E2900020202020207C7C0920202020200A0D7CAA
:10E2A0007C20202020202020202020202020202012
:10E2B000202020202020202020202020202020205E
:10E2C000202020202020202020202020202020204E
:10E2D000207C7C0920202020200A0D7C7C2020200E
:10E2E000547970652068656C7020666F72206120BB
:10E2F0006C697374206F6620617661696C61626C11
:10E300006520636F6D6D616E64732E20207C7C09C7
:10E3100020202020200A0D3D3D3D3D3D3D3D3D3D21
:10E320003D3D3D3D3D3D3D3D3D3D3D3D3D3D3D3D1D
:10E330003D3D3D3D3D3D3D3D3D3D3D3D3D3D3D3D0D
:10E340003D3D3D3D3D3D3D3D3D3D3D0920202020A5
:10E35000200A0D3D3D3D3D3D3D3D3D3D3D3D3D3D6D
:10E360003D3D3D3D3D3D3D3D3D3D3D3D3D3D3D3DDD
:10E370003D3D3D3D3D3D3D3D3D3D3D3D3D3D3D3DCD
:10E380003D3D3D3D3D3D3D0920202020200A0A0D18
:10E39000000000000D0A00000D0A5B5072657373E7
:10E3A00020454E54455220746F206578656375741E
:10E3B00065207468652070726576696F7573206377
:10E3C0006F6D6D616E6420616761696E5D0D0A3EFF
:10E3D00000000000436F6E6E656374656420746FA7
:10E3E000206D6F64756C6520256420282573292CA9
:10E3F00020706F7274205025642E0A0A0D3E0000B2
:10E40000696620000A43616E6E6F742073746F72C8
:10E4100065206D6F726520436F6D6D616E64205372
:10E420006E6970706574732E20506C656173652021
:10E4300064656C657465206578697374696E6720BE
:10E440006F6E657320616E642074727920616761FC
:10E45000696E2E0A0D000000656E6420696600007A
:10E46000000000000A436F6E646974696F6E616C2E
:10E470002073746174656D656E742061636365708B
:10E4800074656420616E6420616464656420746FE7
:10E4900020436F6D6D616E6420536E69707065749A
:10E4A000732E0A0D00000000626F730057726F6ECA
:10E4B00067206D6F64756C65206E616D65212050FD
:10E4C0006C656173652074727920616761696E2E75
:10E4D0000A0D000057726F6E67206D6F64756C6572
:10E4E0002049442120506C65617365207472792045
:10E4F000616761696E2E0A0D00000000436F6D6D4B
:10E50000616E642062726F6164636173746564201C
:10E51000746F20616C6C0A0D0000000025734D754E
:10E520006C74696361737420436F6D6D616E6420F8
:10E53000666F7277617264656420746F2067726FB2
:10E5400075702025730A0D00757064617465000094
:10E55000436F6D6D616E6420666F72776172646582
:10E560006420746F204D6F64756C652025640A0DFE
:10E570000000000025734D6F64756C6520256420D4
:10E580006973206E6F7420726561636861626C6587
:10E590002E0A0D00636C69636B656400646F7562BD
:10E5A0006C6520636C69636B65640000200000008B
:10E5B00064750008B0740008C6740008DC740008B4
:10E5C00002750008187500083E750008081C3044E4
:10E5D000586C80003D3D003E00003C00003E3D0088
:10E5E0003C3D00213D00000072756E2D74696D6523
:10E5F0002D7374617473000072756E2D74696D658E
:10E600002D73746174733A0D0A20446973706C61E0
:10E61000792061207461626C652073686F77696E20
:10E620006720686F77206D7563682070726F63650F
:10E630007373696E672074696D6520656163682016
:10E640004672656552544F53207461736B20686144
:10E650007320757365640D0A0D0A0000E8E5020871
:10E66000F8E5020859790008000000007461736B36
:10E670002D737461747300007461736B2D73746116
:10E6800074733A0D0A20446973706C6179206120BB
:10E690007461626C652073686F77696E6720746857
:10E6A00065207374617465206F66206561636820FE
:10E6B0004672656552544F53207461736B0D0A0D99
:10E6C0000A0000006CE6020878E6020819790008E2
:10E6D0000000000070696E670000000070696E67DE
:10E6E0003A0D0A2050696E672061206D6F64756C69
:10E6F000650D0A0D0A000000D4E60208DCE60208F7
:10E70000997900080000000075706461746500006C
:10E710007570646174653A0D0A20507574207468D0
:10E7200065206D6F64756C6520696E206661637429
:10E730006F727920626F6F746C6F61646572206DA7
:10E740006F646520746F20757064617465206974EE
:10E7500073206669726D776172652E0D0A0A090968
:10E760000909090920202D205573652027236E2EC5
:10E770007570646174652720746F207570646174AE
:10E78000652072656D6F7465206D6F64756C6520B2
:10E790006E2E204D616B65207375726520746865FF
:10E7A0002070726F6772616D6D696E6720706F7235
:10E7B000742069732074686520696E636F6D696E7B
:10E7C0006720706F7274206F662074686973206DA3
:10E7D0006F64756C652E0D0A090909090909202065
:10E7E0002D205573652027757064617465207669E6
:10E7F0006120236E2070782720746F207573652048
:10E8000074686520535420466C617368204C6F61B6
:10E8100064657220746F6F6C2077697468206D6F07
:10E8200064756C65206E2C20706F72742078207473
:10E830006F207570646174652061206E656967681A
:10E84000626F72206D6F64756C652E2054686973F9
:10E850002069732075736566756C206966200909E7
:10E860000909090909746172676574206D6F64751F
:10E870006C65206973206E6F742070617274206FF4
:10E88000662074686520746F706F6C6F6779206F95
:10E89000722069662070726F6772616D6D696E6754
:10E8A00020706F7274206973206E6F7420696E20FF
:10E8B0007468652073686F72746573742070617416
:10E8C0006820746F20746172676574206D6F647561
:10E8D0006C652E0D0A0D0A0008E7020810E7020811
:10E8E000357A0008FF0000006578706C6F72650073
:10E8F0006578706C6F72653A0D0A204578706C6FA0
:10E9000072652074686520617272617920616E643D
:10E91000206275696C642069747320746F706F6C09
:10E920006F67790D0A0D0A00E8E80208F0E80208AE
:10E93000357C0008000000007265736574000000FB
:10E9400072657365743A0D0A20526573657420749C
:10E950006865206D6F64756C650D0A0D0A00000016
:10E9600038E9020840E902082D7D00080000000097
:10E970006E616D65000000006E616D653A0D0A20E4
:10E980004E616D6520746865206D6F64756C6520DF
:10E990007769746820616E20616C69617320283129
:10E9A0007374207061722E290D0A0D0A0000000098
:10E9B00070E9020878E902083D7D000801000000C6
:10E9C00067726F757000000067726F75703A0D0A9C
:10E9D0002047726F7570206D756C7469706C65205E
:10E9E0006D6F64756C65732028326E642B207061C6
:10E9F000722E2920696E746F2061206E6577206FFA
:10EA000072206578697374696E672067726F7570BC
:10EA10002028317374207061722E290D0A0D0A00AE
:10EA2000C0E90208C8E90208257E0008FF000000CE
:10EA300073746174757300007374617475733A0D47
:10EA40000A20446973706C6179206D6F64756C6520
:10EA5000207374617475730D0A0D0A0030EA0208A0
:10EA600038EA02082181000800000000696E666F24
:10EA700000000000696E666F3A0D0A2044697370E9
:10EA80006C617920617272617920696E666F726D56
:10EA90006174696F6E0D0A0D0A0000006CEA0208CD
:10EAA00074EA02083D810008000000006164642DE2
:10EAB000627574746F6E00006164642D62757474A5
:10EAC0006F6E3A0D0A20446566696E6520612062AA
:10EAD0007574746F6E206174206F6E65206F662090
:10EAE00074686520617272617920706F7274732E20
:10EAF00020427574746F6E20747970652028276DBC
:10EB00006F6D656E746172792D6E6F272C20276D85
:10EB10006F6D656E746172792D6E63272C20276F7F
:10EB20006E6F66662D6E6F272C20276F6E6F666680
:10EB30002D6E63272928317374207061722E292C61
:10EB400020427574746F6E20706F72742028326E5C
:10EB500064207061722E290D0A0D0A00ACEA0208C9
:10EB6000B8EA0208398200080200000072656D6F81
:10EB700076652D627574746F6E00000072656D6F3E
:10EB800076652D627574746F6E3A0D0A2052656D4C
:10EB90006F7665206120627574746F6E2074686191
:10EBA00074207761732070726576696F75736C7904
:10EBB00020646566696E6564206174207468697399
:10EBC00020706F72742028317374207061722E2946
:10EBD0000D0A0D0A000000006CEB02087CEB020835
:10EBE0008983000801000000736574007365743A3E
:10EBF0000D0A20536574206120706172616D657427
:10EC000065722028317374207061722E2920776913
:10EC10007468206120676976656E2076616C756521
:10EC20002028326E64207061722E290D0A0D0A00B0
:10EC3000E8EB0208ECEB02081D840008FF0000006E
:10EC4000676574006765743A0D0A2047657420741F
:10EC500068652063757272656E742076616C756587
:10EC6000206F66206120706172616D65746572202D
:10EC700028317374207061722E290D0A0D0A00006C
:10EC800040EC020844EC0208C58F0008FF000000B9
:10EC900064656661756C740064656661756C743A70
:10ECA0000D0A2054797065202764656661756C745F
:10ECB00020706172616D732720746F2073657420FA
:10ECC000616C6C20706172616D6574657273207423
:10ECD0006F2064656661756C742076616C75657310
:10ECE0000D0A2054797065202764656661756C741F
:10ECF0002061727261792720746F2072656D6F7662
:10ED0000652063757272656E7420746F706F6C6FBE
:10ED100067790D0A0D0A000090EC020898EC0208D1
:10ED2000619300080100000074696D650000000037
:10ED300074696D653A0D0A20446973706C617920BD
:10ED400063757272656E742074696D6520696E20DA
:10ED500048483A4D4D3A53532D6D73656320666FA5
:10ED6000726D61740D0A0D0A0000000028ED0208A2
:10ED700030ED0208599400080000000064617465D9
:10ED800000000000646174653A0D0A2044697370E4
:10ED90006C61792063757272656E7420646174654C
:10EDA00020696E205765656B646179204D4D2F4455
:10EDB000442F5959595920666F726D61740D0A0DAF
:10EDC0000A0000007CED020884ED0208319500087D
:10EDD000000000007365742D626175647261746572
:10EDE000000000007365742D626175647261746562
:10EDF0003A0D0A20536574205541525420626175C2
:10EE000064726174650D0A0928317374207061722F
:10EE1000616D65746572293A20503120746F2050FD
:10EE2000360D0A0928326E6420706172616D657456
:10EE30006572293A2062617564726174650D0A0D0C
:10EE40000A000000D4ED0208E4ED02086595000810
:10EE50000200000075756964000000007575696442
:10EE60003A0D0A20446973706C6179204D43552036
:10EE7000756E69717565205549440D0A0D0A0000CB
:10EE800054EE02085CEE020825960008000000001F
:10EE90006964636F646500006964636F64653A0D5B
:10EEA0000A20446973706C6179204D4355204944B0
:10EEB000434F444520284445565F494420616E64D1
:10EEC000205245565F4944290D0A0D0A00000000F2
:10EED00090EE020898EE0208B596000800000000C7
:10EEE000666C6173682D73697A650000666C617386
:10EEF000682D73697A653A0D0A20446973706C61F4
:10EF000079204D435520466C6173682073697A659A
:10EF100020696E204B62797465730D0A0D0A00003A
:10EF2000E0EE0208ECEE0208319700080000000055
:10EF3000736E697000000000736E69703A0D0A20EC
:10EF4000446973706C61792061206C697374206FFF
:10EF5000662073746F72656420436F6D6D616E64BB
:10EF600020536E69707065747320746F20656469D6
:10EF700074206F722064656C6574650D0A0D0A005B
:10EF800030EF020838EF0208659700080000000023
:10EF90006163742D736E6970000000006163742DED
:10EFA000736E69703A0D0A20416374697661746505
:10EFB000206120436F6D6D616E6420536E697070C7
:10EFC00065740D0A0D0A000090EF02089CEF02081C
:10EFD000419A00080100000070617573652D736E21
:10EFE0006970000070617573652D736E69703A0DFC
:10EFF0000A205061757365206120436F6D6D616EED
:10F000006420536E69707065740D0A0D0A0000006B
:10F01000D8EF0208E4EF0208F99A000801000000A6
:10F0200064656C2D736E69700000000064656C2D62
:10F03000736E69703A0D0A2044656C6574652061D1
:10F0400020436F6D6D616E6420536E6970706574DE
:10F050000D0A0D0A0000000020F002082CF0020842
:10F06000B19B0008010000006272696467650000DE
:10F070006272696467653A0D0A2042726964676565
:10F080002074776F20617272617920706F7274736F
:10F090000D0A0D0A0000000068F0020870F0020876
:10F0A000859D000802000000756E627269646765E4
:10F0B00000000000756E6272696467653A0D0A208F
:10F0C000556E2D6272696467652074776F20617276
:10F0D00072617920706F7274730D0A0D0A0000005E
:10F0E000A8F00208B4F00208A19E00080200000087
:10F0F000746573742D706F7274000000746573749E
:10F100002D706F72743A0D0A207465737420706FDD
:10F1100072742066756E6374696F6E616C69747960
:10F120002E20796F752063616E2063686F6F736541
:10F130002065697468657220746F2074657374202B
:10F140006F6E6520737065636966696320706F72A6
:10F1500074206F7220746F207465737420616C6CFE
:10F1600020706F7274732E20706C656173652074EB
:10F1700079706520507820776865726520782073F3
:10F1800074616E647320666F7220746865206E759A
:10F190006D626572206F6620706F7274206F7220CE
:10F1A00074797065203C616C6C3E20746F207465CE
:10F1B000737420616C6C20706F72740D0A0D0A00FC
:10F1C000F0F00208FCF00208BD9F000801000000FA
:10F1D000726561642D6164630000000072656164A2
:10F1E0002D6164633A0D0A205265616420414443F5
:10F1F0002056616C75652066726F6D20506F727459
:10F200002032206F7220506F7274203320616E6440
:10F210002063686F6F736520746865207369646527
:10F22000207768657265617320746F70206F72203B
:10F23000626F74746F6D0D0A0D0A0000D0F1020840
:10F24000DCF1020895A2000802000000726561640A
:10F250002D74656D70000000726561642D74656DBC
:10F26000703A0D0A205265616420696E7465726E91
:10F27000616C2074656D70657261747572650D0ADC
:10F280000D0A00004CF2020858F20208C1A300085F
:10F2900000000000726561642D76726566000000F2
:10F2A000726561642D767265663A0D0A2052656159
:10F2B0006420696E7465726E616C20726566657239
:10F2C000656E636520566F6C746167650D0A0D0A83
:10F2D0000000000094F20208A0F2020815A4000841
:10F2E00000000000726561642D6164632D706572B9
:10F2F00063656E7461676500726561642D61646346
:10F300002D70657263656E746167653A0D0A2047FA
:10F3100065742070657263656E74616765207661DF
:10F320006C75652066726F6D20706F72742032206C
:10F330006F7220706F727420330D0A0D0A00000086
:10F34000E4F20208F8F2020869A4000802000000D2
:10F350005461736B205374617465205072696F72CD
:10F3600069747920537461636B20230D0A2A2A2A59
:10F370002A2A2A2A2A2A2A2A2A2A2A2A2A2A2A2AED
:10F380002A2A2A2A2A2A2A2A2A2A2A2A2A2A2A2ADD
:10F390002A2A2A2A2A2A2A2A2A2A2A2A2A0D0A0034
:10F3A0005461736B204162732054696D6520252080
:10F3B00054696D650D0A2A2A2A2A2A2A2A2A2A2A03
:10F3C0002A2A2A2A2A2A2A2A2A2A2A2A2A2A2A2A9D
:10F3D0002A2A2A2A2A2A2A2A2A2A2A2A2A2A0D0ACA
:10F3E0000000000076696100200000004D6F647528
:10F3F0006C6573205B0000002C2000000A0D4E7528
:10F400006D626572206F66206D6F64756C65733A0E
:10F410002025640A000000000A0D41727261792003
:10F42000746F706F6C6F67793A0A0000436F756C88
:10F4300064206E6F74207265616420706F727473E3
:10F4400020646972656374696F6E20666F722073E1
:10F450006F6D65206D6F64756C65732120506C65F0
:10F460006173652074727920616761696E0A0D00AD
:10F470006D6F6D656E746172792D6E6F00000000A6
:10F480006D6F6D656E746172792D6E6300000000A2
:10F490006F6E6F66662D6E6F000000006F6E6F6698
:10F4A000662D6E6300000000626F732E0000000086
:10F4B000726573706F6E736500000000616C6C00A4
:10F4C0006D65737361676500636C69006E6F6E656F
:10F4D000000000007472616365000000636C696283
:10F4E00061756472617465006465626F756E6365F1
:10F4F0000000000073696E676C65636C69636B7410
:10F50000696D65006D696E696E746572636C6963BF
:10F510006B74696D650000006D6178696E74657269
:10F52000636C69636B74696D65000000616D000058
:10F53000706D00006D6F6E646179000074756573A5
:10F54000646179007765646E6573646179000000B9
:10F550007468757273646179000000006672696492
:10F560006179000073617475726461790000000054
:10F5700073756E64617900006A616E7561727900FD
:10F5800031200000666562727561727900000000CA
:10F59000322000006D6172636800000033200000BB
:10F5A000617072696C000000342000006D617900A8
:10F5B000352000006A756E650000000036200000EE
:10F5C0006A756C790000000037200000617567756E
:10F5D000737400003820000073657074656D626597
:10F5E00072000000392000006F63746F6265720062
:10F5F000313000006E6F76656D626572000000004C
:10F6000031310000646563656D6265720000000061
:10F61000313200006D73670025640A0D00000000A0
:10F6200025732325640A0D00706172616D730000FB
:10F630006172726179000000414D0000504D000080
:10F640002573000025732530385800000D0A00008E
:10F6500053544D333247304231000000554E4B4E2B
:10F660004F574E005061757365640041637469764D
:10F670006500000048000000746F7000626F7474D1
:10F680006F6D00004144432076616C7565203D201C
:10F6900025302E3266200D0A00000000696E746568
:10F6A000726E616C2074656D7065726174757265DF
:10F6B00020697320252E326643200D0A00000000C9
:10F6C000696E7465726E616C207265666572656ED6
:10F6D000636520766F6C74616765206973203D20D7
:10F6E000252E326656200D0A0000000041444320BA
:10F6F00076616C75652070657263656E74616765AF
:10F70000206973203D20252E3266252520250D0AEF
:10F710000000000048692066726F6D206D6F64758F
:10F720006C652025640D0A0048692066726F6D20A3
:10F730006D6F64756C6520256420282573290D0A7A
:10F7400000000000557064617465206669726D7711
:10F7500061726520666F72206D6F64756C6520251F
:10F76000640A0D0057726F6E672076616C756521B3
:10F770000A0D00000A54686520617272617920697F
:10F7800073206265696E67206578706C6F7265645E
:10F790002E20506C6561736520776169742E2E2E62
:10F7A0000A0D00000A546865206172726179206553
:10F7B00078706C6F726174696F6E207375636365C6
:10F7C000656465642E204920666F756E642025642B
:10F7D000206D6F64756C657320696E636C75646908
:10F7E0006E67206D7973656C662E204865726520A2
:10F7F00069732074686520646973636F76657265E8
:10F800006420746F706F6C6F67793A0A0D000000A6
:10F810000A546865206172726179206578706C6F36
:10F82000726174696F6E206661696C65642E205028
:10F830006C6561736520646F75626C6520636865D3
:10F84000636B20636F6E6E656374696F6E732C20DB
:10F85000726573657420746865206D6F64756C657E
:10F860007320616E642074727920616761696E2E05
:10F870000A0D00004D6F64756C6520256420697366
:10F88000206E616D65642025730A0D002573206963
:10F8900073206120726573657276656420424F53F0
:10F8A000206B6579776F72642120506C6561736598
:10F8B00020757365206120646966666572656E7483
:10F8C00020616C6961730A0D0000000025732069D6
:10F8D0007320616C726561647920757365642120A1
:10F8E000506C65617365207573652061206469667D
:10F8F000666572656E7420616C6961730A0D000043
:10F90000257320697320616E206578697374696E50
:10F910006720434C4920636F6D6D616E64212050F8
:10F920006C65617365207573652061206469666626
:10F930006572656E7420616C6961730A0D00000068
:10F94000257320697320612077726F6E67206D6F59
:10F9500064756C65204944206F7220616C69617325
:10F960000A0D0000506C6561736520656E746572E8
:10F9700020736F6D65206D6F64756C6520494473ED
:10F9800020746F2061646420746F2025730A0D0059
:10F990005D20616464656420746F206E6577206704
:10F9A000726F75702025730A0D0000005D20616480
:10F9B00064656420746F206578697374696E67206C
:10F9C00067726F75702025730A0D000041206E6507
:10F9D0007720257320627574746F6E206E616D657B
:10F9E00064204225642077617320646566696E65D2
:10F9F0006420617420706F7274205025640A0D00B9
:10FA0000427574746F6E2042256420776173207292
:10FA1000656D6F7665642066726F6D20706F7274AD
:10FA2000205025640A0D0000257320776173207330
:10FA3000657420746F2025730A0D00000A596F75D4
:10FA4000206D757374207265737461727420746FA5
:10FA500020656E61626C6520746865206E65772034
:10FA600062617564726174652E0A0D005468697371
:10FA7000206166666563747320616C6C20706F72C0
:10FA800074732E20496620796F75206368616E67F4
:10FA90006520746869732076616C75652066726F85
:10FAA0006D2064656661756C742C2009090909096B
:10FAB00009090909090909202020796F75206D7548
:10FAC000737420636F6E6E65637420746F206120A1
:10FAD000434C4920706F7274206F6E2065616368BB
:10FAE000207374617274757020746F207265737402
:10FAF0006F7265206F74686572206172726179201F
:10FB0000706F72747320696E746F206465666175BE
:10FB10006C742062617564726174650A0D00000086
:10FB200057726F6E6720706172616D6574657221C6
:10FB30000A0D000025730A0D0000000025732067E0
:10FB4000726F757020646F6573206E6F74206578B6
:10FB5000697374210A0D000047726F757020257358
:10FB6000206D656D626572733A0A0D002573206918
:10FB7000732073657420746F20612077726F6E67D5
:10FB80002076616C7565210A0D000000416C6C20C7
:10FB9000706172616D657465727320736574207431
:10FBA0006F2064656661756C742076616C75657331
:10FBB0000A0D000043757272656E74206172726185
:10FBC0007920746F706F6C6F677920776173207222
:10FBD000656D6F7665642E20506C6561736520726B
:10FBE00065626F6F7420616C6C206D6F64756C65FD
:10FBF000730A0D0043757272656E742074696D65C9
:10FC000020697320253032643A253032643A253039
:10FC100032642D253033640A0D0000004375727282
:10FC2000656E742074696D652069732025303264B7
:10FC30003A253032643A253032642D253033642041
:10FC400025730A0D0000000043757272656E742002
:10FC5000646174652069732025730A0D000000003B
:10FC600057726F6E6720706172616D657465722185
:10FC70000D0A0000426175647261746520666F72DE
:10FC800020706F7274205025642077617320736533
:10FC90007420746F2025640D0A0000004D43552028
:10FCA000555549442069730A0D0000004D43552005
:10FCB0004445565F49442069732025730A0D0000AE
:10FCC00025734D4355205245565F494420697320A2
:10FCD00025642E300A0D00004D435520466C61739B
:10FCE000682073697A65206973202564204B6279E6
:10FCF0007465730A0D00000054686520666F6C6CB3
:10FD00006F77696E6720436F6D6D616E6420536E0F
:10FD1000697070657473206172652073746F7265A9
:10FD20006420696E206D656D6F72793A0A0A0D0064
:10FD30005B253032645D2025730A0D0025736966EA
:10FD4000206225642E636C69636B656400000000AB
:10FD500025736966206225642E646F75626C652068
:10FD6000636C69636B656400257369662025732085
:10FD7000257320252E31660025730A0D0925730091
:10FD80000A0D656E642069660A0A0D00546F2064CE
:10FD9000656C657465206120536E69707065742CA4
:10FDA00020747970653A2064656C2D736E697020DB
:10FDB000780A0D546F2061637469766174652061FF
:10FDC00020536E69707065742C20747970653A20C8
:10FDD00009090909090909090909090909096163E1
:10FDE000742D736E697020780A0D546F20706175E0
:10FDF0007365206120536E69707065742C2074796E
:10FE000070653A2070617573652D736E6970207826
:10FE10000A0A0D7768657265207820697320746816
:10FE20006520536E6970706574206E756D626572C1
:10FE30002066726F6D20746865206C6973740A0D9A
:10FE40000000000025736966206225642E72656CCF
:10FE5000656173656420666F722025640000000090
:10FE600025736966206225642E70726573736564FC
:10FE700020666F7220256400536E6970706574206F
:10FE8000776173206163746976617465642E2054B0
:10FE900079706520736E697020746F20766965775C
:10FEA0002075706461746564206C6973740A0D0058
:10FEB00054686520536E6970706574206E756D624C
:10FEC000657220776173206E6F7420666F756E6443
:10FED0000A0D0000536E697070657420776173209D
:10FEE0007061757365642E205479706520736E6936
:10FEF0007020746F20766965772075706461746511
:10FF000064206C6973740A0D00000000536E697000
:10FF1000706574207761732064656C657465642E08
:10FF2000205479706520736E697020746F20766933
:10FF300065772075706461746564206C6973740AF8
:10FF40000D00000050256420616E6420502564205F
:10FF5000617265206272696467656420746F6765A9
:10FF6000746865720A0D000057726F6E67207379AE
:10FF70006E7461780A0D0000506F727420627269AD
:10FF80006467696E67206661696C65640A0D0000CC
:10FF900050256420616E64205025642061726520C4
:10FFA000756E2D627269646765640A0D0000000059
:10FFB000506F727420756E6272696467696E672033
:10FFC0006661696C65640A0D0000000050256420BC
:10FFD000697320776F726B696E6720636F727265E9
:10FFE00063746C790A0D0000502564207465737485
:10FFF000206661696C65640A0D000000506C6561E3
:020000040803EF
:1000000073652073686F7274656E20746865206E06
:1000100065787420706F727420616E6420707265F0
:10002000737320616E79206B657920746F20636F24
:100030006E74696E75652074657374696E6720747B
:100040006865206E657874206F6E650A0D0A0D0074
:1000500074686520706F7274206E756D62657220B1
:1000600069732077726F6E670A0D000057726F6EAA
:100070006720506172616D657465720A0D00000041
:1000800057726F6E6720506F7274206E756D626567
:1000900072200A0D00000000081C3044586C8000DB
:1000A00044656661756C745461736B004261636B87
:1000B000456E645461736B00557365725461736B64
:1000C00000000000436C695461736B0050314D7344
:1000D000675461736B00000050324D736754617355
:1000E0006B00000050334D73675461736B00000068
:1000F00050344D73675461736B00000050354D737D
:10010000675461736B00000050364D736754617320
:100110006B000000081C3044586C800053747265FA
:10012000616D54696D6572009EB100083EB10008B2
:100130004EB100085EB100086EB100087EB1000843
:100140008EB10008081C3044586C80004869206655
:10015000726F6D206D6F64756C652025640D0A00EB
:1001600048692066726F6D206D6F64756C6520251F
:100170006420282573290D0A00000000746F7000A8
:10018000626F74746F6D0000E60E01081CCA0008EF
:100190005ACA0008E0CA0008F2CA000804CB0008E6
:1001A0005C0E01085C0E01085C0E01085C0E010883
:1001B00016CB000844CC00083CD1000808D2000847
:1001C000D4D2000832D6000896D3000864D40008C0
:1001D0005C0E010882D5000896D50008DED700081D
:1001E000F0D7000808D80008A0D900088CDA000869
:1001F000A2DA000844DB000828E300085C0E0108CE
:1002000034E50008F0EC0008F2F3000816020108DB
:100210005C0E0108400201085C0E01085C0E01083A
:100220005C0E01085C0E01089E0201083003010803
:10023000300301085C0E01083C0301084603010875
:1002400050030108C60D0108120E0108DEEC00087B
:100250001CE6000840E6000866E600089EE6000886
:10026000E8E6000836E7000884E700081CE6000816
:10027000E4EC0008BCE80008E0E8000806E9000833
:100280003EE9000876E90008C4E9000812EA00081F
:10029000BCE80008EAEC00083AEB00085EEB000856
:1002A00084EB0008BCEB0008F4EB000842EC00080B
:1002B00090EC00083AEB000862ED00086AED0008D7
:1002C000A0ED0008D8ED000858EE0008B4EE0008D4
:1002D00058EF0008FCEF00086AED0008DAF30008A8
:1002E000C6F00008FAF0000830F100088AF10008B2
:1002F000F4F1000896F2000838F30008C6F0000890
:10030000BEFC0008A8F40008A4F500088AF600085E
:1003100098F70008A8F8000808FA00085AFB000837
:10032000A8F40008CC010108B0FE0008DEFE0008B9
:100330000EFF000866FF0008C0FF000878000108F3
:1003400018010108B0FE0008DC030108F2040108EE
:10035000C0050108460601088E0701085808010873
:100360004E090108900B010868040108081C30447C
:10037000586C8000736574726762000073657472F4
:1003800067623A0D0A2053657420524742204C455B
:10039000442028317374207061722E292C207265DC
:1003A000642028327374207061722E292C206772A9
:1003B00065656E2028336E64207061722E292C20B2
:1003C000616E6420626C75652028347264207061EF
:1003D000722E292076616C7565732028302D323598
:1003E00035292061742061207370656369666963D3
:1003F00020696E74656E736974792028302D3331ED
:1004000025292028357468207061722E290D0A0D67
:100410000A000000740303087C030308B5330108D5
:1004200005000000736574616C6C72676200000007
:10043000736574616C6C7267623A0D0A205365745F
:100440002052474220207265642028317374207046
:1004500061722E292C20677265656E2028326E64C9
:10046000207061722E292C20616E6420626C75658B
:100470002028337264207061722E292076616C7599
:1004800065732028302D3235352920617420612094
:10049000737065636966696320696E74656E7369FC
:1004A00074792028302D3331252920283474682090
:1004B0007061722E290D0A0D0A0000002404030841
:1004C0003004030885350108040000007365746377
:1004D0006F6C6F7200000000736574636F6C6F72F5
:1004E0003A0D0A2053657420524742204C4544205F
:1004F00028317374207061722E292C4C454420637E
:100500006F6C6F722028327374207061722E2920F4
:100510006174206120737065636966696320696E28
:1005200074656E736974792028302D333125292044
:1005300028336E64207061722E290A0D5265676936
:1005400073746572656420636F6C6F72732061727F
:10055000653A09090909090D0A626C61636B2C206F
:1005600077686974652C207265642C20626C7565EF
:100570002C20677265656E2C2079656C6C6F772C0A
:10058000206379616E2C206D6167656E7461202C2B
:10059000617175612C707572706C652C6C6967681F
:1005A00074626C75652C6F72616E676520616E6434
:1005B00020696E6469676F2C200D0A0D0A00000027
:1005C000CC040308D8040308ED360108030000003A
:1005D000736574616C6C636F6C6F720073657461CA
:1005E0006C6C636F6C6F723A0D0A20536574204C0B
:1005F000454420636F6C6F722028317374207061E2
:10060000722E2920617420612073706563696669A8
:100610006320696E74656E736974792028302D3398
:100620003125292028326E64207061722E290A0D2E
:100630005265676973746572656420636F6C6F726D
:1006400073206172653A09090909090D0A626C6132
:10065000636B2C2077686974652C207265642C208C
:10066000626C75652C20677265656E2C2079656CEF
:100670006C6F772C206379616E2C206D6167656EDD
:100680007461202C617175612C707572706C652CB1
:100690006C69676874626C75652C6F72616E6765F2
:1006A00020616E6420696E6469676F2C200D0A0DED
:1006B0000A000000D0050308DC050308DD39010845
:1006C000020000007365746C65646F66660000006C
:1006D0007365746C65646F66663A0D0A20536574C1
:1006E00020524742204C4544206F6666283173747F
:1006F000207061722E290D0A0D0A0000C40603083D
:10070000D00603086D3C01080100000073657461A8
:100710006C6C6C65646F66660000000073657461E4
:100720006C6C6C65646F66663A0D0A20416C6C20D7
:100730004C454473206F66660D0A0D0A00000000E8
:100740000C0703081C0703080D3D0108000000000A
:100750007365746C65646F6E000000007365746C83
:1007600065646F6E3A0D0A2053657420524742202B
:100770004C4544204F4E28317374207061722E29ED
:100780002C617420612073706563696669632069F8
:100790006E74656E736974792028302D3331252984
:1007A0002028327468207061722E290D0A0D0A000B
:1007B000500703085C070308513D010802000000D0
:1007C000736574616C6C6C65646F6E0073657461E5
:1007D0006C6C6C65646F6E3A0D0A20536574204131
:1007E0006C6C20524742204C454473204F4E206190
:1007F00074206120737065636966696320696E7433
:10080000656E736974792028302D333125292028AD
:10081000317468207061722E290D0A0D0A000000E3
:10082000C0070308CC0703084D3E01080100000083
:100830007363726F6C6C6D6F646500007363726FCD
:100840006C6C6D6F64653A0D0A2053657420736398
:10085000726F6C6C6D6F64652020426173696320F8
:10086000636F6C6F722028317374207061722E294F
:10087000205365636F6E6461727920636F6C6F7271
:1008800028327374207061722E29206174206120D7
:10089000737065636966696320696E74656E7369F8
:1008A00074792028302D333125292028336E642097
:1008B0007061722E29207363726F6C6C54696D6560
:1008C00028346E64207061722E29200A0D526567EB
:1008D0006973746572656420636F6C6F72732061F5
:1008E00072653A09090909090D0A626C61636B2C8A
:1008F0002077686974652C207265642C20626C75A1
:10090000652C20677265656E2C2079656C6C6F773D
:100910002C206379616E2C206D6167656E74612097
:100920002C617175612C707572706C652C6C6967C7
:100930006874626C75652C6F72616E676520616E9C
:100940006420696E6469676F2C200D0A0D0A00002F
:10095000300803083C080308ED3E010804000000CD
:10096000666C6173686D6F6465000000666C61732E
:10097000686D6F64653A0D0A2053657420666C617A
:1009800073686D6F64652020426173696320636FD3
:100990006C6F722028317374207061722E2920537D
:1009A00065636F6E6461727920636F6C6F72283259
:1009B0007374207061722E2920617420612073701D
:1009C00065636966696320696E74656E73697479BD
:1009D0002028302D333125292028336E6420706182
:1009E000722E2920666C61736854696D6528346EB7
:1009F00064207061722E29202074696D65426574CF
:100A00007765656E466C61736828356E6420706129
:100A1000722E29200A0D52656769737465726564C8
:100A200020636F6C6F7273206172653A090909095E
:100A3000090D0A626C61636B2C2077686974652C00
:100A4000207265642C20626C75652C206772656568
:100A50006E2C2079656C6C6F772C206379616E2C1D
:100A6000206D6167656E7461202C617175612C70F9
:100A70007572706C652C6C69676874626C75652C36
:100A80006F72616E676520616E6420696E6469676C
:100A90006F2C200D0A0D0A00600903086C09030879
:100AA0007543010805000000636F6C6F7270696325
:100AB0006B65726D6F646500636F6C6F72706963F4
:100AC0006B65726D6F64653A0D0A2053657420631F
:100AD0006F6C6F727069636B65726D6F64652020F7
:100AE000636F6C6F722028317374207061722E29CD
:100AF000202054696D6528326E64207061722E2941
:100B00002061742061207370656369666963206980
:100B10006E74656E736974792028302D3331252900
:100B20002028336E64207061722E29200A0D5265D0
:100B3000676973746572656420636F6C6F7273208C
:100B40006172653A09090909090D0A626C61636BF2
:100B50002C2077686974652C207265642C20626C87
:100B600075652C20677265656E2C2079656C6C6FDD
:100B7000772C206379616E2C206D6167656E7461DE
:100B8000202C617175612C707572706C652C6C69AC
:100B9000676874626C75652C6F72616E6765206141
:100BA0006E6420696E6469676F2C200D0A0D0A005F
:100BB000A80A0308B80A030839480108030000001E
:100BC000736574636F6C6F72736F6D656C656400D1
:100BD000736574636F6C6F72736F6D656C65643A87
:100BE0000D0A2053657420736574636F6C6F7273A4
:100BF0006F6D656C6564202053746172744C65641C
:100C00002028317374207061722E292020456E6473
:100C10004C65642028326E64207061722E29206336
:100C20006F6C6F722028336E64207061722E2920E1
:100C30006174206120737065636966696320696E01
:100C400074656E736974792028302D33312529201D
:100C500028346E64207061722E29200A0D52656757
:100C60006973746572656420636F6C6F7273206161
:100C700072653A09090909090D0A626C61636B2CF6
:100C80002077686974652C207265642C20626C750D
:100C9000652C20677265656E2C2079656C6C6F77AA
:100CA0002C206379616E2C206D6167656E74612004
:100CB0002C617175612C707572706C652C6C696734
:100CC0006874626C75652C6F72616E676520616E09
:100CD0006420696E6469676F2C200D0A0D0A00009C
:100CE000C00B0308D00B0308014B010804000000EF
:100CF0006D6F74696F6E6D6F646500006D6F746900
:100D00006F6E6D6F64653A0D0A20536574206D6FC8
:100D100074696F6E6D6F6465202062617365636FC7
:100D20006C6F722028317374207061722E2920201C
:100D30007365636F6E64636F6C6F722028326E64CC
:100D4000207061722E292020696E74656E7369743B
:100D5000792028302D333125292028336E642070E6
:100D600061722E29207363616C6564514F4D202898
:100D7000346E64207061722E29200A0D52656769F5
:100D800073746572656420636F6C6F727320617237
:100D9000653A09090909090D0A626C61636B2C2027
:100DA00077686974652C207265642C20626C7565A7
:100DB0002C20677265656E2C2079656C6C6F772CC2
:100DC000206379616E2C206D6167656E7461202CE3
:100DD000617175612C707572706C652C6C696768D7
:100DE00074626C75652C6F72616E676520616E64EC
:100DF00020696E6469676F2C200D0A0D0A000000DF
:100E0000F00C0308FC0C0308354E01080400000038
:100E100063726F73736661646500000063726F7361
:100E200073666164653A0D0A205365742063726FBE
:100E3000737366616465202062617365636F6C6FB4
:100E4000722028317374207061722E2920207365FE
:100E5000636F6E64636F6C6F722028326E642070F3
:100E600061722E29207468697264636F6C6F7220DE
:100E700028336E64207061722E292074696D65209C
:100E800028346E64207061722E29200A0D52656725
:100E90006973746572656420636F6C6F727320612F
:100EA00072653A09090909090D0A626C61636B2CC4
:100EB0002077686974652C207265642C20626C75DB
:100EC000652C20677265656E2C2079656C6C6F7778
:100ED0002C206379616E2C206D6167656E746120D2
:100EE0002C617175612C707572706C652C6C696702
:100EF0006874626C75652C6F72616E676520616ED7
:100F00006420696E6469676F2C200D0A0D0A000069
:100F1000100E03081C0E0308E14F01080400000036
:100F2000666164656D6F64656C65640066616465C7
:100F30006D6F64656C65643A0D0A205365742066B4
:100F40006164656D6F64656C656420206C65642008
:100F500028317374207061722E29202072656420FC
:100F600028326E64207061722E2920677265656E6A
:100F70002028336E64207061722E2920626C7565A2
:100F80002028346E64207061722E2920696E746589
:100F90006E736974792028302D3331252920283546
:100FA0006E64207061722E2920696E6572706F6C9C
:100FB0006174696F6E74696D652028366E64207087
:100FC00061722E290A0D52656769737465726564D2
:100FD00020636F6C6F7273206172653A09090909A9
:100FE000090D0A626C61636B2C2077686974652C4B
:100FF000207265642C20626C75652C2067726565B3
:101000006E2C2079656C6C6F772C206379616E2C67
:10101000206D6167656E7461202C617175612C7043
:101020007572706C652C6C69676874626C75652C80
:101030006F72616E676520616E6420696E646967B6
:101040006F2C200D0A0D0A00200F03082C0F030837
:101050007951010806000000666164656D6F646582
:10106000616C6C6C65640000666164656D6F6465DD
:10107000616C6C6C65643A0D0A205365742066617E
:1010800064656D6F6465616C6C6C6564202072656D
:10109000642028316E64207061722E292067726589
:1010A000656E2028326E64207061722E2920626C79
:1010B00075652028336E64207061722E2920696E58
:1010C00074656E736974792028302D333125292099
:1010D00028346E64207061722E2920696E657270EA
:1010E0006F6C6174696F6E74696D652028356E640C
:1010F000207061722E290A0D5265676973746572DA
:10110000656420636F6C6F7273206172653A0909C0
:101110000909090D0A626C61636B2C207768697498
:10112000652C207265642C20626C75652C206772BA
:1011300065656E2C2079656C6C6F772C2063796106
:101140006E2C206D6167656E7461202C6171756114
:101150002C707572706C652C6C69676874626C7544
:10116000652C6F72616E676520616E6420696E64C4
:1011700069676F2C200D0A0D0A0000005810030843
:1011800068100308A953010805000000A011010818
:10119000A8110108B0110108B8110108C011010817
:1011A000161201081E120108261201082E1201084B
:1011B000361201084C65644D61747269785461732C
:1011C0006B0000001C1B0108761B01080E1A0108A9
:1011D000A61A0108141C0108361C0108B41B0108DA
:1011E000F21B01083C1C0108DE1C0108D81D010887
:1011F0005C1E0108D21E0108AE1F01085020010824
:1012000038210108F2230108AA230108B6230108A6
:10121000C2230108CE230108DA230108E6230108CE
:10122000626C61636B0000007768697465000000A0
:1012300072656400626C75650000000079656C6C15
:101240006F7700006379616E000000006D61676573
:101250006E746100677265656E0000006171756192
:1012600000000000707572706C6500006C69676842
:1012700074626C75650000006F72616E67650000D6
:10128000696E6469676F00004E756D4F664C6564EA
:10129000206973202564202C524742204C4544206D
:1012A0006973202825642C2025642C20256429209E
:1012B000617420696E74656E736974792025642584
:1012C000250A0D0057726F6E67204C65644F757468
:1012D00052616E6765210A0D0000000057726F6E43
:1012E0006720696E74656E73697479210A0D000058
:1012F000414C4C204C656473202C524742204C4595
:1013000044206973202825642C2025642C20256422
:101310002920617420696E74656E73697479202563
:101320006425250A0D0000004E756D4F664C6564FE
:10133000206973202564202C4C454420636F6C6F1A
:101340007220697320257320617420696E74656E44
:101350007369747920256425250A0D00414C4C20C1
:101360004C656473202C4C454420636F6C6F722075
:10137000697320257320617420696E74656E7369CA
:10138000747920256425250A0D0000004E756D4FE7
:10139000664C6564204F4646206973202564200A08
:1013A0000D000000414C4C204C656473204F4646B4
:1013B0000A0D00004E756D4F664C6564204F4E203F
:1013C000697320256420617420696E74656E736989
:1013D000747920256425250A0D000000414C4C201D
:1013E0004C656473204F4E20617420696E74656E85
:1013F0007369747920256425250A0D005363726F83
:101400006C6C4D6F64653A62617365436F6C6F75A8
:101410007220697320257320616E64207363726F7C
:101420006C6C526F7720697320257320616E642085
:10143000696E74656E736974792025642025252092
:10144000616E64207363726F6C6C54696D652069A2
:1014500073202564200A0D00466C6173684D6F642B
:10146000653A62617365436F6C6F757220697320B2
:10147000257320616E6420666C617368436F6C6FC6
:10148000757220697320257320616E6420696E7403
:10149000656E7369747920256420252520616E644A
:1014A00020666C61736854696D65206973202564DA
:1014B00020616E642074696D654265747765656E40
:1014C000466C617368206973202564200A0D000052
:1014D000436F6C6F725069636B65724D6F64653AF0
:1014E000436F6C6F757220697320257320616E6481
:1014F0002054696D6520697320256420616E642025
:10150000616E6420696E74656E73697479202564F8
:10151000202525200A0D000053746172744C656407
:10152000206973202564202C456E644C6564206915
:10153000732025642C4C454420636F6C6F722069C6
:101540007320257320617420696E74656E736974ED
:101550007920256425250A0D00000000626173656D
:1015600020636F6C6F722069732025642C20736573
:10157000636F6E6420636F6C6F72206973202564E3
:101580002C20696E74656E736974792069732025E7
:1015900064252C205363616C6564516F6D20697301
:1015A0002025660A0D0000006261736520636F6C80
:1015B0006F722069732025642C207365636F6E64DD
:1015C00020636F6C6F722069732025642C2074680F
:1015D00069726420636F6C6F722069732025642CBC
:1015E0002074696D652069732025640A0D00000070
:1015F0004C6564206973202564202C524544206981
:10160000732025642C20477265656E206973202540
:10161000642C20426C75652069732025642C204958
:101620006E74656E7369747920697320256425254D
:101630002C20496E746572506F6C6174696F6E54C2
:10164000696D652069732025640A0D0052454420A8
:1016500069732025642C20477265656E20697320AC
:1016600025642C20426C75652069732025642C202C
:10167000496E74656E7369747920697320256425D9
:10168000252C20496E746572506F6C6174696F6EA1
:1016900054696D652069732025640A0D00000000FF
:1016A000081C3044586C8000746F7000626F747452
:1016B0006F6D0000081C3044586C800052657374D4
:1016C000617274696E672E2E2E0D0A004861726475
:1016D0004661756C74204572726F720D0A000000CD
:1016E000537461636B204F766572666C6F770D0A79
:1016F00000000000486561702073697A6520657894
:101700006365656465640D0A00000000081C3044D0
:10171000586C80004D6179203331203230323500F1
:1017200031343A34323A333800000000081C304477
:10173000586C80006A8E0108528E0108568E01088E
:101740005A8E01085E8E0108628E0108668E0108BD
:10175000081C3044586C8000E09201088E92010809
:10176000949201089A920108A2920108A892010895
:10177000AE920108B4920108BA920108C29201081F
:10178000C8920108CE920108D4920108DA920108A9
:10179000081C3044586C800000000000000000006D
:1017A0000000000000000000000000000000000039
:1017B0000000000000000000010000000200000026
:1017C0000300000004000000060000000700000005
:1017D00008000000090000000000000000000000F8
:1017E00000000000000000000100000002000000F6
:1017F0000300000004000000081C3044586C800006
:1018000068656C70000000000D0A68656C703A0D28
:101810000A204C6973747320616C6C2074686520B5
:101820007265676973746572656420636F6D6D615D
:101830006E64732E2054797065202768656C702063
:10184000706172616D732720746F206C69737420EE
:10185000617661696C61626C6520706172616D6551
:101860007465727320616E6420746865697220709B
:101870006F737369626C652076616C7565730D0AB0
:101880000D0A00000018030808180308E5D5010830
:10189000FF000000496E636F727265637420636FAE
:1018A0006D6D616E6420706172616D657465722822
:1018B00073292E2020456E746572202268656C7035
:1018C0002220746F20766965772061206C697374BB
:1018D000206F6620617661696C61626C6520636F60
:1018E0006D6D616E64732E0D0A0D0A00436F6D6D90
:1018F000616E64206E6F74207265636F676E6973CA
:1019000065642E2020456E746572202268656C70B7
:101910002220746F20766965772061206C6973746A
:10192000206F6620617661696C61626C6520636F0F
:101930006D6D616E64732E0D0A0D0A007061726127
:101940006D73000049444C450000000009256309FF
:1019500025750925750925750D0A0000E8FA0108A5
:10196000F2FA0108FCFA010806FB010810FB010865
:101970000925750909257525250D0A00092575090B
:10198000093C3125250D0A001AFE0108DCFD01087D
:10199000EAFD0108F6FD0108FEFD010822FF01082D
:1019A000E4FE0108F2FE0108FEFE010806FF010840
:1019B000546D7220537663007405020874050208A2
:1019C00074050208D8050208EC0502081C06020886
:1019D0007405020874050208D8050208EC0502081F
:1019E000546D725100000000081C3044586C800097
:1019F000010002000400060008000A000C001000AC
:101A00002000400080000001081C3044586C800019
:101A1000010101030701000008040204080101019B
:101A20003E0A00086E09000886090008A40900089B
:101A300086090008E809000886090008A4090008CA
:101A40006E0900086E090008E8090008A4090008EA
:101A50008E0900088E0900088E090008F2090008A6
:101A60006E0900086E090008860900087C0A000853
:101A700086090008E8090008860900087C0A0008B1
:101A80006E0900086E090008E80900087C0A0008D1
:101A90008E0900088E0900088E0900080C1B00083A
:101AA000FE1A0008DC1A0008081B0008DC1A0008EF
:101AB000F21D0008DC1A0008081B0008FE1A0008C6
:101AC000FE1A0008F21D0008081B0008C41A0008CE
:101AD000C41A0008C41A0008641E00082E00000082
:101AE00034000000CEFBFFFFCB030000010000002C
:101AF0000000000035000000CEFBFFFFCB0300001C
:101B00000100000000000000BC89D897B2D29C3CC4
:101B100033A7A8D523F649393DA7F444FD0FA532D4
:101B20009D978CCF08BA5B25436FAC64280668117B
:101B3000002020202020202020202828282828209D
:101B40002020202020202020202020202020202095
:101B500020881010101010101010101010101010FD
:101B600010040404040404040404041010101010ED
:101B700010104141414141410101010101010101B7
:101B80000101010101010101010101011010101009
:101B90001010424242424242020202020202020289
:101BA00002020202020202020202020210101010DD
:101BB0002000000000000000000000000000000005
:101BC0000000000000000000000000000000000015
:101BD0000000000000000000000000000000000005
:101BE00000000000000000000000000000000000F5
:101BF00000000000000000000000000000000000E5
:101C000000000000000000000000000000000000D4
:101C100000000000000000000000000000000000C4
:101C200000000000000000000000000000000000B4
:101C3000004300504F5349580042616C6C6F632061
:101C4000737563636565646564002F6275696C64B0
:101C50002F676E752D746F6F6C732D666F722D7399
:101C6000746D33325F31322E332E72656C312E3209
:101C7000303234303932362D313731352F7372638B
:101C80002F6E65776C69622F6E65776C69622F6C59
:101C90006962632F7374646C69622F6764746F6127
:101CA0002D6765746865782E63002F6275696C64B2
:101CB0002F676E752D746F6F6C732D666F722D7339
:101CC000746D33325F31322E332E72656C312E32A9
:101CD000303234303932362D313731352F7372632B
:101CE0002F6E65776C69622F6E65776C69622F6CF9
:101CF0006962632F7374646C69622F6D70726563BF
:101D00002E63000005000000190000007D000000A7
:101D10000080E03779C34143176E05B5B5B89346E7
:101D2000F5F93FE9034F384D321D30F94877825AB3
:101D30003CBF737FDD4F1575000000000000F03FD1
:101D40000000000000002440000000000000594096
:101D50000000000000408F40000000000088C340E9
:101D600000000000006AF8400000000080842E415E
:101D700000000000D01263410000000084D79741AA
:101D80000000000065CDCD41000000205FA00242B0
:101D9000000000E876483742000000A2941A6D4225
:101DA000000040E59C30A2420000901EC4BCD64218
:101DB00000003426F56B0C430080E03779C34143C3
:101DC00000A0D8855734764300C84E676DC1AB4339
:101DD000003D9160E458E143408CB5781DAF154457
:101DE00050EFE2D6E41A4B4492D54D06CFF0804432
:101DF000F64AE1C7022DB544B49DD9794378EA4447
:101E0000494E4600696E66004E414E006E616E009E
:101E10003031323334353637383961626364656660
:101E20000030313233343536373839414243444556
:101E300046003000303030303030303030303030EC
:101E40003030303020202020202020202020202052
:101E5000202020202C2066756E6374696F6E3A20F6
:101E600000617373657274696F6E2022257322207E
:101E70006661696C65643A2066696C652022257329
:101E8000222C206C696E65202564257325730A0059
:101E9000496E66696E697479004E614E002F6275F5
:101EA000696C642F676E752D746F6F6C732D666F20
:101EB000722D73746D33325F31322E332E72656C36
:101EC000312E32303234303932362D313731352FF0
:101ED0007372632F6E65776C69622F6E65776C69BC
:101EE000622F6C6962632F7374646C69622F64740F
:101EF0006F612E6300303030303030303030303071
:101F00003030303030202020202020202020202081
:081F1000202020202000000029
:081F1800C0E7FC7F010000009E
:081F2000898D0208E9000008A8
:041F2800C1000008EC
:101F2C0064D902086CD9020874D9020880D9020855
:101F3C008CD9020894D90208A0D90208A8D90208A1
:101F4C00ACD90208B0D90208B4D90208B8D9020831
:101F5C00BCD90208C0D90208C4D90208C8D90208E1
:101F6C00CCD90208D0D90208D4D90208D8D9020891
:101F7C0004DA020830DA020804DB020830DB02085B
:101F8C005CDB020884DB0208ACDB020894DC020890
:101F9C00C8DC0208CCDD0208FF00290001010000AA
:101FAC001E00320005FA000000100E0000180000A0
:101FBC0000000000000000000000000000E102082A
:101FCC0094E3020898E3020814F7020828F70208C1
:101FDC0044F7020864F7020874F70208A4F7020831
:101FEC0010F8020874F802088CF80208CCF8020801
:101FFC0000F9020840F9020864F9020890F9020895
:10200C00ACF902088CF80208CCF8020800F90208B6
:10201C00CCF9020800FA020828FA02083CFA020875
:10202C006CFA020820FB020864F7020834FB020871
:10203C003CFB020858FB020820FB02086CFB020860
:10204C008CFB0208B4FB020864F70208F4FB0208DC
:10205C001CFC020848FC020860FC020874FC020824
:10206C009CFC0208ACFC0208C0FC0208D8FC02086C
:10207C00F8FC020830FD02083CFD020850FD020885
:10208C0068FD020878FD020880FD02088CFD02083C
:10209C0044FE020860FE020878FE0208B0FE020848
:1020AC00D4FE0208B0FE02080CFF0208B0FE0208C3
:1020BC0044FF020868FF020878FF020890FF02083C
:1020CC0068FF0208B0FF0208CCFF0208E8FF020814
:1020DC00FCFF02085000030868FF02086C000308AC
:1020EC008000030880000308010000008812030828
:1020FC00C4120308DC120308F0120308DC120308F4
:10210C0028130308C4120308DC1203085C13030829
:10211C00DC1203088C130308C4120308A41303086D
:10212C00B4130308C4120308DC120308DC130308FD
:10213C00DC120308FC130308DC1203085814030810
:10214C00DC120308D0140308DC120308181503086A
:10215C00C4120308DC1203085C150308C41203083C
:10216C00DC120308A8150308C4120308DC120308C8
:10217C00F0150308C4120308DC1203084C160308FC
:10218C00C4120308DC120308BC1603080024F40074
:10219C0020000000841803080000000074020020D6
:1021AC00AAAAAAAA0400000001000000FFFFFFFF7A
:1021BC00000002000000000000000000940200205B
:1021CC00940200209C0200209C020020A40200200B
:1021DC00A4020020AC020020AC020020B4020020BB
:1021EC00B4020020BC020020BC020020C40200206B
:1021FC00C4020020CC020020CC020020D40200201B
:10220C00D4020020DC020020DC020020E4020020CA
:10221C00E4020020EC020020EC020020F40200207A
:10222C00F4020020FC020020FC0200200403002029
:10223C00040300200C0300200C03002014030020D6
:10224C00140300201C0300201C0300202403002086
:10225C00240300202C0300202C0300203403002036
:10226C00340300203C0300203C03002044030020E6
:10227C00440300204C0300204C0300205403002096
:10228C00540300205C0300205C0300206403002046
:10229C00640300206C0300206C03002074030020F6
:1022AC00740300207C0300207C03002084030020A6
:1022BC00840300208C0300208C0300209403002056
:1022CC00940300209C0300209C030020A403002006
:1022DC00A4030020AC030020AC030020B4030020B6
:1022EC00B4030020BC030020BC030020C403002066
:1022FC00C4030020CC030020CC030020D403002016
:10230C00D4030020DC030020DC030020E4030020C5
:10231C00E4030020EC030020EC030020F403002075
:10232C00F4030020FC030020FC0300200404002024
:10233C00040400200C0400200C04002014040020D1
:10234C00140400201C0400201C0400202404002081
:10235C00240400202C0400202C0400203404002031
:10236C00340400203C0400203C04002044040020E1
:10237C00440400204C0400204C0400205404002091
:10238C00540400205C0400205C0400206404002041
:10239C00640400206C0400206C04002074040020F1
:1023AC00740400207C0400207C04002084040020A1
:1023BC00840400208C0400208C0400209404002051
:1023CC00940400209C0400209C040020A404002001
:1023DC00A4040020AC040020AC040020B4040020B1
:1023EC00B4040020BC040020BC040020C404002061
:1023FC00C4040020CC040020CC040020D404002011
:10240C00D4040020DC040020DC040020E4040020C0
:10241C00E4040020EC040020EC040020F404002070
:10242C00F4040020FC040020FC040020040500201F
:10243C00040500200C0500200C05002014050020CC
:10244C00140500201C0500201C050020240500207C
:10245C00240500202C0500202C050020340500202C
:10246C00340500203C0500203C05002044050020DC
:10247C00440500204C0500204C050020540500208C
:10248C00540500205C0500205C050020640500203C
:10249C00640500206C0500206C05002074050020EC
:1024AC00740500207C0500207C050020840500209C
:1024BC00840500208C0500208C050020940500204C
:1024CC00940500209C0500209C050020A4050020FC
:1024DC00A4050020AC050020AC050020B4050020AC
:1024EC00B4050020BC050020BC050020C40500205C
:1024FC00C4050020CC050020CC050020D40500200C
:10250C00D4050020DC050020DC050020E4050020BB
:10251C00E4050020EC050020EC050020F40500206B
:10252C00F4050020FC050020FC050020040600201A
:10253C00040600200C0600200C06002014060020C7
:10254C00140600201C0600201C0600202406002077
:10255C00240600202C0600202C0600203406002027
:10256C00340600203C0600203C06002044060020D7
:10257C00440600204C0600204C0600205406002087
:10258C00540600205C0600205C0600206406002037
:10259C00640600206C0600206C06002074060020E7
:1025AC00740600207C0600207C0600208406002097
:1025BC00840600208C0600208C0600200000000001
:1025CC0003000000989A0120430000000000000066
:1025DC0000000000000000000000000000000000EF
:1025EC00000000000000000043000000000000009C
:1025FC0000000000000000000000000000000000CF
:10260C00000000000000000043000000000000007B
:10261C0000000000000000000000000000000000AE
:10262C00000000000000000043000000000000005B
:10263C00000000000000000000000000000000008E
:10264C00000000000000000043000000000000003B
:10265C00000000000000000000000000000000006E
:10266C00000000000000000043000000000000001B
:10267C00000000000000000000000000000000004E
:10268C0000000000000000004300000000000000FB
:10269C00000000000000000000000000000000002E
:1026AC0000000000000000008D9F020875960208D3
:1026BC0000000000301B0308DC1A03088F1E0308FF
:1026CC008F1E03088F1E03088F1E03088F1E03081E
:1026DC008F1E03088F1E03088F1E03088F1E03080E
:1026EC00FFFFFFFFFFFFFFFFFFFFFFFFFFFF0000EC
:1026FC000100415343494900000000000000000064
:10270C0000000000000000000000000000000000BD
:10271C000000415343494900000000000000000044
:10272C00000000000000000000000000000000009D
:10273C00000000001808002000000000989A0120FA
:10274C00009B0120689B012000000000000000009D
:10275C00000000000000000000000000000000006D
:10276C00000000000000000000000000000000005D
:10277C00000000000000000000000000000000004D
:10278C00000000000000000000000000000000003D
:10279C00000000000000000000000000000000002D
:1027AC00000000000000000000000000000000001D
:1027BC00000000000000000000000000000000000D
:1027CC0000000000000000000000000000000000FD
:1027DC0001000000000000000E33CDAB34126DE69A
:1027EC00ECDE05000B000000000000000000000003
:1027FC0000000000000000000000000000000000CD
:10280C0000000000000000000000000000000000BC
:10281C0000000000000000000000000000000000AC
:10282C00000000000000000000000000000000009C
:10283C00000000000000000000000000000000008C
:10284C00000000000000000000000000000000007C
:10285C000000000000000000D99B012080B588B06A
:10286C0000AF786039601F23FB1800221A707B6858
:10287C00BB613B687B611A4B5A69194B8021C902B9
:10288C000A435A61EFF31083FB60FB683B6172B63D
:10289C00C0460FE07A69BB6912681A607B69043321
:1028AC007B61BB690433BB611F217B181A787B18D1
:1028BC0001321A701F23FB181B783F2BEAD9C04634
:1028CC00074B1A69C0239B021340F9D13B69BB60CB
:1028DC00BB6883F31088C046C046BD4608B080BDB7
:0428EC000020024086
:040000050801915508
:00000001FF
